step,type,amount,nameOrig,oldbalanceOrg,newbalanceOrig,nameDest,oldbalanceDest,newbalanceDest,isFraud,isFlaggedFraud
103,CASH_OUT,38.57,C5596811793,75.06,36.49,M593587156,86.24,124.81,0,0
436,PAYMENT,147.11,C9985080983,77.02,0.0,M603748578,17.56,164.67,0,0
271,PAYMENT,27275.36,C8988680186,20.53,0.0,M421777481,575.9,27851.26,0,0
107,CASH_IN,68.17,C7339872763,2808.86,2740.69,C7062717579,3026.91,3095.08,0,0
72,CASH_OUT,1432.34,C1954895183,1147.39,0.0,M404958397,876.87,2309.21,0,0
701,PAYMENT,343.63,C1945699390,6434.83,6091.2,M794035158,234.6,578.23,0,0
21,PAYMENT,849.77,C2713349954,411.69,0.0,M780950693,79.93,929.7,0,0
615,CASH_OUT,145.69,C3442473523,210.74,65.05,M469048570,30514.52,30660.21,0,0
122,CASH_OUT,4116.23,C4266159584,880.36,0.0,M522527692,99.85,4216.08,0,0
467,CASH_OUT,947.37,C2165469106,6337.56,5390.19,M207394626,97.96,1045.33,0,0
215,CASH_IN,1001.52,C8432299178,2320.64,1319.12,C8510263389,8.11,1009.63,0,0
331,CASH_OUT,491.66,C4679698590,1132.69,641.03,M857116456,32178.38,32670.04,0,0
459,CASH_IN,4973.72,C7806540666,5773.06,799.34,C1543982906,5.84,4979.56,0,0
88,TRANSFER,1236.83,C1434182348,1110.56,0.0,C9162123964,4341.15,5577.98,0,0
373,CASH_IN,847.09,C7943951096,249.93,0.0,C2214333616,1804.54,2651.63,0,0
100,CASH_OUT,1488.15,C3087269021,10602.56,9114.41,M960093994,121.33,1609.48,0,0
664,CASH_IN,11.94,C3544851556,48.38,36.44,C7657784520,712.65,724.59,0,0
131,CASH_OUT,587.29,C6894572974,31.47,0.0,M406151955,1292.59,1879.88,0,0
662,PAYMENT,354.94,C8173315070,1030.34,675.4,M399672908,116854.58,117209.52,0,0
309,CASH_IN,4176.25,C8365746461,1359.11,0.0,C7084896730,32861.93,37038.18,0,0
344,PAYMENT,99.28,C7785248232,1963.64,1864.36,M848811235,2554.56,2653.84,0,0
492,PAYMENT,603.18,C9393138007,483.46,0.0,M896076155,759.53,1362.71,0,0
414,CASH_OUT,18914.44,C4932650539,32296.47,13382.03,M763559225,2135.9,21050.34,0,0
386,PAYMENT,383.2,C3345624313,25.88,0.0,M992696323,726.25,1109.45,0,0
192,PAYMENT,28.2,C1883357002,1536.81,1508.61,M164542791,982.18,1010.38,0,0
277,CASH_OUT,31190.85,C4913309491,7307.2,0.0,M119980735,79.39,31270.24,0,0
161,TRANSFER,96.44,C4218676562,34922.25,34825.81,C2133904596,340.51,436.95,0,0
460,TRANSFER,50.42,C9756458386,30816.92,30766.5,C4619706337,2831.39,2881.81,0,0
314,CASH_IN,54.56,C3598217373,70.78,16.22,C5667715100,463.0,517.56,0,0
22,PAYMENT,1729.05,C5580468222,2711.74,982.69,M989151803,1374.92,3103.97,0,0
253,CASH_IN,5407.6,C1214022629,642.19,0.0,C4757641784,111.22,5518.82,0,0
561,CASH_IN,13640.6,C6004228180,1045.9,0.0,C7104553336,358.93,13999.53,0,0
475,CASH_IN,415.98,C3058172641,18672.83,18256.85,C2240101076,18.36,434.34,0,0
59,PAYMENT,56.05,C3946453006,126731.23,126675.18,M142020539,2919.15,2975.2,0,0
511,CASH_OUT,129.04,C9864490834,2105.43,1976.39,M939954544,5.01,134.05,0,0
682,CASH_OUT,431.46,C5543000913,7.66,0.0,M505217601,1340.47,1771.93,0,0
476,PAYMENT,386.69,C3087754104,16.93,0.0,M266827058,13.2,399.89,0,0
700,PAYMENT,5522.56,C1198976909,976.28,0.0,M703857417,37.68,5560.24,0,0
190,CASH_IN,28.93,C9560125864,13278.63,13249.7,C3995505587,34.58,63.51,0,0
687,CASH_OUT,43.34,C8224505999,153.92,110.58,M878455275,,3501.88,0,0
563,CASH_OUT,217.1,C3473630801,679.98,462.88,M368699960,19.54,236.64,0,0
567,PAYMENT,844.22,C2843021559,62615.7,61771.48,M212331604,253.79,1098.01,0,0
244,PAYMENT,166.45,C3276631482,406.99,240.54,M273384533,142.03,308.48,0,0
505,CASH_OUT,141.43,C8962974186,87739.22,87597.79,M410285014,212.9,354.33,0,0
131,PAYMENT,4219.59,C5418656089,374.02,0.0,M982207605,2617.9,6837.49,0,0
485,PAYMENT,1036.81,C3276725591,10516.24,9479.43,M181939467,293.17,1329.98,0,0
647,CASH_IN,56.29,C8887986143,1328.94,1272.65,C3713484065,282.02,338.31,0,0
21,PAYMENT,145.56,C9708503042,7643.31,7497.75,M767186648,41.25,186.81,0,0
167,CASH_OUT,1134.14,C9811222296,166308.97,165174.83,M428935873,37.29,1171.43,0,0
274,PAYMENT,32.39,C3555521729,3131.22,3098.83,M496071336,12.13,44.52,0,0
388,CASH_IN,1120.43,C7941928160,25659.88,24539.45,C2306997429,165.96,1286.39,0,0
601,CASH_OUT,202.84,C7707888519,117.15,0.0,M419692564,16522.69,16522.69,1,0
316,CASH_IN,833.49,C1960249079,106.85,0.0,C7430942159,632.38,1465.87,0,0
14,PAYMENT,512.72,C7709779421,18.52,0.0,M506096333,465.52,978.24,0,0
242,CASH_IN,43.18,C1352677946,78.33,35.15,C4771563309,8.24,51.42,0,0
346,CASH_IN,112.93,C9298133598,48686.97,48574.04,C7585056617,6546.58,6659.51,0,0
565,CASH_OUT,7293.96,C8302452567,2511.55,0.0,M498262230,22115.44,29409.4,0,0
340,CASH_IN,46288.26,C5219965940,562.0,0.0,C2120446807,49.81,46338.07,0,0
92,CASH_OUT,12.25,C1059344318,1827.1,1814.85,M434368059,35.14,47.39,0,0
367,CASH_IN,3249.47,C9922408873,6005.86,2756.39,C2219127383,14708.21,17957.68,0,0
455,PAYMENT,728.68,C1945742075,7679.16,6950.48,M216372254,1062.32,1791.0,0,0
428,PAYMENT,25966.6,C1413458806,1893.99,0.0,M869871763,29647.98,55614.58,0,0
509,CASH_IN,132.02,C3090587254,34779.85,34647.83,C8141905087,7678.66,7810.68,0,0
35,CASH_IN,2432.24,C1381771473,96.84,0.0,C1525283199,3.3,2435.54,0,0
206,CASH_OUT,220.24,C7514909893,456.38,236.14,M600900075,21528.12,21748.36,0,0
81,PAYMENT,5233.35,C1558642972,20448.34,15214.99,M498236682,559.02,5792.37,0,0
562,PAYMENT,41051.22,C1426689756,11978.79,0.0,M979244943,427.25,41478.47,0,0
388,PAYMENT,617.78,C6626491117,2771.3,2153.52,M173991587,437.79,1055.57,0,0
2,CASH_IN,41.35,C4755594491,282.23,240.88,C4426561370,331.82,373.17,0,0
390,PAYMENT,6820.89,C5119517037,7855.1,1034.21,M679175323,9.02,6829.91,0,0
566,CASH_OUT,1250.08,C2976523594,112.97,0.0,M797740895,12872.58,14122.66,0,0
106,CASH_IN,859.25,C6636892981,21058.07,20198.82,C4407621319,,960.34,0,0
477,CASH_OUT,9570.85,C9629033419,49232.4,39661.55,M922856631,185.12,9755.97,0,0
703,PAYMENT,41.46,C4522339678,259.75,218.29,M689204144,1709.48,1750.94,0,0
402,CASH_OUT,96.32,C1726753749,708441.86,708345.54,M962894900,32021.35,32117.67,0,0
730,CASH_OUT,1324.16,C8378377706,90.62,0.0,M327961194,327.28,1651.44,0,0
556,CASH_OUT,92.12,C1476699109,683.64,591.52,M418376259,664.78,756.9,0,0
162,PAYMENT,214.43,C1291619785,642.84,428.41,M695948979,13403.0,13617.43,0,0
202,CASH_IN,5164.35,C8515630381,845.95,0.0,C3369219787,1661.65,6826.0,0,0
270,CASH_OUT,959.02,C7861297934,38641.2,37682.18,M874886047,1303.36,2262.38,0,0
271,CASH_OUT,38.18,C8368131222,3275.83,3237.65,M862390714,0.29,38.47,0,0
456,CASH_IN,912.39,C6994382572,137.21,0.0,C9153485545,191.66,1104.05,0,0
462,CASH_OUT,4808.53,C9155284860,1440.27,0.0,M421176582,614.83,5423.36,0,0
727,CASH_IN,568.54,C5044934604,5756.2,5187.66,C8286952146,599.21,1167.75,0,0
252,CASH_OUT,2306.76,C1840590616,4032.16,1725.4,M150330257,3984.95,6291.71,0,0
702,CASH_IN,143.45,C9208708139,23282.45,23139.0,C8669368662,18.95,162.4,0,0
296,CASH_OUT,678.41,C4060939483,1371.24,692.83,M995048657,31.25,709.66,0,0
725,CASH_IN,17.23,C4814523957,8094.91,8077.68,C2146657717,4585.22,4602.45,0,0
720,CASH_IN,1421.5,C8520924748,768.26,0.0,C1556634049,6146.45,7567.95,0,0
338,PAYMENT,829.03,C4686954819,217.7,0.0,M571643713,30.41,859.44,0,0
53,CASH_OUT,30.55,C8733545195,63.22,32.67,M342491025,790.66,821.21,0,0
217,CASH_IN,8448.62,C6615698208,55062.02,46613.4,C9442175720,219.2,8667.82,0,0
188,PAYMENT,1264.29,C8085584774,25.23,0.0,M306811593,80.59,1344.88,0,0
380,CASH_OUT,100.95,C2389277939,2069.61,1968.66,M312435044,20.11,121.06,0,0
493,CASH_OUT,1498.55,C1182883464,3053.7,1555.15,M719716511,42.86,1541.41,0,0
41,CASH_IN,56.32,C5243841773,94.47,38.15,C2421743255,51.73,108.05,0,0
157,CASH_OUT,74.27,C6272245311,10429.32,10355.05,M692442324,19520.97,19595.24,0,0
15,PAYMENT,56.91,C7002390685,37.48,0.0,M446779116,1391.74,1448.65,0,0
65,PAYMENT,53.72,C9381049874,257.44,203.72,M858339366,820.88,874.6,0,0
521,CASH_IN,967.99,C3081631744,12230.96,11262.97,C9084263678,24.53,992.52,0,0
344,TRANSFER,487.38,C4412779767,42.44,0.0,C7707342118,11068.7,11556.08,0,0
129,DEBIT,1801.62,C6973919693,8454.46,6652.84,M669493317,14874.8,16676.42,0,0
648,CASH_OUT,1.43,C9786327359,17844.64,17843.21,M258635304,744.85,746.28,0,0
472,CASH_IN,184.37,C7175575410,16039.5,15855.13,C5835513017,562.25,746.62,0,0
63,CASH_OUT,189.65,C6536786113,2795.99,2606.34,M651563125,565.98,755.63,0,0
139,PAYMENT,448.21,C9758212856,134.78,0.0,M431942528,2568.32,3016.53,0,0
499,PAYMENT,425.62,C6177680892,92.24,0.0,M766064535,10.46,436.08,0,0
593,CASH_OUT,636.62,C6105814463,311.55,0.0,M791759278,28.17,664.79,0,0
392,TRANSFER,481.85,C1709776766,0.51,0.0,C2642867262,54.59,536.44,0,0
675,CASH_OUT,161.16,C9774747748,1162.16,1001.0,M279168145,124.62,285.78,0,0
419,PAYMENT,181.44,C3012578153,822.37,640.93,M932372115,865.52,1046.96,0,0
289,CASH_IN,362.99,C4336043174,1325.72,962.73,C6672190065,5137.32,5500.31,0,0
379,CASH_IN,1106.86,C4999388986,601.52,0.0,C9566191204,4131.87,5238.73,0,0
490,CASH_OUT,478.28,C7035462417,1705.71,1227.43,M291353178,7.93,486.21,0,0
231,PAYMENT,83.9,C1540690999,1336.98,1253.08,M470216358,45611.11,45695.01,0,0
41,CASH_IN,75.47,C5455784433,28.5,0.0,C2895493645,101413.6,101489.07,0,0
28,CASH_OUT,1118.55,C1279288732,2208.1,1089.55,M130000226,24491.33,25609.88,0,0
135,PAYMENT,1834.97,C2960005794,1040.31,0.0,M824291839,71.94,,0,0
201,CASH_OUT,3435.88,C8620350191,14.66,0.0,M515785695,117.77,3553.65,0,0
33,PAYMENT,151.13,C8469803207,10270.84,10119.71,M145748652,7.86,158.99,0,0
48,CASH_IN,9.44,C7030099102,520.23,510.79,C3580534816,825.57,835.01,0,0
503,PAYMENT,865.48,C2053467689,5372.65,4507.17,M557060108,796.62,1662.1,0,0
407,PAYMENT,96.42,C9574925483,981.69,885.27,M635191879,162.4,258.82,0,0
574,PAYMENT,328.08,C5197371920,12.8,0.0,M501442405,41.11,369.19,0,0
728,PAYMENT,542.65,C9922597621,2051.44,1508.79,M792568493,703.43,1246.08,0,0
99,CASH_OUT,1220.85,C8248489156,3793.4,2572.55,M213053896,264.31,1485.16,0,0
684,CASH_OUT,2407.63,C3285430365,20462.76,18055.13,M624444601,1068.16,3475.79,0,0
726,PAYMENT,4185.03,C5250703772,10909.15,6724.12,M382433643,20015.3,24200.33,0,0
547,PAYMENT,5645.63,C8529001351,21933.97,16288.34,M478343835,2149.72,7795.35,0,0
739,PAYMENT,496.75,C7430548122,6910.97,6414.22,M924324224,739.75,1236.5,0,0
613,CASH_OUT,13.77,C5901318534,320.82,307.05,M433494414,661.84,675.61,0,0
462,PAYMENT,119.21,C5786503709,340.33,221.12,M503983238,30.12,149.33,0,0
643,CASH_OUT,6742.95,C4887642885,12995.32,6252.37,M519073483,354.41,7097.36,0,0
5,TRANSFER,543.22,C2306684261,415.3,0.0,C3634027124,878.48,1421.7,0,0
218,PAYMENT,31468.72,C8333889270,4124.05,0.0,M887024951,4047.49,35516.21,0,0
503,CASH_OUT,189.05,C3255783702,78696.22,78507.17,M774536351,2156.81,2345.86,0,0
398,CASH_OUT,41180.74,C1461590842,233.97,0.0,M694335465,211.38,41392.12,0,0
393,TRANSFER,402.21,C2625772575,6773.37,6371.16,C4080521588,12523.96,12926.17,0,0
207,CASH_OUT,174.25,C2454033328,147.29,0.0,M723245336,3.09,177.34,0,0
15,CASH_IN,97.19,C8953143019,4750.51,4653.32,C2625643100,1671.2,1768.39,0,0
554,CASH_OUT,1509.76,C1121732242,61959.28,60449.52,M595302813,37.05,1546.81,0,0
461,TRANSFER,23.9,C4360975118,31160.5,31136.6,C9611483142,18575.82,18599.72,0,0
691,CASH_IN,134.36,C2120818740,418.74,284.38,C1627370630,4803.28,4937.64,0,0
575,PAYMENT,363.16,C9961056442,56068.68,55705.52,M816224098,10.21,373.37,0,0
743,CASH_OUT,4.41,C6444005474,625.23,620.82,M257909701,32.78,37.19,0,0
241,CASH_OUT,332.0,C9819031477,334766.15,334434.15,M361285397,5.3,337.3,0,0
564,PAYMENT,12594.22,C2503729803,1189.22,0.0,M679830586,2684.52,15278.74,0,0
96,PAYMENT,957.1,C8074550226,5750.69,4793.59,M837864077,1250.26,2207.36,0,0
734,CASH_OUT,108.19,C1388674359,5329.92,5221.73,M854744852,3901.43,4009.62,0,0
485,CASH_OUT,155.13,C5458470146,71.18,0.0,M192845585,0.51,155.64,0,0
407,PAYMENT,791.79,C4332427871,34223.42,33431.63,M911684911,51.92,843.71,0,0
231,PAYMENT,145.26,C3296247381,1898.58,1753.32,M389554524,2531.7,2676.96,0,0
655,CASH_OUT,1029.8,C3923331427,273.21,0.0,M313532697,9801.37,10831.17,0,0
171,CASH_OUT,137.28,C8266288332,167.63,30.35,M914558246,168.92,306.2,0,0
541,DEBIT,52.01,C2749564634,243.05,191.04,M633622948,827.67,879.68,0,0
36,PAYMENT,4279.5,C6041186001,904.71,0.0,M856724159,2853.6,7133.1,0,0
525,CASH_IN,1665.83,C3060585669,76.1,0.0,C5911268332,19224.16,20889.99,0,0
160,PAYMENT,9.24,C6998044568,142.46,133.22,M863138493,8.26,17.5,0,0
699,CASH_OUT,205.67,C1465771700,14.58,0.0,M115973859,237.24,442.91,0,0
243,CASH_OUT,3248.27,C9805230709,145.01,0.0,M240112539,8.97,3257.24,0,0
86,CASH_OUT,289.37,C1374251743,33221.09,32931.72,M683538570,1273.51,1562.88,0,0
578,CASH_IN,126.33,C3912385846,22096.29,21969.96,C3094707467,10.82,137.15,0,0
682,PAYMENT,243.45,C1673972516,2154.15,1910.7,M554261275,403.0,646.45,0,0
557,CASH_OUT,503.63,C2884149763,212306.41,211802.78,M700167454,539.98,1043.61,0,0
574,TRANSFER,281.67,C4739414187,22858.95,22577.28,C3174847927,53.3,334.97,0,0
646,CASH_OUT,341.94,C9116031145,3251.15,2909.21,M674675440,4935.87,5277.81,0,0
28,DEBIT,298.9,C7179169936,4267.4,3968.5,M265405951,725.26,1024.16,0,0
620,DEBIT,57.56,C6615296119,1369.2,1311.64,M610045367,453.62,511.18,0,0
556,CASH_OUT,51.92,C7090904969,47.07,0.0,M955101852,71.36,123.28,0,0
340,CASH_OUT,45.61,C8597414829,563.25,517.64,M941761668,246.36,291.97,0,0
331,PAYMENT,484.44,C2042133585,1.67,0.0,M729794422,41.63,526.07,0,0
640,PAYMENT,1294.05,C6101226807,71.1,0.0,M194240546,184.31,1478.36,0,0
506,PAYMENT,61.4,C1870412812,35241.17,35179.77,M450414716,415.5,476.9,0,0
348,TRANSFER,20.08,C1704154953,1330.83,1310.75,C2702600050,263644.07,263664.15,0,0
473,CASH_IN,70.62,C2484955996,76.3,5.68,C1564760136,333.26,403.88,0,0
231,CASH_OUT,6666.21,C7381752855,4095.25,0.0,M720450262,68.27,6734.48,0,0
190,CASH_OUT,215.68,C3388875802,4968.7,4753.02,M674985082,16.19,231.87,0,0
225,PAYMENT,262.91,C4685447624,51800.87,51537.96,M670318773,1994.88,2257.79,0,0
385,CASH_OUT,81.82,C5779799691,93498.63,93416.81,M818521588,29.53,111.35,0,0
377,CASH_IN,1265.74,C2605354262,7731.51,6465.77,C3568929644,1044.6,2310.34,0,0
283,CASH_OUT,315.24,C6978172735,24.86,0.0,M760706906,12807.76,13123.0,0,0
633,CASH_OUT,94.32,C8754569060,328043.54,327949.22,M296867406,2690.92,2785.24,0,0
628,CASH_OUT,51.33,C4144743479,32320.68,32269.35,M240271191,38.87,90.2,0,0
259,CASH_IN,858.94,C3554835181,9163.6,8304.66,C5202828980,731.04,1589.98,0,0
359,CASH_OUT,684.01,C3894569938,1051.86,367.85,M507083813,10185.77,,0,0
710,CASH_IN,33.9,C4079196861,22.77,0.0,C4388254472,938.49,972.39,0,0
456,PAYMENT,4697.4,C4914281628,270.41,0.0,M715390040,241.61,4939.01,0,0
411,CASH_IN,111.75,C8022885501,965.57,853.82,C3083727348,3773.26,3885.01,0,0
649,PAYMENT,4.71,C2210757301,402.52,397.81,M292294917,1422.48,1427.19,0,0
318,CASH_OUT,8580.68,C1515736735,16875.87,8295.19,M490123046,565.52,9146.2,0,0
677,CASH_IN,328.62,C7929159137,905.69,577.07,C4216843857,,2531.5,0,0
225,CASH_OUT,961.93,C7645111197,157.33,0.0,M621530211,834.05,1795.98,0,0
234,PAYMENT,11436.58,C6275369260,3834.58,0.0,M471314944,127.68,11564.26,0,0
684,CASH_OUT,54.31,C2784101892,137.96,83.65,M964096396,659.04,713.35,0,0
664,CASH_IN,1052.23,C9373009706,18.55,0.0,C5748848659,211.33,1263.56,0,0
374,TRANSFER,4232.96,C6833563889,3918.98,0.0,C9532876129,7190.13,11423.09,0,0
672,PAYMENT,62.24,C8880359860,914.85,852.61,M316610897,204.38,266.62,0,0
608,PAYMENT,7489.92,C5927495910,1623.03,0.0,M864437117,205.99,7695.91,0,0
472,CASH_IN,24.09,C5134838994,34220.8,34196.71,C5425192911,3147.77,3171.86,0,0
233,CASH_OUT,333.38,C5345241808,2053.83,1720.45,M965266637,225.22,558.6,0,0
692,TRANSFER,46.96,C4003087516,4550.47,4503.51,C4097793847,512.4,559.36,0,0
113,CASH_OUT,1622.44,C9828858731,1144.7,0.0,M710029472,171.87,1794.31,0,0
497,TRANSFER,58.51,C1423573902,8307.75,8249.24,C4545529081,57.12,115.63,0,0
442,CASH_IN,117.38,C2979323407,5.31,0.0,C6844352349,191.59,308.97,0,0
564,CASH_IN,69.55,C5435115408,158.24,88.69,C1173924872,86.97,156.52,0,0
268,PAYMENT,36.46,C1961327309,417.63,381.17,M913912118,385436.07,385472.53,0,0
510,PAYMENT,87.01,C4149498385,330.77,243.76,M103066720,202.06,289.07,0,0
386,PAYMENT,368.46,C1163204746,151.56,0.0,M393404409,122.68,491.14,0,0
387,CASH_OUT,330.16,C2267882704,893.4,563.24,M722873105,3523.76,3853.92,0,0
113,PAYMENT,261.66,C3460525065,781.18,519.52,M125914148,3090.34,3352.0,0,0
613,PAYMENT,106.37,C1391288064,892.27,785.9,M581717438,41.84,148.21,0,0
625,CASH_IN,197.93,C9584743578,1810.12,1612.19,C3288680247,716.32,914.25,0,0
81,PAYMENT,16.93,C5031552729,3806.54,3789.61,M196876992,208.33,225.26,0,0
699,CASH_OUT,99.69,C9130929564,157.61,57.92,M548891077,822.99,922.68,0,0
113,CASH_OUT,258.91,C4844770785,297.12,38.21,M963507664,207.77,466.68,0,0
2,PAYMENT,726.85,C8625224195,11012.9,10286.05,M980550279,2.32,729.17,0,0
642,CASH_OUT,569.37,C4948404335,104.08,0.0,M671931268,1594.05,2163.42,0,0
220,CASH_OUT,34.61,C4859112617,145.5,110.89,M986232526,1245.3,1279.91,0,0
566,CASH_IN,949.16,C8330794570,158.79,0.0,C1001878578,18.46,967.62,0,0
736,PAYMENT,515.17,C3307936460,665.34,150.17,M458616502,4859.51,5374.68,0,0
225,PAYMENT,7189.19,C3216872461,13297.62,6108.43,M126465599,4864.96,12054.15,0,0
385,CASH_OUT,20.31,C2379689803,4063.28,4042.97,M115777694,8115.38,8135.69,0,0
403,CASH_IN,307.06,C7617072391,123.68,0.0,C6729049204,8.4,315.46,0,0
638,CASH_OUT,3173.57,C7253278596,102036.21,98862.64,M666744730,3330.17,6503.74,0,0
130,CASH_IN,222.99,C7831502469,192.65,0.0,C1066666655,48.78,271.77,0,0
53,CASH_OUT,64.92,C4465389604,19.05,0.0,M994496459,18.99,83.91,0,0
684,CASH_IN,78.88,C3533976696,104869.66,104790.78,C7637126307,111.6,190.48,0,0
730,PAYMENT,1938.33,C8542266658,135.35,0.0,M183787851,227.91,2166.24,0,0
672,PAYMENT,18.24,C1519960310,831.09,812.85,M812433291,111.88,130.12,0,0
710,PAYMENT,207.17,C6066519931,784.49,577.32,M992243258,7826.57,8033.74,0,0
416,PAYMENT,69.96,C4634681007,4695.62,4625.66,M907086291,30.29,100.25,0,0
247,CASH_OUT,81.3,C8568417114,11.11,0.0,M548917161,4587.61,4668.91,0,0
439,CASH_IN,975.75,C9616597580,517.12,0.0,C3896009811,137.77,1113.52,0,0
203,CASH_OUT,182.99,C2319975862,438.37,255.38,M939135975,510.58,693.57,0,0
184,CASH_IN,642.95,C8111045462,37581.96,36939.01,C1538692791,,844.39,0,0
123,CASH_IN,33.65,C7003185156,281.77,248.12,C9939910892,53.53,87.18,0,0
401,CASH_OUT,2121.33,C9499636844,491.84,0.0,M434489768,50.54,2171.87,0,0
294,CASH_IN,617.3,C5180125952,7334.9,6717.6,C5062241153,15.23,632.53,0,0
280,PAYMENT,4798.3,C6204178216,3938.28,0.0,M110125596,12.18,4810.48,0,0
610,CASH_OUT,178.77,C9075383880,179.45,0.68,M323341370,261.83,440.6,0,0
198,TRANSFER,991.41,C3705377694,3200.35,2208.94,C4488615253,12491.21,13482.62,0,0
511,PAYMENT,1932.93,C7258691386,173.57,0.0,M121065768,24.65,1957.58,0,0
144,PAYMENT,953.17,C9192197133,8168.84,7215.67,M292342266,626.0,1579.17,0,0
609,PAYMENT,12035.05,C6725113691,734.68,0.0,M604365194,278.24,12313.29,0,0
201,CASH_OUT,14.49,C5752054649,47.39,32.9,M243124727,10200.75,10215.24,0,0
124,TRANSFER,572.09,C3085303181,5.16,0.0,C8390722492,1324.73,1896.82,0,0
187,CASH_OUT,179.16,C4807821330,428.36,249.2,M532041564,79.44,258.6,0,0
326,CASH_OUT,155.19,C5871156185,154.59,0.0,M868896531,20.61,175.8,0,0
464,PAYMENT,7998.98,C3545657005,602.42,0.0,M899745268,3.26,8002.24,0,0
349,PAYMENT,116.7,C3682933207,969.6,852.9,M848206948,60.02,176.72,0,0
660,PAYMENT,2220.87,C4580040324,9.17,0.0,M263835149,89699.48,91920.35,0,0
403,CASH_OUT,49.0,C3934346794,176.85,127.85,M449172215,92.88,141.88,0,0
346,CASH_OUT,3099.6,C4604708841,793.6,0.0,M338605355,3.61,3103.21,0,0
511,CASH_OUT,385.71,C7324541600,1408.27,1022.56,M916216593,6.54,392.25,0,0
147,TRANSFER,229.17,C3435436302,8067.27,7838.1,C4224644816,21143.95,21373.12,0,0
148,CASH_OUT,18.66,C9141036430,12411.3,12392.64,M204607312,132.12,150.78,0,0
711,CASH_IN,230.13,C3989071038,603.88,373.75,C9117454588,1105.07,1335.2,0,0
489,CASH_IN,102.16,C8643047877,757.72,655.56,C8810184468,879.99,982.15,0,0
640,CASH_IN,13297.42,C5392490177,329.74,0.0,C3673244853,83.55,13380.97,0,0
551,CASH_IN,447.35,C4640100725,5649.84,5202.49,C8773858601,123.77,571.12,0,0
338,CASH_OUT,122.36,C4385719827,419.36,297.0,M298186249,38.61,160.97,0,0
641,CASH_OUT,112.43,C8862994123,97.8,0.0,M647617131,4.19,116.62,0,0
473,PAYMENT,26.58,C7932644262,17.18,0.0,M336653156,5223.43,5250.01,0,0
151,CASH_OUT,8472.31,C8731148964,102.64,0.0,M361235500,2993.74,11466.05,0,0
415,CASH_IN,4976.88,C6754179500,564.15,0.0,C3589374760,384.61,5361.49,0,0
298,PAYMENT,352.89,C6566914872,12694.12,12341.23,M196544323,487.83,840.72,0,0
611,CASH_IN,31529.88,C1616710737,1228.79,0.0,C1225966828,4753.96,36283.84,0,0
263,CASH_OUT,393.0,C3437468603,1460.03,1067.03,M699017982,1.33,394.33,0,0
144,TRANSFER,3615.07,C3683994723,1105.92,0.0,C7120086552,1472.5,5087.57,0,0
346,CASH_OUT,1251.78,C2858464031,26890.88,25639.1,M212512064,5308.69,6560.47,0,0
624,PAYMENT,127.87,C1389194901,3903.61,3775.74,M945867747,45561.44,45689.31,0,0
572,PAYMENT,580.98,C2573379979,1057.03,476.05,M389751293,4099.76,4680.74,0,0
2,CASH_IN,850.18,C2246889513,245.51,0.0,C5792757154,21770.36,22620.54,0,0
304,PAYMENT,29.71,C2492379596,46.94,17.23,M837675371,233.39,263.1,0,0
254,TRANSFER,717.63,C8617681979,68263.66,67546.03,C6782593531,421.1,1138.73,0,0
652,CASH_IN,3951.65,C7486392717,8176.71,4225.06,C1237240865,53.62,4005.27,0,0
453,CASH_IN,101.18,C5074035264,676.21,575.03,C1785512883,88.14,189.32,0,0
37,CASH_OUT,264.85,C6384648153,97235.68,96970.83,M363814861,4278.72,4543.57,0,0
160,CASH_IN,43.85,C2085404743,1075.92,1032.07,C9377661093,1195.4,1239.25,0,0
9,CASH_IN,153.61,C3351662561,142.33,0.0,C1584373428,1508.56,1662.17,0,0
233,CASH_OUT,179.4,C9780135066,23252.18,23072.78,M465629879,8.69,188.09,0,0
99,CASH_OUT,9474.18,C8877560030,44.59,0.0,M680185104,1406.67,10880.85,0,0
659,CASH_OUT,213.92,C3430948801,402.52,188.6,M191396331,12405.14,12619.06,0,0
208,CASH_OUT,139.68,C7574035368,54.51,0.0,M930881003,1238.49,1378.17,0,0
131,PAYMENT,334.32,C8934608685,148.65,0.0,M366023566,36.8,371.12,0,0
404,TRANSFER,13.26,C9132104343,1807.27,1794.01,C1899993536,369.44,382.7,0,0
152,PAYMENT,3.61,C8084265103,2547.78,2544.17,M487029933,14151.19,14154.8,0,0
54,PAYMENT,25.43,C7188045798,69.72,44.29,M112705293,883.9,909.33,0,0
120,TRANSFER,771.4,C2552279404,101002.49,100231.09,C9543179500,9680.67,10452.07,0,0
673,CASH_OUT,401.27,C3731167486,5.91,0.0,M859321252,49074.88,49476.15,0,0
628,CASH_IN,2294.36,C1593800594,1516.15,0.0,C7890937184,256.38,2550.74,0,0
587,PAYMENT,19.28,C3957001239,1616.27,1596.99,M620264081,28.55,47.83,0,0
625,PAYMENT,268.24,C5192901732,2119.01,1850.77,M477918574,117.72,385.96,0,0
420,CASH_OUT,16.72,C8552877724,9880.54,9863.82,M773391865,50925.49,50942.21,0,0
422,PAYMENT,688.59,C6981750035,0.54,0.0,M390612367,3321.44,4010.03,0,0
104,CASH_OUT,25.64,C3548130027,158.36,132.72,M144805976,756.59,782.23,0,0
254,CASH_IN,247.96,C6459812115,1600.66,1352.7,C7682507524,6084.77,6332.73,0,0
227,CASH_OUT,609.59,C9898672764,77473.56,76863.97,M239619471,133.61,743.2,0,0
112,CASH_IN,184.49,C4256095891,256.07,71.58,C9638087899,183.0,367.49,0,0
510,PAYMENT,4.38,C6710509740,677.89,673.51,M890918785,70.72,75.1,0,0
473,CASH_OUT,11211.17,C7732538006,6725.39,0.0,M634841186,94350.7,105561.87,0,0
99,CASH_IN,149.19,C4625087896,53.31,0.0,C9655593226,657.74,806.93,0,0
153,CASH_OUT,16.13,C4332599811,1159.93,1143.8,M492340712,317.03,333.16,0,0
338,CASH_IN,1848.98,C9025990746,843.17,0.0,C3337125048,710.43,2559.41,0,0
706,TRANSFER,1992.49,C6965064967,239.11,0.0,C5939771485,326.73,2319.22,0,0
163,CASH_IN,220.44,C7442553267,3856.83,3636.39,C1231770251,48.22,268.66,0,0
720,CASH_OUT,8712.35,C4751630203,240936.37,232224.02,M478456521,6085.01,14797.36,0,0
681,PAYMENT,91.71,C2518974775,1693.04,1601.33,M125240758,6.09,97.8,0,0
161,CASH_IN,573.24,C2040192476,4.11,0.0,C6723256951,692.65,1265.89,0,0
580,CASH_IN,1120.58,C3046614308,124.24,0.0,C2665834464,1986.44,3107.02,0,0
398,CASH_OUT,8333.15,C3952066972,44279.34,35946.19,M907333477,9.01,8342.16,0,0
277,PAYMENT,8.28,C6789150471,602.54,594.26,M213352030,1297.09,1305.37,0,0
504,PAYMENT,39482.43,C9087201444,58.42,0.0,M723968478,132.78,39615.21,0,0
392,CASH_OUT,4220.65,C1196164036,7232.73,3012.08,M308811268,6.76,4227.41,0,0
135,CASH_OUT,991.2,C7551661209,222.15,0.0,M784976446,646.81,1638.01,0,0
195,PAYMENT,81.51,C7725833036,1197.08,1115.57,M770722004,4121.25,4202.76,0,0
401,CASH_IN,68.9,C3159224935,64.76,0.0,C6731226449,960068.15,960137.05,0,0
640,TRANSFER,717.42,C9244843104,385.62,0.0,C8803338779,151.71,869.13,0,0
33,PAYMENT,1083.12,C7618002591,1017.01,0.0,M297664844,1397.46,2480.58,0,0
688,PAYMENT,836.93,C5603331590,852.37,15.44,M957182370,4151.09,4988.02,0,0
460,CASH_OUT,555.3,C4369229620,2797.89,2242.59,M775840416,572.49,1127.79,0,0
470,TRANSFER,957.12,C7558010006,1813.51,856.39,C3450303203,2515.16,3472.28,0,0
375,TRANSFER,5.1,C8477076154,85.96,80.86,C2432240665,138.85,143.95,0,0
22,TRANSFER,236.94,C5548242372,74201.71,73964.77,C2978333336,258.24,495.18,0,0
670,CASH_IN,25.37,C6905261911,741.05,715.68,C7846540875,17.5,42.87,0,0
38,CASH_OUT,372.01,C7995995843,37.47,0.0,M571218411,158.48,530.49,0,0
230,CASH_IN,5502.35,C3604144754,4.24,0.0,C4044849985,6.55,5508.9,0,0
365,PAYMENT,65.54,C9776445638,1323.4,1257.86,M263159566,8.28,73.82,0,0
563,CASH_OUT,97.65,C4386217526,108.24,10.59,M543670200,3668.32,3765.97,0,0
438,CASH_IN,73.77,C9114440729,4591.73,4517.96,C6814464929,15.93,89.7,0,0
283,CASH_OUT,96.37,C3071793177,1237.56,1141.19,M228476679,4193.19,4289.56,0,0
27,CASH_OUT,1221.83,C4697908944,20712696.81,20711474.98,M553183161,271.48,1493.31,0,0
226,PAYMENT,1947.68,C7007508558,46.89,0.0,M625087808,273.01,2220.69,0,0
277,PAYMENT,7619.01,C9801988377,15432.28,7813.27,M503599615,63.3,7682.31,0,0
609,CASH_IN,54.04,C3957424283,71.95,17.91,C7834175105,373.79,427.83,0,0
284,CASH_OUT,1584.27,C1809858450,8755.1,7170.83,M809811602,19023.73,20608.0,0,0
481,CASH_OUT,2209.98,C2430882047,38476.52,36266.54,M769577106,66.09,2276.07,0,0
453,CASH_OUT,11010.37,C7075200357,463.6,0.0,M458327597,169.52,11179.89,0,0
659,CASH_OUT,62.74,C2463990014,177.15,114.41,M686432872,2891.64,2954.38,0,0
516,CASH_OUT,7.34,C6473341955,741.4,734.06,M697683538,22.39,29.73,0,0
547,PAYMENT,231.65,C5301493182,171.14,0.0,M486602232,17.74,249.39,0,0
192,PAYMENT,111009.93,C3970628927,61484.38,0.0,M366176595,357.56,111367.49,0,0
49,CASH_IN,45.13,C6308300133,669.18,624.05,C2272111351,8088.69,8133.82,0,0
512,DEBIT,1068.33,C5463322722,3290.61,2222.28,M281720249,324.28,1392.61,0,0
17,PAYMENT,4.79,C4866501151,3541.2,3536.41,M100875940,202.83,207.62,0,0
172,CASH_OUT,15209.57,C3950220190,10203.35,0.0,M125112385,370.55,15580.12,0,0
220,CASH_OUT,9.43,C1737644942,354.24,344.81,M354371608,322.15,331.58,0,0
158,CASH_IN,3.38,C6798648322,7468.58,7465.2,C5791121749,79.97,83.35,0,0
477,PAYMENT,491.64,C3614422357,28379.8,27888.16,M547625419,4132.05,4623.69,0,0
46,CASH_IN,511.19,C7282410835,743.08,231.89,C5778590118,707.15,1218.34,0,0
373,CASH_IN,6895.19,C1718562713,39.15,0.0,C7674580619,112.31,7007.5,0,0
518,TRANSFER,2205.97,C8246944034,33573.32,31367.35,C8497257179,473.17,2679.14,0,0
99,TRANSFER,7.38,C2289395937,1692.74,1685.36,C1305550473,178.73,186.11,0,0
37,PAYMENT,297.75,C6191231974,1108.2,810.45,M441550294,11.56,309.31,0,0
280,CASH_OUT,100.07,C8346180783,5954.52,5854.45,M846120610,91100.23,91200.3,0,0
349,TRANSFER,27.94,C5012068093,39063.89,39035.95,C1811525036,561.06,589.0,0,0
497,PAYMENT,960.4,C1526110601,629.58,0.0,M477631594,33.32,993.72,0,0
302,CASH_OUT,3248.54,C5820994666,25313.78,22065.24,M968258844,22.98,3271.52,0,0
181,PAYMENT,80.59,C3805804610,1313.25,1232.66,M163469374,9.83,90.42,0,0
607,PAYMENT,207.33,C8373236926,5216.12,5008.79,M753997953,64.16,271.49,0,0
99,CASH_IN,236.9,C5980416991,240.48,3.58,C3142248259,20.8,257.7,0,0
700,PAYMENT,107.54,C5393706020,581.4,473.86,M354604265,234.0,341.54,0,0
116,CASH_OUT,171.61,C6520489191,16509.5,16337.89,M423952396,24395.1,24566.71,0,0
191,TRANSFER,107.4,C9583470143,8.08,0.0,C8540194971,69.78,177.18,0,0
253,CASH_IN,517.63,C7093655947,6317.75,5800.12,C3885683662,1413977.11,1414494.74,0,0
161,PAYMENT,124.85,C7771652147,2832.18,2707.33,M918295613,2075.34,2200.19,0,0
256,CASH_OUT,947.84,C4118818629,69741.95,68794.11,M330621472,97612.86,98560.7,0,0
323,PAYMENT,123.94,C5594251726,13564.95,13441.01,M648813040,15.83,139.77,0,0
128,PAYMENT,1470.68,C2793694063,1706.39,235.71,M442995741,70.02,1540.7,0,0
18,CASH_OUT,118.7,C3383337286,45.62,0.0,M621986698,79.95,198.65,0,0
735,CASH_OUT,1354.89,C1189948587,256.86,0.0,M137204587,333.35,1688.24,0,0
566,CASH_IN,73.91,C5254444292,621.85,547.94,C7710715853,2209.43,2283.34,0,0
570,PAYMENT,2370.19,C6772511156,45709.51,43339.32,M679484302,8.95,2379.14,0,0
323,PAYMENT,11.52,C7830332337,8118.64,8107.12,M195068720,3548.72,3560.24,0,0
686,CASH_OUT,398.74,C2399851646,150.27,0.0,M250917537,70.0,468.74,0,0
626,PAYMENT,129.76,C8353556615,3001.97,2872.21,M290054614,38501.86,38631.62,0,0
288,CASH_IN,367.84,C2846348106,348.31,0.0,C1024670425,975.12,1342.96,0,0
663,CASH_OUT,37.64,C7768472172,218.21,180.57,M417278345,9265.73,9303.37,0,0
639,CASH_OUT,273.36,C8051496493,5278.63,5005.27,M755989326,129.02,,0,0
155,PAYMENT,43.87,C4179022354,764.31,720.44,M376778463,1592.36,1636.23,0,0
490,TRANSFER,250.55,C2919315899,59.7,0.0,C7784123223,124.33,374.88,0,0
386,PAYMENT,208.03,C8125798366,8667.45,8459.42,M843005475,1849.94,2057.97,0,0
104,CASH_OUT,780.43,C4288826438,1603.6,823.17,M902892111,732.89,1513.32,0,0
393,CASH_OUT,460.18,C8497208132,438.83,0.0,M143436553,18617.06,19077.24,0,0
246,CASH_IN,17267.9,C7137596282,45760.47,28492.57,C6082091367,4230.58,21498.48,0,0
176,CASH_OUT,145.49,C6423177916,15682.65,15537.16,M116390521,1324.28,1469.77,0,0
39,PAYMENT,309.43,C6711559004,1486.22,1176.79,M448223885,649.0,958.43,0,0
477,PAYMENT,235299.19,C9030622536,15.18,0.0,M122338756,488.89,235788.08,0,0
682,CASH_OUT,257.98,C9789975596,17611.55,17353.57,M306156305,9.75,267.73,0,0
538,CASH_IN,2714.72,C7243999326,327.49,0.0,C2290783157,23.91,2738.63,0,0
408,CASH_IN,1278.06,C9585175586,739.02,0.0,C5573630604,42.14,1320.2,0,0
525,PAYMENT,43025.96,C9808542158,514.49,0.0,M262055306,25500.43,68526.39,0,0
506,CASH_OUT,23.07,C3867853292,42.99,19.92,M201519618,106.56,129.63,0,0
36,CASH_OUT,18.37,C2394918931,3399.1,3380.73,M595312455,131.25,149.62,0,0
685,PAYMENT,43.13,C5844547677,133.4,90.27,M979804112,1853.96,1897.09,0,0
20,PAYMENT,569.96,C9269108328,2986.08,2416.12,M777414712,40.68,610.64,0,0
321,CASH_OUT,54.23,C3759669937,105.62,51.39,M531763685,13777.07,13831.3,0,0
512,CASH_OUT,5.66,C4508761668,352.18,346.52,M918890252,0.67,6.33,0,0
400,CASH_OUT,63.52,C4786687797,2732.01,2668.49,M230023202,8839.46,8902.98,0,0
654,DEBIT,843.17,C9656964331,1493.53,650.36,M832168551,41783.62,42626.79,0,0
471,CASH_IN,66.21,C2129558248,5188.81,5122.6,C5611244663,950.19,1016.4,0,0
143,TRANSFER,3963.27,C8858391674,6266.99,0.0,C9436972928,70.94,70.94,1,0
92,CASH_OUT,42.49,C7684562156,30663.27,30620.78,M680859962,4334.61,4377.1,0,0
354,TRANSFER,415.0,C4291794913,1094.59,679.59,C3166566716,62.7,477.7,0,0
727,CASH_OUT,184.59,C4744284980,22414.15,22229.56,M866002096,79125.26,79309.85,0,0
51,PAYMENT,588.14,C9283704102,489.8,0.0,M918367741,1666.5,2254.64,0,0
665,CASH_IN,718.89,C3656783778,7666.81,6947.92,C4969141822,40.81,759.7,0,0
698,CASH_OUT,9608.4,C1959546704,18195.14,8586.74,M638829820,3206.03,12814.43,0,0
575,PAYMENT,1603.1,C7031180558,18024.62,16421.52,M215869121,30.48,1633.58,0,0
190,CASH_OUT,173.9,C3919504742,28.59,0.0,M121885333,55.9,229.8,0,0
125,CASH_OUT,1374.34,C8226706096,0.42,0.0,M951639303,2787.26,4161.6,0,0
150,PAYMENT,1808.94,C8821329155,4392.71,2583.77,M972256664,,1878.67,0,0
314,PAYMENT,24099.15,C9297585808,1103.55,0.0,M459586585,549.62,24648.77,0,0
570,CASH_IN,294.63,C2698210380,2210.65,1916.02,C4876076996,1712.98,2007.61,0,0
342,PAYMENT,341.78,C6208843344,1379.08,1037.3,M681680779,75.0,416.78,0,0
305,PAYMENT,5566.93,C2703513194,469.61,0.0,M493364727,103.34,5670.27,0,0
692,CASH_OUT,7.41,C4178667102,4589.19,4581.78,M614453376,29554.89,29562.3,0,0
682,CASH_OUT,267.93,C9762397577,2558.96,2291.03,M530109866,2216.04,2483.97,0,0
54,TRANSFER,1617.55,C4497312303,843.86,0.0,C6632981427,393.06,2010.61,0,0
444,CASH_OUT,3276.15,C3144978177,1178.91,0.0,M931772606,325.85,325.85,1,0
613,PAYMENT,4.86,C7011523237,5126.81,5121.95,M999086665,20.43,25.29,0,0
264,CASH_OUT,27.76,C1470848983,248.28,220.52,M106719244,1332.03,1359.79,0,0
53,CASH_IN,2.76,C9667627756,68.08,65.32,C1333451891,533.89,536.65,0,0
572,CASH_IN,2312.02,C3250223445,65.51,0.0,C6912643789,3992.54,6304.56,0,0
620,CASH_OUT,607.23,C4230189503,307.53,0.0,M181163321,2.13,609.36,0,0
5,CASH_OUT,6891.39,C1920953516,44851.43,37960.04,M797644063,244.3,7135.69,0,0
103,PAYMENT,427.66,C5273758785,1528.32,1100.66,M938433641,324.23,751.89,0,0
196,PAYMENT,35666.53,C7737858453,200.83,0.0,M144480048,940.5,36607.03,0,0
350,CASH_OUT,61.19,C6720926661,1818.48,1757.29,M834300773,721.56,782.75,0,0
47,CASH_IN,193.59,C2687096446,80.58,0.0,C1046315149,1503.65,1697.24,0,0
656,CASH_OUT,921.19,C5829419510,689.12,0.0,M574907693,247.41,1168.6,0,0
269,CASH_IN,96.98,C7413914538,393.05,296.07,C4405392475,17.83,114.81,0,0
370,PAYMENT,929.21,C4235379272,40.12,0.0,M245960124,10.51,939.72,0,0
636,CASH_OUT,323.34,C7342603160,16866.36,16543.02,M200230675,345.65,668.99,0,0
106,CASH_IN,287.77,C8315204464,427.7,139.93,C2478045130,726440.21,726727.98,0,0
670,PAYMENT,314.01,C5531232165,996.17,682.16,M792782780,1732.55,2046.56,0,0
659,CASH_OUT,1653.75,C1287837819,6260.62,4606.87,M300982554,230768.41,232422.16,0,0
657,PAYMENT,203.21,C4436430831,2642.45,2439.24,M865102328,2292.13,,0,0
120,CASH_OUT,42.95,C4716523159,1330.1,1287.15,M989448348,28.97,71.92,0,0
604,CASH_OUT,461.43,C5223269968,604.79,143.36,M701740100,292.85,754.28,0,0
58,CASH_OUT,113.54,C4114407524,6771.5,6657.96,M651968726,,227887.08,0,0
346,PAYMENT,54.68,C5299084287,1077.02,1022.34,M871962610,2800.8,2855.48,0,0
741,CASH_OUT,12.65,C3881681645,1572.56,1559.91,M521635822,2599.98,2612.63,0,0
474,PAYMENT,2597.4,C8476978280,17715.55,15118.15,M609455408,71.46,2668.86,0,0
117,PAYMENT,1517.77,C7093549617,20410.66,18892.89,M435912464,409.22,1926.99,0,0
127,PAYMENT,6733.33,C3011486692,2146.95,0.0,M888324482,27.79,6761.12,0,0
393,CASH_IN,405.67,C5408774129,1424.43,1018.76,C9712038340,135.94,541.61,0,0
641,CASH_IN,3488.07,C4384803533,5650.78,2162.71,C2817751501,600.45,4088.52,0,0
58,PAYMENT,61.11,C5964882521,584.56,523.45,M503818921,86.41,147.52,0,0
634,PAYMENT,8.88,C6074769133,588.41,579.53,M298947486,4412.61,4421.49,0,0
513,CASH_OUT,89.72,C7559218317,937.57,847.85,M612670471,95.13,184.85,0,0
96,CASH_IN,267.23,C4068561716,85.96,0.0,C3182315012,900.54,1167.77,0,0
638,CASH_OUT,829.57,C4702652376,402705.18,401875.61,M209996402,4768.17,5597.74,0,0
118,CASH_OUT,5227.6,C9525963567,403.73,0.0,M232784614,72621.83,77849.43,0,0
560,CASH_IN,768.29,C2031213546,3530.09,2761.8,C1406647841,1006.92,1775.21,0,0
601,CASH_OUT,36856.73,C5943180936,1051.18,0.0,M595334205,30.99,36887.72,0,0
488,CASH_OUT,512.67,C8104916570,6123.46,5610.79,M365792521,388.25,900.92,0,0
237,PAYMENT,493.47,C4831701324,419.83,0.0,M799795429,54197.01,54690.48,0,0
272,PAYMENT,793.46,C3372051794,1885.64,1092.18,M252065543,4338.08,5131.54,0,0
189,CASH_IN,860.84,C1614983294,130.9,0.0,C3504292444,653.1,1513.94,0,0
704,CASH_IN,836.46,C2067266524,22822.46,21986.0,C5707797308,1694.8,2531.26,0,0
447,CASH_OUT,34.31,C8029951011,5732.46,5698.15,M142338852,811.6,845.91,0,0
581,CASH_OUT,2218.05,C4743163081,31.79,0.0,M338081236,16.61,2234.66,0,0
247,PAYMENT,60558.83,C4829003942,1136.09,0.0,M872054046,674.19,61233.02,0,0
76,CASH_OUT,68.99,C3967539564,33.91,0.0,M767202669,70.81,139.8,0,0
154,PAYMENT,371.49,C7941559897,148.6,0.0,M463687849,103.11,474.6,0,0
656,CASH_OUT,25.9,C8307802328,10964.98,10939.08,M623908247,198.59,224.49,0,0
435,PAYMENT,1815.0,C5904313926,2.19,0.0,M615177832,2.23,1817.23,0,0
86,PAYMENT,1811.52,C8153612793,14960.2,13148.68,M225944148,265.3,2076.82,0,0
697,PAYMENT,19.92,C8338033792,2827.05,2807.13,M407965428,6.06,25.98,0,0
285,PAYMENT,29.23,C4681458357,897.58,868.35,M588053186,3271.29,3300.52,0,0
220,PAYMENT,6.28,C3950971501,9845.12,9838.84,M366695135,2.39,8.67,0,0
69,CASH_OUT,9327.84,C7540652265,943174.96,933847.12,M959439749,5.28,9333.12,0,0
47,CASH_OUT,75.38,C4111822906,39.52,0.0,M562753734,3.65,79.03,0,0
94,CASH_OUT,308.46,C6824360990,75643.18,75334.72,M526132530,880.33,1188.79,0,0
453,PAYMENT,193.77,C5657854108,12283.57,12089.8,M505817742,397.42,591.19,0,0
204,PAYMENT,2912.88,C6598379826,188.3,0.0,M986961569,28757.38,31670.26,0,0
218,PAYMENT,1510.88,C1427079258,4072.33,2561.45,M257212095,1188.33,2699.21,0,0
474,CASH_OUT,1357.83,C7182755152,68.01,0.0,M864056493,4.95,1362.78,0,0
432,PAYMENT,79.51,C9879600313,320.05,240.54,M794848237,49.21,128.72,0,0
341,CASH_IN,1575.71,C9778172639,5.68,0.0,C7792647320,653.37,2229.08,0,0
551,CASH_OUT,2583.43,C4303822698,37.66,0.0,M392207525,924.01,3507.44,0,0
612,CASH_OUT,1485.33,C6347838990,2847.64,1362.31,M398662589,4.6,1489.93,0,0
289,CASH_OUT,30.63,C8553111507,3553.03,3522.4,M956774209,3846.41,3877.04,0,0
254,PAYMENT,42.12,C4952394094,3456.04,3413.92,M945381972,46.26,88.38,0,0
734,PAYMENT,13020.08,C6198596956,5380.03,0.0,M893700886,,13068.74,0,0
357,CASH_OUT,19690.5,C7704715852,1474.58,0.0,M384325792,5905.67,25596.17,0,0
23,PAYMENT,350.74,C3306115005,5978.28,5627.54,M600451644,414.35,765.09,0,0
522,CASH_OUT,349.83,C3608666518,16038.43,15688.6,M209282423,943.41,1293.24,0,0
100,PAYMENT,552.71,C3916389620,2030.45,1477.74,M825526506,1512.19,2064.9,0,0
180,PAYMENT,1284.35,C6967674613,370.21,0.0,M850964892,8.22,1292.57,0,0
223,CASH_IN,22.53,C5124420569,762.45,739.92,C5224875591,752.98,775.51,0,0
659,CASH_OUT,639.6,C1247500244,135.56,0.0,M898682684,49616.58,50256.18,0,0
442,CASH_IN,51.34,C9715042629,9214.05,9162.71,C1704747286,239.22,290.56,0,0
608,CASH_IN,387.42,C7079911632,19.81,0.0,C8743261363,1031.1,1418.52,0,0
325,CASH_OUT,68.88,C7634866859,736.27,667.39,M529968529,231707.95,231776.83,0,0
516,CASH_OUT,110.33,C5333664528,4549.8,4439.47,M419760427,19156.08,19266.41,0,0
16,PAYMENT,580.09,C7269290641,85.61,0.0,M581478835,134.63,714.72,0,0
336,CASH_IN,117.38,C2266691346,33.28,0.0,C6266692439,1376.59,1493.97,0,0
258,CASH_IN,44.8,C6164098364,3.67,0.0,C5001592796,2655.44,2700.24,0,0
497,PAYMENT,7383.61,C2909755214,538.71,0.0,M550996170,88803.89,96187.5,0,0
160,CASH_IN,46.1,C3814898724,62.88,16.78,C3656054179,41.18,87.28,0,0
475,CASH_OUT,3.97,C1686944145,9817.05,9813.08,M193349059,865234.16,865238.13,0,0
664,CASH_OUT,1258.32,C7437610763,22.67,0.0,M622623789,831.45,2089.77,0,0
690,TRANSFER,226.02,C7181423534,4112.09,3886.07,C5374624843,184.55,410.57,0,0
675,CASH_IN,380.44,C7315947995,42.3,0.0,C8531189591,1908.48,2288.92,0,0
380,PAYMENT,553.56,C5043100381,24.96,0.0,M906294441,162.83,716.39,0,0
545,CASH_IN,5122.05,C8451946445,54.12,0.0,C2899137000,174.68,5296.73,0,0
691,TRANSFER,16774.19,C2284888416,16128.35,0.0,C6319628668,97.27,16871.46,0,0
427,CASH_IN,669.74,C4718976382,54.21,0.0,C1624011064,103.17,772.91,0,0
613,CASH_IN,38.42,C9823419682,19049.7,19011.28,C6100902065,5.94,44.36,0,0
268,CASH_IN,540.19,C5253742357,1820.07,1279.88,C9304852063,6.81,547.0,0,0
577,CASH_OUT,1310.76,C4301149735,300.08,0.0,M701658941,54.16,1364.92,0,0
417,CASH_IN,3002.71,C6516168145,78.99,0.0,C2054223543,789.4,3792.11,0,0
168,CASH_OUT,530.91,C4267851179,128165.58,127634.67,M773818108,65.96,596.87,0,0
43,CASH_IN,131.49,C5779943796,251.92,120.43,C8875218470,80032.83,80164.32,0,0
556,PAYMENT,65.79,C9140560815,254.56,188.77,M135809830,1989.18,2054.97,0,0
285,PAYMENT,319.54,C2896385400,41271.01,40951.47,M438955192,75.45,394.99,0,0
397,PAYMENT,20.05,C6755250634,64280.52,64260.47,M155383835,36893.35,36913.4,0,0
12,CASH_OUT,887.81,C7975796123,772.89,0.0,M931994532,235.19,1123.0,0,0
607,CASH_OUT,575.15,C9802744175,21175.23,20600.08,M584384755,230.51,805.66,0,0
302,TRANSFER,569.46,C1082615167,237.14,0.0,C8741787354,2009.69,2579.15,0,0
253,TRANSFER,1694.69,C2094324262,301773.2,300078.51,C3162331514,335.41,2030.1,0,0
499,CASH_OUT,7346.23,C1830297048,41.34,0.0,M378755738,515.51,7861.74,0,0
35,DEBIT,350.42,C4013365027,111.59,0.0,M292536528,2165.88,2516.3,0,0
727,CASH_IN,470.53,C3356573035,29197.74,28727.21,C2721098325,23.27,493.8,0,0
90,PAYMENT,192.61,C6855509175,532.1,339.49,M271375914,308.85,501.46,0,0
605,CASH_OUT,1215.64,C2472114425,33874.19,32658.55,M886829282,38.57,1254.21,0,0
602,CASH_IN,397.33,C7641152347,341.9,0.0,C8101205142,966.28,1363.61,0,0
418,PAYMENT,4064.8,C7498945587,5699.64,1634.84,M495798078,11.85,4076.65,0,0
115,CASH_IN,3897.51,C6100059949,193.93,0.0,C6666818759,20680.9,24578.41,0,0
617,CASH_IN,759.11,C8524671189,907.45,148.34,C3285547460,91.88,850.99,0,0
196,CASH_IN,344.05,C2971241248,44.65,0.0,C6016201982,175.22,519.27,0,0
501,CASH_IN,233.58,C4248293244,972.97,739.39,C8518894312,302.76,536.34,0,0
626,CASH_OUT,1054.41,C8683354655,122.18,0.0,M884813389,36.06,1090.47,0,0
493,CASH_OUT,1060.03,C2651569191,195121.35,194061.32,M598702465,721.21,1781.24,0,0
75,CASH_OUT,233.4,C9141167994,491.9,258.5,M114809336,6460.57,6693.97,0,0
413,CASH_OUT,718.3,C8292037011,54.92,0.0,M637639938,176.81,895.11,0,0
376,PAYMENT,85.76,C9044376906,6183.28,6097.52,M206852242,139.64,225.4,0,0
420,CASH_IN,994.12,C5345818625,53.53,0.0,C5487166785,2017.24,3011.36,0,0
729,CASH_IN,101.46,C4618384970,9822.69,9721.23,C3812300685,1731.48,1832.94,0,0
277,CASH_OUT,1889.51,C9907662054,271.85,0.0,M473812946,550.55,2440.06,0,0
676,PAYMENT,214.13,C7044689751,997.95,783.82,M282136556,8458.92,8673.05,0,0
394,CASH_OUT,11472.27,C6426022006,682.42,0.0,M116055046,1133.34,12605.61,0,0
457,CASH_OUT,436.24,C9479100752,581.5,145.26,M343473410,34029.28,34465.52,0,0
192,CASH_OUT,649.32,C3204102315,1281.24,631.92,M199471232,189.24,838.56,0,0
739,CASH_IN,24.6,C1377326095,208.92,184.32,C4562954661,23.18,47.78,0,0
689,CASH_OUT,6721.63,C1213660969,71.52,0.0,M804263675,13066.18,19787.81,0,0
99,CASH_IN,373.95,C4577349504,1208.45,834.5,C3586467223,4.91,378.86,0,0
548,CASH_OUT,13082.22,C8621091295,405.71,0.0,M314840076,48.86,13131.08,0,0
96,CASH_IN,444.29,C4230882503,44.82,0.0,C8542299892,34.44,478.73,0,0
664,CASH_IN,262.89,C7369416941,5093.3,4830.41,C6498540738,469.99,732.88,0,0
663,TRANSFER,145.05,C6492279565,1052.73,907.68,C8971003610,332.64,477.69,0,0
190,CASH_IN,1457.34,C2454685821,72.48,0.0,C2622290273,8369.34,9826.68,0,0
736,TRANSFER,1143.12,C3374914933,605.29,0.0,C7131180232,476.44,1619.56,0,0
37,CASH_IN,27.99,C1862921343,764.05,736.06,C1625961633,96.06,124.05,0,0
369,CASH_IN,129.31,C3133154894,83.35,0.0,C5352850682,199.84,,0,0
695,CASH_OUT,1711.23,C8834689168,2975858.75,0.0,M998601680,38.62,38.62,1,0
525,CASH_OUT,111.17,C7218457022,1075.49,964.32,M153400239,2103.62,2214.79,0,0
279,CASH_OUT,78.72,C2909577901,632.83,554.11,M422139755,16634.55,16713.27,0,0
217,PAYMENT,597.34,C6017042739,485145.97,484548.63,M502652261,680.09,1277.43,0,0
273,PAYMENT,480.24,C2706727901,3433.94,2953.7,M196724878,385.85,866.09,0,0
62,CASH_IN,159.5,C2684386664,22513.29,22353.79,C1440775857,1292.72,1452.22,0,0
596,TRANSFER,13832.45,C3828748197,1388.18,0.0,C1247480729,129.39,13961.84,0,0
729,PAYMENT,299.46,C6651878768,1287.67,988.21,M581708158,283.51,582.97,0,0
342,PAYMENT,32.14,C3557029802,129.25,97.11,M455799603,266.62,298.76,0,0
397,TRANSFER,15.83,C9951263557,5838.42,5822.59,C9970229043,2347.63,2363.46,0,0
699,CASH_OUT,3118.02,C3957790188,111494.92,108376.9,M413004059,153.61,3271.63,0,0
19,CASH_IN,44.93,C8948743822,56543.11,56498.18,C2569868365,2.03,46.96,0,0
177,CASH_OUT,428.75,C1738457893,53.17,0.0,M639600422,23.71,452.46,0,0
612,PAYMENT,70.25,C4419575434,114565.61,114495.36,M661475028,129097.61,129167.86,0,0
396,CASH_OUT,328.91,C5868064007,138.6,0.0,M810230666,268.09,597.0,0,0
445,CASH_IN,809.14,C9452661018,104.42,0.0,C4744577201,1410.67,2219.81,0,0
233,PAYMENT,26.28,C8422658119,119.74,93.46,M643202811,327.98,354.26,0,0
76,CASH_OUT,162.16,C2941186598,412.58,250.42,M116364147,334.83,496.99,0,0
265,CASH_OUT,104.88,C1805575541,8.74,0.0,M289503732,24.7,129.58,0,0
455,PAYMENT,58.51,C8551042248,1251.2,1192.69,M942285184,28544.45,28602.96,0,0
718,TRANSFER,190.31,C6400374714,573.12,382.81,C6557291701,62.23,252.54,0,0
735,CASH_IN,115.86,C2964713954,1216.58,1100.72,C7775164819,58.65,174.51,0,0
384,PAYMENT,2312.25,C8800688693,317.35,0.0,M722899908,1049.98,3362.23,0,0
564,CASH_OUT,96.39,C1277750644,20.49,0.0,M170478039,7426.0,7522.39,0,0
506,PAYMENT,993.91,C8446892167,571.89,0.0,M610786964,203.45,1197.36,0,0
367,CASH_IN,926.72,C7683663410,23179.19,22252.47,C4265465054,3.73,930.45,0,0
144,CASH_IN,20.04,C5645031507,87.76,67.72,C9201026455,4.04,24.08,0,0
69,CASH_OUT,146.73,C3912102621,122.34,0.0,M722577015,19231.01,19377.74,0,0
99,CASH_IN,323.72,C3879513630,3419.32,3095.6,C5477951008,484.48,808.2,0,0
396,PAYMENT,685.96,C1831843959,49.65,0.0,M313751511,11179.65,11865.61,0,0
25,TRANSFER,251.45,C3952938977,1928.56,1677.11,C5214009096,726.36,977.81,0,0
469,TRANSFER,3241.62,C1676516574,3327.92,86.3,C3178527319,47.93,3289.55,0,0
484,CASH_IN,497.45,C9187343070,268.39,0.0,C4553276053,1069.26,1566.71,0,0
565,CASH_IN,983.41,C8566821029,168.28,0.0,C3307239391,788.3,1771.71,0,0
151,CASH_OUT,123.43,C8235815751,32.37,0.0,M695832776,1406.05,1529.48,0,0
144,CASH_IN,1012.48,C5769069795,151.77,0.0,C5169967202,496.01,1508.49,0,0
569,PAYMENT,19395.17,C1807435351,4534.27,0.0,M737369880,121.67,19516.84,0,0
39,CASH_OUT,1156.52,C4721939577,8916.32,7759.8,M809707373,7079.6,8236.12,0,0
109,PAYMENT,3662.98,C5361222968,1285.86,0.0,M485852004,344.28,4007.26,0,0
693,CASH_IN,225.18,C7206825313,236.01,10.83,C5263320698,727.45,952.63,0,0
42,CASH_OUT,2561.87,C8987519479,1317.21,0.0,M699020980,34.88,2596.75,0,0
186,PAYMENT,3050.73,C7155307365,141.77,0.0,M165336585,27.04,3077.77,0,0
398,PAYMENT,659.11,C3520383690,1715.98,1056.87,M340387791,53.76,712.87,0,0
223,CASH_OUT,347.41,C5026598496,7095.07,6747.66,M867762833,26.81,374.22,0,0
634,CASH_OUT,20.28,C8892090873,342.62,322.34,M267587948,1.83,22.11,0,0
133,CASH_IN,378.13,C1270335460,147.27,0.0,C9002268700,84.34,462.47,0,0
163,CASH_IN,1249.44,C4153370511,323.99,0.0,C3738642233,18188.73,19438.17,0,0
215,CASH_OUT,87.31,C3331055780,16626.91,16539.6,M475441406,140.63,227.94,0,0
733,CASH_IN,31.81,C2102685802,1176818.16,1176786.35,C2915766862,17.23,49.04,0,0
235,CASH_IN,494.68,C4843098738,5549.48,5054.8,C3712735921,2377.63,2872.31,0,0
658,PAYMENT,639.91,C7618252215,913.34,273.43,M173628724,300.5,940.41,0,0
588,CASH_IN,27.26,C5689365611,96.18,68.92,C2845049398,158.08,185.34,0,0
9,TRANSFER,437.7,C4580391061,82.36,0.0,C1032691141,20.02,457.72,0,0
74,PAYMENT,720.43,C8694142035,3194.34,2473.91,M973849412,410.75,1131.18,0,0
492,CASH_OUT,5668.09,C8351333129,156.1,0.0,M744390639,439.76,6107.85,0,0
253,TRANSFER,155.55,C5843427535,14132.19,13976.64,C8864990499,866.57,1022.12,0,0
230,PAYMENT,26182.42,C5832163076,242.67,0.0,M653431820,485.3,26667.72,0,0
519,CASH_OUT,449.34,C6051161945,38471.0,38021.66,M235662427,282.7,732.04,0,0
174,PAYMENT,36.46,C7208046906,394.13,357.67,M387072390,405.19,441.65,0,0
653,PAYMENT,208.44,C8798518387,18650.0,18441.56,M436472120,306.4,514.84,0,0
168,CASH_IN,43.57,C8951071360,5899.04,5855.47,C4465882393,10.09,53.66,0,0
170,PAYMENT,288.74,C1264655046,9111.87,8823.13,M578312288,53998.65,54287.39,0,0
393,CASH_OUT,1029.61,C3228921790,923.96,0.0,M792720950,1813.78,2843.39,0,0
634,PAYMENT,689.78,C8414883998,208.4,0.0,M786671382,578.78,1268.56,0,0
194,PAYMENT,42.09,C7371751692,13680.99,13638.9,M835446884,226.39,268.48,0,0
517,CASH_OUT,32.82,C1541744240,97037.54,97004.72,M720821175,264.17,296.99,0,0
29,PAYMENT,933.35,C6903955494,89.48,0.0,M275130777,835.74,1769.09,0,0
165,CASH_IN,1462.93,C3501277694,3600.66,2137.73,C5229343820,13461.64,14924.57,0,0
422,CASH_OUT,151.74,C6184696699,3566.66,3414.92,M324878131,72.25,223.99,0,0
339,PAYMENT,2.52,C9034068841,1659.89,1657.37,M175195354,795.78,798.3,0,0
648,CASH_OUT,39.77,C1900222405,39254.44,39214.67,M565106369,7.06,46.83,0,0
496,CASH_OUT,2900.39,C3236338883,157.77,0.0,M807059388,3077.43,5977.82,0,0
365,PAYMENT,92.11,C1753002255,17084.27,16992.16,M641872399,950.39,1042.5,0,0
342,CASH_OUT,201.45,C3971984289,548.18,346.73,M873858290,311.97,513.42,0,0
500,CASH_IN,1220.09,C1901551812,3.19,0.0,C4986366099,1.81,1221.9,0,0
657,CASH_OUT,218.65,C5390367465,28.68,0.0,M244381179,96.32,314.97,0,0
511,CASH_IN,6600.14,C7730484242,1198.98,0.0,C1575877087,38.55,6638.69,0,0
327,CASH_OUT,191.16,C8741627194,23160.55,22969.39,M919676803,41.05,232.21,0,0
217,TRANSFER,72.15,C9262745455,16371.53,16299.38,C6381276457,3.89,76.04,0,0
301,PAYMENT,4292.16,C2436020402,1427.14,0.0,M908640110,161.66,4453.82,0,0
132,CASH_IN,443.91,C8414311535,62.6,0.0,C3524939759,38298.73,38742.64,0,0
70,CASH_OUT,46.67,C5759572771,53.57,6.9,M254880649,2374.91,2421.58,0,0
252,PAYMENT,1036.55,C1446332791,3137.97,2101.42,M926994563,460.5,1497.05,0,0
415,CASH_OUT,223.93,C7421621534,986.65,762.72,M373681391,1595.66,1819.59,0,0
445,TRANSFER,40.78,C4827874729,12424.21,12383.43,C7256427227,96802.24,96843.02,0,0
182,PAYMENT,487.96,C4881805782,478.1,0.0,M345600957,33.05,521.01,0,0
167,PAYMENT,294.07,C5779035824,159.19,0.0,M739528075,57.3,351.37,0,0
91,CASH_IN,13.81,C4521247589,547.02,533.21,C2756070881,119.39,133.2,0,0
714,PAYMENT,48.49,C3668010351,1061.34,1012.85,M835272483,11.71,60.2,0,0
531,CASH_IN,16826.18,C4323698198,6.81,0.0,C6080186677,901.32,17727.5,0,0
39,PAYMENT,474.67,C2339930951,3577.17,3102.5,M308294850,187.27,661.94,0,0
126,CASH_IN,5963.07,C1362474672,1566.74,0.0,C2843558888,1920.45,7883.52,0,0
451,PAYMENT,748.17,C6611989510,11702.75,10954.58,M618881803,3232.06,3980.23,0,0
173,PAYMENT,4789.93,C9896221627,7707.96,2918.03,M735976678,10925.43,15715.36,0,0
653,CASH_OUT,1225.98,C9965599669,16452.5,15226.52,M218889725,2459.33,3685.31,0,0
220,CASH_IN,60.78,C1461809377,73258.22,73197.44,C4065531475,157.33,218.11,0,0
638,PAYMENT,1357.84,C8597008799,1554.48,196.64,M400028067,112.78,1470.62,0,0
58,PAYMENT,60.01,C4353452839,4.41,0.0,M714041253,33.98,93.99,0,0
660,TRANSFER,2588.25,C4870622217,9443.71,6855.46,C9651135484,453.21,3041.46,0,0
476,CASH_OUT,623.56,C1235004589,21979.17,21355.61,M689953713,987.61,1611.17,0,0
456,CASH_IN,418.86,C2649438633,621.09,202.23,C6082408263,9.71,428.57,0,0
361,DEBIT,167.83,C8510098424,7.09,0.0,M739562890,7281.18,7449.01,0,0
1,CASH_IN,1991.98,C7832988054,14759.41,12767.43,C2138612765,430.78,2422.76,0,0
387,CASH_IN,294.33,C4114712516,1044.86,750.53,C5389074220,156.79,451.12,0,0
348,PAYMENT,8.85,C9672012106,39.0,30.15,M860519883,31.88,40.73,0,0
190,CASH_OUT,13.09,C5712058654,561.91,548.82,M173609483,13537.22,13550.31,0,0
505,CASH_IN,31.86,C1345221127,1083.25,1051.39,C6479945430,1438.77,1470.63,0,0
191,CASH_OUT,1935.96,C8208872074,561.44,0.0,M827626617,3485.58,5421.54,0,0
508,CASH_OUT,2254.09,C8621638964,309.89,0.0,M317723567,307.65,2561.74,0,0
369,CASH_IN,772.78,C1998056130,11847.37,11074.59,C2356729149,22966.43,23739.21,0,0
409,CASH_OUT,756.59,C3740350372,32140.23,31383.64,M326855441,3161.74,3918.33,0,0
117,TRANSFER,7275.51,C8105316913,137286.94,130011.43,C8981576832,11016.69,18292.2,0,0
134,CASH_IN,800.87,C9486875256,89.18,0.0,C2369120186,7401.31,8202.18,0,0
58,CASH_IN,1445.51,C2907307852,28337.8,26892.29,C5584781971,84.99,1530.5,0,0
556,CASH_IN,394.85,C7647416481,1767.36,1372.51,C7714437261,675.48,1070.33,0,0
685,CASH_IN,160.44,C3407876975,2805.89,2645.45,C3033855781,11332.27,11492.71,0,0
672,CASH_IN,230.33,C5097312336,22834.36,22604.03,C4724735793,1369.54,1599.87,0,0
173,PAYMENT,24380.47,C9101829526,968.03,0.0,M588588677,34.13,24414.6,0,0
149,CASH_OUT,45.9,C4709354651,694.85,648.95,M162216217,503.87,549.77,0,0
80,CASH_IN,756.44,C4951762950,193.67,0.0,C3534966371,3106.81,3863.25,0,0
213,CASH_IN,19.48,C7417904885,59.35,39.87,C2290272391,10.53,30.01,0,0
203,PAYMENT,118.98,C7898682680,225.64,106.66,M592382830,35.77,154.75,0,0
229,CASH_OUT,1896.29,C6873202002,1682.02,0.0,M502273383,11.56,1907.85,0,0
676,PAYMENT,10.81,C4947690814,967.07,956.26,M736622234,1322.99,1333.8,0,0
227,CASH_OUT,2463.85,C6323393140,423.46,0.0,M676844415,19900.56,22364.41,0,0
659,TRANSFER,24223.71,C2844163859,457.42,0.0,C4643956426,2.53,24226.24,0,0
532,TRANSFER,837.42,C8850860351,15189.49,14352.07,C8157563054,678.94,1516.36,0,0
441,CASH_OUT,5033.29,C8305030293,1701.19,0.0,M219071620,82.22,5115.51,0,0
402,PAYMENT,662.54,C2115783330,91.52,0.0,M933609817,28877.74,29540.28,0,0
47,CASH_OUT,1672.67,C8359789252,1267.44,0.0,M605286726,695.49,2368.16,0,0
233,CASH_IN,999.78,C3339420686,5116.58,4116.8,C2067320047,3421.42,4421.2,0,0
305,CASH_OUT,145.46,C2527272941,11981.41,0.0,M365464407,13111.57,13111.57,1,0
526,PAYMENT,121.59,C4591089179,4493.33,4371.74,M949735831,626.4,747.99,0,0
143,PAYMENT,4285.16,C4412068716,9148.39,4863.23,M216245217,4.46,4289.62,0,0
415,CASH_OUT,370.77,C8944708967,3886.05,3515.28,M734098726,299.7,670.47,0,0
513,PAYMENT,303.83,C3916551675,7.26,0.0,M359389123,682.65,986.48,0,0
373,CASH_OUT,291.5,C5742673554,734.58,443.08,M667541843,21.44,312.94,0,0
566,PAYMENT,744.57,C1813343810,875.11,130.54,M202175948,3.6,748.17,0,0
259,CASH_OUT,37.67,C9362775621,179585.8,179548.13,M654417974,12.73,50.4,0,0
656,PAYMENT,280.26,C8188209572,7320.57,7040.31,M538620475,11241.5,11521.76,0,0
471,CASH_IN,750.78,C2365699432,529.87,0.0,C1637349853,21.76,772.54,0,0
12,CASH_IN,31.24,C4632664366,158.89,127.65,C1017497238,449714.05,449745.29,0,0
330,CASH_IN,613.06,C6750041806,464.0,0.0,C2579925480,14461.38,15074.44,0,0
736,TRANSFER,67.0,C4840416850,145.33,78.33,C7882988918,3982.39,4049.39,0,0
358,CASH_OUT,753.61,C8722548071,255150.52,254396.91,M973527148,8.45,762.06,0,0
408,CASH_OUT,30243.12,C5224517754,1055.56,0.0,M102961293,13572.08,43815.2,0,0
668,PAYMENT,316.8,C8848076525,8622.02,8305.22,M537885880,114.57,431.37,0,0
373,CASH_IN,46.65,C7005264749,3977.23,3930.58,C4850074698,4.14,50.79,0,0
8,TRANSFER,648.18,C1472789052,5672.22,5024.04,C4315545974,766.8,1414.98,0,0
122,CASH_OUT,1041.5,C7748213825,121.31,0.0,M479553942,1252.09,2293.59,0,0
348,PAYMENT,61.94,C4685689915,31044.72,30982.78,M199261700,54.84,116.78,0,0
676,CASH_OUT,12.98,C1124336020,879.36,866.38,M611606018,89.78,102.76,0,0
90,CASH_IN,62.32,C1225127531,46676.82,46614.5,C9941538282,258.33,320.65,0,0
648,PAYMENT,366.24,C3879769043,3178.52,2812.28,M570734276,241.95,608.19,0,0
698,CASH_OUT,162.29,C1491612996,87987.52,87825.23,M113705199,2621.12,2783.41,0,0
316,PAYMENT,3480.7,C2801492284,4918.67,1437.97,M633773097,202.92,3683.62,0,0
178,PAYMENT,1134.82,C6381900889,689.5,0.0,M412299800,24675.52,25810.34,0,0
540,CASH_IN,494.71,C4944617172,36829.76,36335.05,C4202515543,888.49,1383.2,0,0
732,CASH_OUT,12.31,C5085432834,1549.64,1537.33,M577829245,6.36,18.67,0,0
41,CASH_IN,1423.4,C4834500003,4209.96,2786.56,C7899733926,7232.1,8655.5,0,0
740,PAYMENT,21128.0,C5036108967,1370.77,0.0,M506490427,49.29,21177.29,0,0
704,CASH_IN,2263.38,C5710517574,283.63,0.0,C5219338797,7001.34,9264.72,0,0
502,CASH_IN,108.27,C2098511439,736.16,627.89,C3325089709,947.67,1055.94,0,0
145,CASH_OUT,307.14,C9732783385,6497.2,6190.06,M567436437,52.29,359.43,0,0
201,CASH_OUT,1010.46,C9979663972,12461.7,11451.24,M720392785,141.94,1152.4,0,0
724,CASH_IN,6459.6,C1728147311,7.04,0.0,C4918123584,1262.38,7721.98,0,0
461,CASH_OUT,98.35,C2788994097,2442.52,2344.17,M131941718,795.42,893.77,0,0
732,CASH_IN,159.01,C4527573860,902.57,743.56,C5304168294,4385.63,4544.64,0,0
558,CASH_IN,370.06,C8497292778,35.68,0.0,C1235827192,1190.24,1560.3,0,0
547,CASH_IN,310.64,C2049870222,9356.04,9045.4,C4454122494,403.3,713.94,0,0
253,CASH_OUT,1967.89,C7849530485,100368.69,98400.8,M498807670,522.43,2490.32,0,0
390,CASH_OUT,681.7,C4458358400,44541.68,43859.98,M578624710,251.77,933.47,0,0
594,PAYMENT,24.67,C5844553868,3.21,0.0,M831379921,1508.17,1532.84,0,0
256,CASH_OUT,108.47,C1913213038,2468.4,0.0,M814061297,1151.53,1151.53,1,0
709,CASH_IN,114.89,C3399563722,216.12,101.23,C3378266793,766.45,881.34,0,0
450,CASH_IN,4.81,C5068215898,357.6,352.79,C7195313471,127466.06,127470.87,0,0
10,PAYMENT,2589.64,C5652308134,583.79,0.0,M390621846,1043.2,3632.84,0,0
242,CASH_IN,525.76,C4192780003,4.24,0.0,C2709613632,8745.01,9270.77,0,0
251,CASH_OUT,136.82,C6990474840,6.39,0.0,M642543670,79.27,216.09,0,0
5,CASH_OUT,2453.38,C8846982319,1356.94,0.0,M176540095,414.09,2867.47,0,0
119,TRANSFER,737.05,C3111694293,2037.05,1300.0,C8827709650,1.91,738.96,0,0
374,TRANSFER,30.81,C4309602273,672.88,642.07,C2741884167,504.3,535.11,0,0
65,PAYMENT,1365.38,C5924067353,48.34,0.0,M371220012,87.18,1452.56,0,0
146,TRANSFER,6285.03,C9422611365,399.35,0.0,C4751596292,68.91,6353.94,0,0
224,PAYMENT,304.97,C1516401969,40684.41,40379.44,M867016926,690.07,995.04,0,0
239,CASH_OUT,352.8,C3617465117,442.79,89.99,M472644414,147.42,500.22,0,0
177,CASH_OUT,500.46,C5405596284,312.0,0.0,M344979017,8.51,508.97,0,0
282,TRANSFER,35.31,C9692541163,24153.22,24117.91,C1865188078,242.24,277.55,0,0
63,CASH_OUT,535.31,C4845942629,639.47,104.16,M530129994,2860790.15,2861325.46,0,0
217,PAYMENT,67.83,C3765435456,6009.42,5941.59,M643486497,1158.12,1225.95,0,0
689,PAYMENT,398.2,C9994003617,3470.77,3072.57,M129803351,810.27,1208.47,0,0
461,CASH_IN,562.16,C7000131743,117.85,0.0,C8288488144,23.86,586.02,0,0
610,PAYMENT,1166.29,C3347824092,92.13,0.0,M174214360,18.09,1184.38,0,0
105,CASH_OUT,1255.28,C8343781938,37.72,0.0,M397962994,38.88,1294.16,0,0
99,CASH_OUT,63.09,C9557225339,87.86,24.77,M927441337,813.04,876.13,0,0
511,PAYMENT,587.12,C3946413073,8668.73,8081.61,M570861086,19.06,606.18,0,0
385,CASH_IN,2730.34,C5447145230,140.54,0.0,C8000772932,14372.46,17102.8,0,0
405,PAYMENT,40.17,C7586327258,776.83,736.66,M775356853,22.1,62.27,0,0
518,CASH_IN,13229.53,C6947656165,542.32,0.0,C7472981722,3037.53,16267.06,0,0
476,CASH_OUT,57.69,C3330133485,2832.71,2775.02,M141673133,,845.22,0,0
709,CASH_IN,10455.53,C6415646082,36.17,0.0,C9513862637,17335.15,27790.68,0,0
645,PAYMENT,59.76,C2713927413,17070.88,17011.12,M798233808,26.16,85.92,0,0
437,CASH_OUT,360.52,C8099958064,39755.46,39394.94,M735645917,864238.61,864599.13,0,0
23,PAYMENT,274.29,C1798895087,1029.8,755.51,M969513069,648.66,922.95,0,0
565,CASH_IN,26.22,C6494751550,4.06,0.0,C4616262435,8049.86,8076.08,0,0
677,CASH_IN,1630.08,C8621251501,128.03,0.0,C6726970355,1076.24,2706.32,0,0
714,CASH_OUT,1806.36,C1303602865,2416.38,610.02,M436901325,28.36,1834.72,0,0
458,CASH_IN,1393.37,C8527991307,2780.44,1387.07,C9898512229,59.07,1452.44,0,0
83,CASH_OUT,245.44,C8910734373,575.68,330.24,M336197166,429.57,675.01,0,0
145,CASH_OUT,99.14,C2884581270,17180.69,17081.55,M132741691,58.52,157.66,0,0
85,PAYMENT,3634.81,C9077650668,259.67,0.0,M715045060,585.33,4220.14,0,0
78,CASH_IN,618.25,C3941080424,12839.31,12221.06,C4007986699,3662.22,4280.47,0,0
457,CASH_IN,88.89,C4434422378,1099.39,1010.5,C9474999154,9938.21,10027.1,0,0
1,CASH_OUT,619.6,C1475286208,266.34,0.0,M163965956,26232.46,26852.06,0,0
51,CASH_OUT,14.16,C1064605789,6828.93,6814.77,M847559020,360.26,374.42,0,0
685,PAYMENT,500.48,C5721307425,982.61,482.13,M126259206,139.99,640.47,0,0
717,CASH_OUT,1497.49,C7376067204,10083.81,8586.32,M532697130,5.3,1502.79,0,0
446,CASH_OUT,281.8,C6379511914,1568968.52,1568686.72,M119896184,1.11,282.91,0,0
449,CASH_OUT,1672.06,C3585943697,106.17,0.0,M239027756,316.41,1988.47,0,0
488,PAYMENT,2051.73,C5597128612,9916.73,7865.0,M610849732,9238.01,11289.74,0,0
34,CASH_OUT,699.69,C7448434032,5403.91,4704.22,M932036638,545.85,1245.54,0,0
348,PAYMENT,13851.38,C5322783099,93739.59,79888.21,M561728125,1145.58,14996.96,0,0
95,CASH_OUT,6050.59,C4850992863,10779.15,4728.56,M675202962,31.39,6081.98,0,0
72,CASH_OUT,1414.69,C9927297224,55957.31,54542.62,M424376035,131.98,1546.67,0,0
551,CASH_IN,820.78,C6814686923,93.74,0.0,C3639746175,7508.39,8329.17,0,0
154,CASH_OUT,241.59,C6575715162,45.2,0.0,M761352008,1219.78,1461.37,0,0
250,PAYMENT,110.57,C2354321484,104.42,0.0,M639099003,126.22,236.79,0,0
674,CASH_OUT,1988.17,C5915097710,740.92,0.0,M180705239,2150.24,4138.41,0,0
438,PAYMENT,270.88,C3016607272,34762.18,34491.3,M741873041,547.18,818.06,0,0
118,CASH_OUT,53.08,C9485524485,60740.48,60687.4,M215463996,6078.32,6131.4,0,0
306,CASH_OUT,81.1,C9933702247,440.51,359.41,M488953771,1362.62,1443.72,0,0
268,PAYMENT,105.6,C2456206660,828.35,722.75,M286437448,177.83,283.43,0,0
54,TRANSFER,13454.98,C8299574110,58.56,0.0,C1335873847,231.24,13686.22,0,0
236,CASH_OUT,2198.78,C7640053290,1315.43,0.0,M763924837,13.08,2211.86,0,0
389,PAYMENT,432.05,C1599950738,668.12,236.07,M304934945,7.05,439.1,0,0
734,CASH_IN,923.25,C8792925981,672.96,0.0,C5078334723,133.25,1056.5,0,0
401,PAYMENT,1164.51,C3340620468,20990.33,19825.82,M655758998,11889.7,13054.21,0,0
624,CASH_IN,71.01,C3724978077,3017.02,2946.01,C5908220323,1175.59,1246.6,0,0
303,CASH_OUT,39.05,C4464787094,41.74,2.69,M180486105,194.58,233.63,0,0
207,TRANSFER,3304.65,C3727388849,1.87,0.0,C2703914790,2102.56,5407.21,0,0
229,PAYMENT,27.13,C5840482319,4358.72,4331.59,M600265898,6562.97,6590.1,0,0
578,CASH_OUT,389.61,C3849636081,1960.46,1570.85,M137828639,87.9,477.51,0,0
75,CASH_IN,95.25,C5451449581,2818.97,2723.72,C2979355067,88.95,184.2,0,0
435,PAYMENT,627.65,C7685124902,1961.09,1333.44,M303875680,1177476.98,1178104.63,0,0
103,PAYMENT,243.2,C1992689922,62.72,0.0,M499030283,43.35,286.55,0,0
422,CASH_IN,1173.76,C5894657565,682.37,0.0,C4629302396,101.42,1275.18,0,0
704,PAYMENT,3.97,C1048047116,510.75,506.78,M221533581,164.98,168.95,0,0
738,CASH_OUT,3794.62,C8684075914,895.01,0.0,M720014604,33.23,3827.85,0,0
306,PAYMENT,1755.95,C7130206283,9856.62,8100.67,M885702575,3.27,1759.22,0,0
98,CASH_OUT,3050.59,C5570919701,258.92,0.0,M542470718,506.16,3556.75,0,0
335,CASH_IN,2423.03,C7129619467,60.95,0.0,C3591774372,83.9,2506.93,0,0
435,TRANSFER,755.66,C3626458855,31252.93,30497.27,C4210401134,1223.6,1979.26,0,0
447,PAYMENT,111.87,C2024156354,176.68,64.81,M615884303,49.97,161.84,0,0
308,PAYMENT,969.58,C2020468306,19556.92,18587.34,M921944126,9373.8,10343.38,0,0
249,CASH_OUT,719.87,C1574979697,237673.76,236953.89,M457406289,353.52,1073.39,0,0
166,CASH_OUT,2328.84,C8305836648,47464.75,45135.91,M669105167,49.33,2378.17,0,0
481,TRANSFER,1398.7,C3673910826,5774.67,4375.97,C5934453270,73.15,1471.85,0,0
335,CASH_OUT,487.1,C2578561550,668.17,181.07,M680244087,214.75,701.85,0,0
542,PAYMENT,959.35,C4301613796,10750.44,9791.09,M910624377,12367.71,13327.06,0,0
106,CASH_IN,1145.34,C2239574212,1035.59,0.0,C6586492728,93.9,1239.24,0,0
563,CASH_IN,3556.96,C3417811713,37743.35,34186.39,C6709831114,7.2,3564.16,0,0
81,PAYMENT,12987.75,C4106700950,5411.82,0.0,M378146095,31341.25,44329.0,0,0
133,PAYMENT,1331.64,C7919891732,2823.72,1492.08,M478559016,4.43,1336.07,0,0
138,PAYMENT,1156.03,C8774328877,1240.35,84.32,M588588466,144473.32,145629.35,0,0
184,TRANSFER,258.27,C6051938304,318.81,60.54,C2352170644,4.04,262.31,0,0
401,PAYMENT,203.03,C4899980214,1090.46,887.43,M491125383,151.11,354.14,0,0
330,PAYMENT,94.48,C2609913456,2280.3,2185.82,M165597645,135.13,229.61,0,0
508,CASH_OUT,1.0,C5355736991,576.88,575.88,M509618568,3611.48,3612.48,0,0
69,CASH_OUT,75.31,C9427695910,2310.07,2234.76,M728529547,2314.69,2390.0,0,0
546,PAYMENT,285.59,C5632102185,12887.55,12601.96,M764780750,52567.68,52853.27,0,0
53,TRANSFER,218.65,C1624516508,2194.98,1976.33,C1817777428,9.04,227.69,0,0
450,CASH_IN,1005.47,C4972196327,288.29,0.0,C8031004385,5.39,1010.86,0,0
205,TRANSFER,80.8,C4371716659,1.12,0.0,C7746137853,5567.0,5647.8,0,0
126,PAYMENT,88.23,C3116244658,22797.35,22709.12,M312975733,118493.71,118581.94,0,0
43,CASH_IN,5.89,C6844378586,831.77,825.88,C7774118428,8534.02,8539.91,0,0
111,CASH_IN,1035.73,C3367526968,1810.14,774.41,C8688165473,2544.79,3580.52,0,0
663,PAYMENT,68.33,C8609409546,4283.31,4214.98,M898018578,7851.46,7919.79,0,0
183,CASH_OUT,96.35,C8589459266,4286.05,4189.7,M405227953,13.88,110.23,0,0
95,PAYMENT,1248.25,C8427278299,7291.43,6043.18,M997213765,225.42,1473.67,0,0
374,CASH_IN,69.03,C4254670032,13657.98,13588.95,C4122337672,438.18,507.21,0,0
520,CASH_OUT,863.22,C9023099732,7250.68,6387.46,M122331733,311.57,1174.79,0,0
360,TRANSFER,36.12,C3394247985,0.45,0.0,C5982873070,1516.51,1552.63,0,0
696,CASH_OUT,386.74,C6007957505,2929.1,2542.36,M293831656,378.64,765.38,0,0
281,CASH_IN,119.19,C9315726035,2074.53,1955.34,C4334685988,132.68,251.87,0,0
195,PAYMENT,236.85,C3624418094,582.89,346.04,M646924611,22.7,259.55,0,0
195,CASH_IN,8294.6,C5435079925,3636.68,0.0,C2127169727,281.28,8575.88,0,0
667,PAYMENT,15.2,C4289184157,1153.58,1138.38,M416237131,15.8,31.0,0,0
93,TRANSFER,6938.36,C3403756508,265.1,0.0,C4916209202,318.82,7257.18,0,0
672,PAYMENT,64.23,C8188290402,24145.89,24081.66,M238599482,909.26,973.49,0,0
61,CASH_OUT,2294.26,C8771549203,2616.18,321.92,M343089352,77.36,2371.62,0,0
634,PAYMENT,3410.57,C7842491797,1687.89,0.0,M569124030,2610.38,6020.95,0,0
51,CASH_OUT,954.25,C3808012878,6.0,0.0,M645597054,5291.17,6245.42,0,0
403,CASH_OUT,35.27,C3039318439,224488.68,224453.41,M955239851,115.12,150.39,0,0
5,PAYMENT,695.66,C7051012099,10.37,0.0,M882560119,155.35,851.01,0,0
466,CASH_IN,67448.83,C9280189747,4066.38,0.0,C1331459037,2525.82,69974.65,0,0
604,PAYMENT,412.6,C4000544577,6518.72,6106.12,M759830876,32.37,444.97,0,0
682,PAYMENT,329.76,C9270417490,66906.09,66576.33,M563796908,25.3,355.06,0,0
534,PAYMENT,272.02,C7013731831,99.07,0.0,M158198195,167.17,439.19,0,0
405,CASH_OUT,1131.3,C1362872864,145.19,0.0,M502270736,385.8,1517.1,0,0
513,TRANSFER,338.88,C1422850202,8110.72,7771.84,C9790977548,102.19,441.07,0,0
645,PAYMENT,712.79,C3198160233,5582.11,4869.32,M518206765,1686.49,2399.28,0,0
233,TRANSFER,224.83,C1735220908,77226.47,77001.64,C1688041152,13.42,238.25,0,0
524,CASH_OUT,50.78,C2397053057,16622.76,16571.98,M566000357,1242.5,1293.28,0,0
346,CASH_OUT,41945.99,C4392463283,470.59,0.0,M713304027,104.79,42050.78,0,0
46,CASH_IN,332.52,C4747569662,830.78,498.26,C2007707095,21425.83,21758.35,0,0
546,PAYMENT,242025.02,C7291040759,4054.38,0.0,M722669249,3945.7,245970.72,0,0
78,CASH_OUT,943.72,C1557507507,24.02,0.0,M529604630,553.14,1496.86,0,0
730,CASH_OUT,1339.38,C4422801846,4459.18,3119.8,M974668338,363.92,1703.3,0,0
73,CASH_IN,217.33,C6946020662,5343.13,5125.8,C7635144529,111.27,328.6,0,0
249,PAYMENT,123.23,C8273559979,144.73,21.5,M952188343,0.51,123.74,0,0
47,PAYMENT,227.39,C3313670657,643.9,416.51,M735925299,532.09,759.48,0,0
121,CASH_OUT,76.35,C5826751845,7.73,0.0,M366487861,6909.15,6985.5,0,0
214,PAYMENT,63.47,C2432152495,11183.88,11120.41,M816397711,38.13,101.6,0,0
239,DEBIT,14316.99,C1602483220,3117.82,0.0,M877615583,51.49,14368.48,0,0
56,CASH_OUT,1997.21,C8541538292,41.83,0.0,M356296258,523.07,2520.28,0,0
350,PAYMENT,8073.73,C8095575102,77.47,0.0,M217137152,17.03,8090.76,0,0
107,CASH_IN,3826.86,C1230624955,370.0,0.0,C6076952556,64.9,3891.76,0,0
48,CASH_OUT,121.18,C9294093839,9165.77,9044.59,M268840089,133.88,255.06,0,0
573,PAYMENT,18.55,C5385030827,3871.28,3852.73,M550625383,550.21,568.76,0,0
337,PAYMENT,160.73,C8640619678,140.39,0.0,M797934267,69858.61,70019.34,0,0
26,PAYMENT,484.76,C4778895722,248.84,0.0,M294860525,357.94,842.7,0,0
257,PAYMENT,3978.6,C1308745579,1250.74,0.0,M497369891,1047.84,5026.44,0,0
8,PAYMENT,361.69,C5585888072,148.17,0.0,M913763592,334.09,695.78,0,0
625,PAYMENT,152166.65,C3402531759,298.53,0.0,M959253894,853.21,153019.86,0,0
253,PAYMENT,169.8,C5261391692,6183.7,6013.9,M695999262,588.55,758.35,0,0
692,PAYMENT,1315.69,C3670026568,51.06,0.0,M803585184,4525.17,5840.86,0,0
719,CASH_OUT,121.85,C7002412980,768.22,646.37,M465569219,27340.63,27462.48,0,0
303,PAYMENT,909.2,C7583620745,637.84,0.0,M452898373,277.87,1187.07,0,0
639,TRANSFER,313.83,C1238240128,985.22,671.39,C4116320072,162.17,476.0,0,0
56,PAYMENT,245.35,C8311373891,2122.88,1877.53,M358499965,151835.46,152080.81,0,0
726,CASH_IN,117.03,C3248054073,5097.34,4980.31,C6953673241,28526.18,28643.21,0,0
526,PAYMENT,541.9,C9702893343,7789.62,7247.72,M493772758,971.28,1513.18,0,0
474,CASH_IN,2148.11,C7614109534,464.12,0.0,C1257862793,9403.28,11551.39,0,0
28,TRANSFER,57.39,C9717243443,751.01,693.62,C2690275019,23786.33,23843.72,0,0
78,CASH_OUT,366.08,C4474803660,2636.98,2270.9,M742611998,234.64,600.72,0,0
216,PAYMENT,1081.68,C6442292964,1720.47,638.79,M607725647,4664.22,5745.9,0,0
386,PAYMENT,1580.95,C5668552287,4567.7,2986.75,M139214015,634.06,2215.01,0,0
365,PAYMENT,16748.36,C7934410916,3375.27,0.0,M699618742,682.1,17430.46,0,0
666,CASH_OUT,1283.51,C7666775556,139.81,0.0,M289763196,3102.35,4385.86,0,0
526,CASH_IN,181.26,C7239460308,118909.37,118728.11,C7877649073,33521.65,33702.91,0,0
699,CASH_OUT,129.54,C2667296703,1106.76,977.22,M436056213,1656.99,1786.53,0,0
312,PAYMENT,126.4,C3985229555,6306.02,6179.62,M248481323,4314.47,4440.87,0,0
7,PAYMENT,113.07,C4286089870,5046.59,4933.52,M278222404,4240.58,4353.65,0,0
3,CASH_OUT,621.09,C5313897984,2164.22,1543.13,M115612679,11636.55,12257.64,0,0
623,CASH_IN,935.52,C5722546156,2112.95,1177.43,C4244997594,1889.51,2825.03,0,0
363,CASH_IN,2098.73,C2017796414,11140.39,9041.66,C7700516955,799.8,2898.53,0,0
508,PAYMENT,1525.37,C9070037780,651.5,0.0,M443722471,189.12,1714.49,0,0
274,PAYMENT,4876.65,C1472505070,7623.62,2746.97,M312944593,2312.17,7188.82,0,0
506,CASH_OUT,105.86,C9901779826,3850.89,3745.03,M276621689,171.03,276.89,0,0
739,CASH_IN,10646.31,C2399974821,20732.89,10086.58,C3202393532,569.41,11215.72,0,0
15,CASH_OUT,114.51,C3714896129,317.03,202.52,M800846762,34.17,148.68,0,0
192,PAYMENT,809.05,C8121525850,1353.94,544.89,M998939958,89676.09,90485.14,0,0
631,CASH_IN,273.28,C2519124286,129.27,0.0,C1269390738,29.12,302.4,0,0
485,CASH_OUT,384.6,C5910213416,17578.48,17193.88,M201036085,1836.67,2221.27,0,0
28,CASH_IN,1547.78,C3016304353,172.75,0.0,C1234592079,64.38,,0,0
714,CASH_OUT,22.72,C4176417405,2515.24,2492.52,M284584446,14.53,37.25,0,0
39,TRANSFER,76.6,C1508898424,352.75,276.15,C3103406457,1505.43,1582.03,0,0
273,CASH_OUT,1805.25,C8132531026,19014.6,17209.35,M965044916,19566.69,21371.94,0,0
231,PAYMENT,401.7,C4318235723,947.35,545.65,M304058894,66.82,468.52,0,0
86,CASH_OUT,241.47,C6840717477,5585.06,5343.59,M987738368,2004.03,2245.5,0,0
474,CASH_IN,42.87,C6520423111,73.0,30.13,C1106400482,41684.94,41727.81,0,0
126,PAYMENT,244.88,C8156478537,226.33,0.0,M978721099,142618.08,142862.96,0,0
537,CASH_OUT,1574.82,C5977157345,5002.05,3427.23,M821304251,,1806.53,0,0
145,PAYMENT,130.72,C2766564978,27650.01,27519.29,M644605317,419.54,550.26,0,0
525,PAYMENT,6174.15,C7270242309,4085.43,0.0,M224704764,635.44,6809.59,0,0
212,PAYMENT,3476.46,C9672558371,423988.68,420512.22,M687043518,2921.0,6397.46,0,0
25,CASH_IN,200.32,C6533357943,7932.31,7731.99,C7711476744,307.92,508.24,0,0
580,PAYMENT,122.89,C5729970946,1141.45,1018.56,M668347955,2438.19,2561.08,0,0
394,CASH_OUT,1.6,C1039247464,491.52,489.92,M241298136,414.12,415.72,0,0
67,CASH_OUT,46.82,C9785421745,103019.23,102972.41,M563671093,72.76,119.58,0,0
233,PAYMENT,41.4,C9371954935,8255.37,8213.97,M364423397,1467.78,1509.18,0,0
109,PAYMENT,23.06,C9331127222,302.3,279.24,M830109006,114.07,137.13,0,0
146,PAYMENT,375.42,C5787960381,211.2,0.0,M470446133,40.14,415.56,0,0
111,CASH_OUT,753.07,C9947656241,208.65,0.0,M360556927,484.73,,0,0
228,PAYMENT,15203.95,C9705067167,3936.82,0.0,M959940515,62.44,15266.39,0,0
111,TRANSFER,460.81,C1272998256,24.65,0.0,C6997372260,195.69,656.5,0,0
470,CASH_OUT,6.91,C9977198941,305.71,298.8,M571239664,5449.58,5456.49,0,0
34,PAYMENT,90.42,C6724913641,2307.26,2216.84,M859809704,108.01,198.43,0,0
623,CASH_IN,1368.03,C2613418674,1175.01,0.0,C4781754484,23.49,1391.52,0,0
369,CASH_IN,342.81,C8561924119,351.61,8.8,C5757453962,2061.56,2404.37,0,0
595,CASH_OUT,2238.71,C1601069977,6229.56,3990.85,M872870957,7411.18,9649.89,0,0
554,PAYMENT,144.39,C4680939154,6150.38,6005.99,M516155038,159.36,303.75,0,0
425,CASH_IN,4040.3,C8404355496,638.32,0.0,C6811517412,13760.92,17801.22,0,0
613,CASH_OUT,659.88,C2102102168,290.45,0.0,M122639786,1984.44,2644.32,0,0
518,PAYMENT,694.34,C6085082418,9522.78,8828.44,M700476532,17510.62,18204.96,0,0
692,CASH_OUT,544.52,C4055203096,737.45,192.93,M884982561,43.8,588.32,0,0
282,PAYMENT,87.33,C8248382744,1135.83,1048.5,M704711470,5.21,92.54,0,0
320,PAYMENT,359.83,C7385923518,7762.94,7403.11,M536660960,1753.64,2113.47,0,0
738,CASH_IN,725.98,C4317093913,70.1,0.0,C9859453564,460.84,1186.82,0,0
443,CASH_OUT,24.5,C5171315358,300.18,275.68,M208431663,840.07,864.57,0,0
315,PAYMENT,473.04,C2957235829,571.18,98.14,M670483971,1352.55,1825.59,0,0
741,PAYMENT,4581.38,C5283338285,129039.04,124457.66,M204010514,22400.5,26981.88,0,0
377,PAYMENT,960.68,C5033448893,47.87,0.0,M196781371,90.57,1051.25,0,0
289,CASH_IN,6214.13,C9305128524,1211.3,0.0,C8665350413,31800.68,38014.81,0,0
437,PAYMENT,911.83,C7956506794,119.53,0.0,M866235680,129.14,1040.97,0,0
662,TRANSFER,67.0,C1662062432,352583.3,352516.3,C8182947281,1548.98,1615.98,0,0
277,PAYMENT,1961.61,C8055954674,2136.75,175.14,M741973383,1210.76,3172.37,0,0
710,PAYMENT,41.18,C6691185832,101.21,60.03,M690495778,62.99,104.17,0,0
582,CASH_IN,265.9,C7641869398,17.9,0.0,C9092197302,1401.79,1667.69,0,0
503,CASH_OUT,232.29,C2489429939,5064.56,4832.27,M600117208,37.19,269.48,0,0
624,CASH_OUT,103.9,C7159540284,1777.21,1673.31,M583302552,3.35,107.25,0,0
516,CASH_IN,47001.48,C5760574001,5373.95,0.0,C5679974402,4999.55,52001.03,0,0
350,PAYMENT,348.87,C4628143811,88.55,0.0,M158662670,5749.7,6098.57,0,0
446,CASH_IN,15064.91,C7063236370,117090.88,102025.97,C9239505376,11.93,15076.84,0,0
350,TRANSFER,802.06,C8688093451,1345.8,543.74,C6596925219,224.62,1026.68,0,0
607,PAYMENT,78.11,C1084290060,3168.47,3090.36,M162606381,26.76,104.87,0,0
664,PAYMENT,177.83,C6116209757,5217.68,5039.85,M184239592,2062.07,2239.9,0,0
137,PAYMENT,373.54,C5784091170,1417.57,1044.03,M888855447,6802.77,7176.31,0,0
243,CASH_OUT,203.65,C9561287122,28677.98,28474.33,M758308489,46.44,250.09,0,0
543,CASH_IN,233.25,C8538040526,291.54,58.29,C9743526969,1.78,235.03,0,0
40,CASH_IN,1270.91,C6638048536,14126.5,12855.59,C7343636399,1428.84,2699.75,0,0
229,PAYMENT,837.77,C4814901032,30725.7,29887.93,M548108050,1855.53,2693.3,0,0
548,CASH_OUT,1603.57,C1272322888,14641.25,13037.68,M435824103,47.02,1650.59,0,0
223,CASH_OUT,8547.29,C1509492671,39571.5,31024.21,M561249935,117.2,8664.49,0,0
6,CASH_OUT,157.12,C7074197485,176.64,0.0,M475777349,58.97,58.97,1,0
322,CASH_IN,3743.53,C2285690914,3795.63,52.1,C9680004937,420.61,4164.14,0,0
468,CASH_OUT,6549.89,C5582509253,3113.65,0.0,M622124730,3267.28,9817.17,0,0
732,CASH_IN,5365.8,C8120747124,1322.46,0.0,C3858353423,1142.37,6508.17,0,0
75,PAYMENT,11.94,C3458895803,5257.01,5245.07,M207064065,1599.66,1611.6,0,0
4,CASH_IN,14696.62,C2298289178,22416.43,7719.81,C6513840647,16.65,14713.27,0,0
646,PAYMENT,112.98,C5878321250,180.21,67.23,M713725276,99.58,,0,0
118,PAYMENT,10.16,C6841845971,53.64,43.48,M562688770,7752.06,7762.22,0,0
606,PAYMENT,13991.71,C5928838660,656.86,0.0,M728129612,20.23,14011.94,0,0
504,CASH_IN,1126.43,C5237046941,2.2,0.0,C1284418866,50.24,1176.67,0,0
574,PAYMENT,1223.43,C1922636649,922.01,0.0,M790899751,1972.26,3195.69,0,0
441,PAYMENT,207.65,C4292334410,39110.08,38902.43,M103352306,4.26,211.91,0,0
194,PAYMENT,580.68,C7802942272,31.23,0.0,M312486917,33.51,614.19,0,0
715,CASH_OUT,305.32,C4219362048,385.98,80.66,M851602278,2917.95,3223.27,0,0
392,PAYMENT,115.77,C3349907595,63.96,0.0,M615355696,8.9,124.67,0,0
26,TRANSFER,422.41,C8235179719,2956.55,2534.14,C9636468909,59.89,482.3,0,0
435,CASH_OUT,505.87,C2765385723,5388.83,4882.96,M229460142,1833.92,2339.79,0,0
173,CASH_OUT,28.7,C3813644842,1156.98,1128.28,M667334266,25.09,53.79,0,0
300,CASH_OUT,450.91,C3357758674,197.92,0.0,M755822407,3425.65,3876.56,0,0
645,PAYMENT,11.3,C6681468189,1764.59,1753.29,M673687930,804.2,815.5,0,0
326,CASH_OUT,18782.91,C3798884471,24176.98,5394.07,M687423539,210.31,18993.22,0,0
410,PAYMENT,328.6,C1865643272,10139.65,9811.05,M241168599,3.5,332.1,0,0
118,CASH_OUT,47.32,C8755461934,396.56,349.24,M352660901,427.5,474.82,0,0
724,CASH_OUT,1126.01,C5823297536,487.63,0.0,M219034678,8.0,1134.01,0,0
225,CASH_IN,90.61,C8207550279,455.18,364.57,C8396889838,5.46,96.07,0,0
532,CASH_OUT,380.5,C4911858212,3737.1,3356.6,M424642345,1085.27,1465.77,0,0
113,TRANSFER,1003.25,C7040854827,34.65,0.0,C1998314233,805.07,1808.32,0,0
140,CASH_OUT,52.81,C1866992362,4258.71,4205.9,M142122649,2.66,55.47,0,0
559,PAYMENT,19918.79,C1459876378,283.29,0.0,M179983243,202.3,20121.09,0,0
1,CASH_OUT,24096.67,C2544460583,565.45,0.0,M541125627,1313.49,25410.16,0,0
90,PAYMENT,141.05,C5592643627,176.5,35.45,M358009816,782.03,923.08,0,0
654,DEBIT,42.66,C4178261337,6823.92,6781.26,M110803858,,706.17,0,0
320,CASH_IN,139.77,C2006616955,249.18,109.41,C5120458338,211.26,351.03,0,0
550,CASH_OUT,155.54,C3223464132,99.64,0.0,M892777132,5921.73,6077.27,0,0
139,PAYMENT,3717.11,C9292051361,257.79,0.0,M317116963,612.65,4329.76,0,0
511,PAYMENT,144.69,C2619663979,73.31,0.0,M772650271,6829.59,6974.28,0,0
259,CASH_OUT,39.51,C3510292283,9454.39,9414.88,M791795138,450.36,489.87,0,0
673,CASH_OUT,494.3,C3160119213,69.62,0.0,M742022532,23.54,517.84,0,0
690,CASH_IN,20.46,C3831263380,984.23,963.77,C2419285585,623.86,644.32,0,0
10,TRANSFER,3415.2,C1518744337,215.6,0.0,C5543308151,14.01,3429.21,0,0
261,DEBIT,1339.41,C1830633633,55345.98,54006.57,M998989518,1174.05,2513.46,0,0
650,CASH_IN,121.54,C7368704437,3157.03,3035.49,C1202066833,46728.56,46850.1,0,0
172,PAYMENT,151.19,C6308697186,227.45,76.26,M405398214,471.78,622.97,0,0
13,CASH_OUT,663.46,C7158992028,1683.88,1020.42,M457678357,316.02,979.48,0,0
168,CASH_OUT,44.43,C1125853531,112.9,68.47,M158491095,3856.11,3900.54,0,0
642,CASH_OUT,83.45,C7990278745,5876.35,5792.9,M341914389,767.4,850.85,0,0
596,CASH_IN,257.03,C9066642641,1667.82,1410.79,C3857501386,155425.86,155682.89,0,0
321,CASH_IN,28.86,C5499364512,3125.82,3096.96,C9588507772,364.01,392.87,0,0
319,CASH_IN,162.6,C6659780825,101.09,0.0,C5202627410,894.85,1057.45,0,0
613,TRANSFER,47.18,C6528656161,34.48,0.0,C8271257326,5369.24,5416.42,0,0
329,CASH_IN,6991.14,C9763387510,17.14,0.0,C2060834633,10.45,7001.59,0,0
550,DEBIT,180.03,C1457751051,20.71,0.0,M214834723,2407.25,2587.28,0,0
419,CASH_OUT,60.72,C9213960853,1126.89,1066.17,M850273424,134.89,195.61,0,0
606,CASH_IN,1554.48,C4055275671,133859.03,132304.55,C8131720619,189.06,1743.54,0,0
95,PAYMENT,114.78,C7186737658,404.18,289.4,M827657386,2748.51,2863.29,0,0
581,CASH_OUT,44.48,C4775418569,258.04,213.56,M204611121,71.07,115.55,0,0
318,TRANSFER,2380.49,C8801976481,957.54,0.0,C5880577373,222.53,2603.02,0,0
236,CASH_IN,211.39,C4757843216,153.62,0.0,C2408327089,277.04,488.43,0,0
334,CASH_OUT,2169.05,C1168165837,44.5,0.0,M118869283,326.25,2495.3,0,0
376,CASH_OUT,391.46,C3802533381,213.49,0.0,M864974660,71.38,462.84,0,0
459,PAYMENT,522.38,C3078346277,621.79,99.41,M703429056,1625.53,2147.91,0,0
137,PAYMENT,1244.34,C7079802519,114520.48,113276.14,M424104784,20.68,1265.02,0,0
588,TRANSFER,113.33,C6842384487,323.35,210.02,C4594178869,3.66,116.99,0,0
547,CASH_OUT,79.8,C2709612945,1784.6,1704.8,M967392691,192.66,272.46,0,0
513,CASH_OUT,4463.43,C2710386123,35.52,0.0,M960361749,1535.59,5999.02,0,0
296,CASH_OUT,1284.13,C6772969845,6214.75,4930.62,M589472986,1647.34,2931.47,0,0
320,CASH_OUT,352.48,C5013311995,172.73,0.0,M362480928,876.27,1228.75,0,0
572,CASH_OUT,1981.09,C8982338909,65.14,0.0,M223910548,173.13,2154.22,0,0
349,TRANSFER,1188.35,C7210196100,83.91,0.0,C2001333891,1099.25,2287.6,0,0
229,PAYMENT,2661.4,C8343919805,220.34,0.0,M825909160,285.47,2946.87,0,0
270,PAYMENT,41.03,C8061026123,60.93,19.9,M571153797,340.02,381.05,0,0
291,CASH_OUT,354.83,C6294683665,2271.53,1916.7,M541657883,0.72,355.55,0,0
725,CASH_OUT,3864.57,C3457479879,72.9,0.0,M307258059,132.26,3996.83,0,0
165,CASH_IN,11550.16,C6548599597,5511.75,0.0,C5192307187,2.94,11553.1,0,0
5,PAYMENT,138.12,C8405738645,307.49,169.37,M385250553,80289.83,80427.95,0,0
379,CASH_IN,554.65,C1442286341,110.78,0.0,C2426153260,3472.72,4027.37,0,0
78,PAYMENT,419.34,C4682966098,198.71,0.0,M807481888,8012.68,8432.02,0,0
410,CASH_OUT,33.5,C6132515454,86.57,53.07,M344849812,112.37,145.87,0,0
574,PAYMENT,226.98,C8420984872,1157.43,930.45,M529158504,331.14,558.12,0,0
132,CASH_OUT,17.16,C2727700484,280.61,263.45,M984016376,15.7,32.86,0,0
601,CASH_IN,288.69,C7612057314,17649.18,17360.49,C7968904679,22.55,311.24,0,0
42,CASH_OUT,50.6,C1507629974,3.44,0.0,M473251674,208.22,258.82,0,0
89,PAYMENT,566.7,C9058107053,20338.93,19772.23,M839583025,100.75,667.45,0,0
402,CASH_OUT,217.07,C4780544573,204.06,0.0,M530896479,1244.44,,0,0
296,PAYMENT,210.27,C3636834717,59935.76,59725.49,M153221376,1085.43,1295.7,0,0
295,TRANSFER,9016.78,C6249865071,1482.11,0.0,C5006309248,149.54,9166.32,0,0
616,PAYMENT,464.81,C7402520497,22009.89,21545.08,M730842514,3211.19,3676.0,0,0
526,PAYMENT,17265.14,C2817368312,906.59,0.0,M987311249,22.47,17287.61,0,0
691,TRANSFER,985.1,C7185697538,777.5,0.0,C5956029136,17.49,1002.59,0,0
637,PAYMENT,2061.33,C6458548330,102.29,0.0,M183535883,1429.94,3491.27,0,0
422,CASH_OUT,70.88,C9473581392,872.47,801.59,M108748705,1565.18,1636.06,0,0
23,CASH_OUT,100.75,C1196461627,90.05,0.0,M322822307,3354.48,3455.23,0,0
575,CASH_IN,417.6,C9598200751,1751.56,1333.96,C5515995027,11.02,428.62,0,0
143,CASH_IN,4564.89,C7524495063,1641.46,0.0,C5324326312,50.42,4615.31,0,0
665,CASH_OUT,195.21,C4551101738,807.06,611.85,M732754379,856.27,1051.48,0,0
145,CASH_OUT,23.04,C7918843718,24159.7,24136.66,M294506545,908.94,931.98,0,0
225,DEBIT,894.25,C5893507143,3804.75,2910.5,M828430210,45944.44,46838.69,0,0
503,CASH_OUT,458.5,C5735638766,109.91,0.0,M458294427,31.3,489.8,0,0
616,PAYMENT,134.02,C7073931124,4541.05,4407.03,M930029000,84276.63,84410.65,0,0
104,CASH_OUT,191.31,C1309113859,11849.98,11658.67,M568930437,1470.94,1662.25,0,0
39,CASH_IN,70.66,C8351101951,2.75,0.0,C1869407944,7428.84,7499.5,0,0
198,CASH_OUT,2560.13,C2389534309,73.15,0.0,M962890934,1844.96,4405.09,0,0
646,PAYMENT,422.69,C2344763977,339.45,0.0,M859873005,63.62,486.31,0,0
579,CASH_OUT,652.59,C7504037488,143.34,0.0,M953094753,100.33,752.92,0,0
391,PAYMENT,122.38,C1205983003,5406.28,5283.9,M132497627,406.55,528.93,0,0
179,CASH_IN,5839.82,C7331927347,119.59,0.0,C7242695480,8.94,5848.76,0,0
554,PAYMENT,627.41,C9555621032,91.27,0.0,M407652602,6.84,634.25,0,0
448,PAYMENT,5.57,C6530067534,1991.88,1986.31,M350276094,86.06,91.63,0,0
500,PAYMENT,1012.28,C3910759264,615.55,0.0,M627077173,2322.88,3335.16,0,0
15,CASH_OUT,237.78,C2416920683,18147.86,17910.08,M460948157,77.81,315.59,0,0
623,CASH_IN,290.65,C1822546894,2772.03,2481.38,C4723764583,338.56,629.21,0,0
669,CASH_OUT,2943.58,C6195133765,5426712.8,5423769.22,M906806452,278.27,3221.85,0,0
289,CASH_IN,481.61,C8982737746,71.75,0.0,C2329649617,5023.83,5505.44,0,0
478,CASH_OUT,12390.49,C2114958536,23.99,0.0,M437471059,1166.49,13556.98,0,0
231,CASH_OUT,498.29,C3803476373,34179.36,33681.07,M536747907,3415.92,3914.21,0,0
420,CASH_OUT,158.66,C1912817018,2342539.72,2342381.06,M639115615,7454.61,7613.27,0,0
157,PAYMENT,10.73,C1093778339,627.52,616.79,M396229530,34.12,44.85,0,0
550,PAYMENT,95.99,C4498698255,494.99,399.0,M610586200,2.2,98.19,0,0
441,CASH_IN,211.77,C8972158171,1507.5,1295.73,C9738825644,145.1,356.87,0,0
97,CASH_OUT,7574.76,C4782037359,130.12,0.0,M910901846,6852.67,14427.43,0,0
411,CASH_OUT,160.6,C5450863885,8.48,0.0,M712291704,2284.22,2444.82,0,0
289,CASH_IN,10764.66,C4268134349,2012.6,0.0,C1027782292,156.89,10921.55,0,0
254,CASH_IN,40.58,C6633700575,1123.16,1082.58,C5121597521,48844.05,48884.63,0,0
196,CASH_OUT,86.06,C7315540240,34.5,0.0,M116698650,2810.6,2896.66,0,0
598,PAYMENT,3842.79,C2751982225,234.36,0.0,M970379213,89.55,3932.34,0,0
522,PAYMENT,122.7,C7089699919,32.6,0.0,M133305127,7429.17,7551.87,0,0
517,CASH_IN,3635.34,C6593609929,2776.08,0.0,C9298531230,7.73,3643.07,0,0
635,CASH_IN,77.28,C5854958836,1025.31,948.03,C6571971335,922.73,1000.01,0,0
118,CASH_IN,94.43,C8193380093,1644.32,1549.89,C3090337218,107.29,201.72,0,0
159,CASH_IN,1456.36,C9951587719,4022.32,2565.96,C9351394390,340.57,1796.93,0,0
228,CASH_OUT,79.47,C5557743081,16993.1,16913.63,M878973892,1831.17,1910.64,0,0
216,CASH_IN,233.04,C8222328041,1711.26,1478.22,C7896362404,4076.78,4309.82,0,0
696,PAYMENT,888.52,C8276915634,5104.83,4216.31,M431833999,533.78,1422.3,0,0
15,CASH_OUT,243.42,C1855042288,103531.85,103288.43,M440579597,232.43,475.85,0,0
157,PAYMENT,130.95,C4239898139,12288.03,12157.08,M435187398,5.48,136.43,0,0
648,TRANSFER,36.07,C9032511723,1892.33,1856.26,C3538151008,8.15,44.22,0,0
261,CASH_IN,7322.13,C5404141131,1622.7,0.0,C5902946820,0.65,7322.78,0,0
157,CASH_OUT,10638.39,C7217259572,137.96,0.0,M480185318,611.39,11249.78,0,0
47,CASH_IN,779.51,C3607354551,217.87,0.0,C4924844347,4056.87,4836.38,0,0
324,CASH_IN,253.6,C8196962268,856.93,603.33,C9203028865,1.03,254.63,0,0
685,CASH_OUT,283.06,C3429735478,453.05,169.99,M241468119,5609.97,5893.03,0,0
130,PAYMENT,2131.08,C2996781240,122234.2,120103.12,M610070428,13037.67,15168.75,0,0
411,CASH_IN,3176.59,C3341991081,2785.4,0.0,C4560522452,635.43,3812.02,0,0
95,PAYMENT,136.96,C7139970205,2267.47,2130.51,M294199704,18980.51,19117.47,0,0
627,CASH_OUT,3460.67,C7566708870,20597.88,17137.21,M598165141,362.0,3822.67,0,0
292,CASH_IN,1380.47,C5016558276,1733.07,352.6,C9234745765,17.44,1397.91,0,0
283,TRANSFER,3342.41,C2339547653,550.25,0.0,C3039350526,176.66,3519.07,0,0
69,PAYMENT,16.39,C9203255728,2091.9,2075.51,M694749984,22287.35,22303.74,0,0
660,CASH_IN,174.44,C1647556715,3029.7,2855.26,C9242254550,87.11,261.55,0,0
11,PAYMENT,285.49,C7252222400,36331.78,36046.29,M959785466,1151.74,,0,0
254,CASH_OUT,157.92,C4433266648,36.83,0.0,M747473116,1569.45,1727.37,0,0
550,PAYMENT,18669.49,C4682453568,172.74,0.0,M330094762,7621.68,26291.17,0,0
134,CASH_OUT,177.73,C3351085866,913.89,736.16,M730590523,3.81,181.54,0,0
712,CASH_IN,1029.46,C3722838003,11419.38,10389.92,C2568418967,12869.13,13898.59,0,0
23,CASH_OUT,547.67,C3368951662,7848.77,7301.1,M715865412,37.98,585.65,0,0
346,PAYMENT,225.78,C4801694114,1437.76,1211.98,M602229026,17846.37,18072.15,0,0
302,PAYMENT,97.78,C6193787542,14020.15,13922.37,M628808108,162.5,260.28,0,0
363,TRANSFER,24629.42,C2884485089,203.43,0.0,C2122662028,164.27,24793.69,0,0
396,CASH_OUT,258.85,C6248063334,121588.05,121329.2,M604256671,2768.13,3026.98,0,0
218,CASH_OUT,2324.29,C2535533661,135.74,0.0,M236431286,10503.64,12827.93,0,0
141,CASH_OUT,395.72,C1011650715,15.11,0.0,M272125033,123.99,123.99,1,0
616,CASH_IN,161.19,C6153089167,4978.78,4817.59,C9826244736,199.3,360.49,0,0
210,CASH_OUT,500.99,C4120937548,30.47,0.0,M945440318,88.26,589.25,0,0
623,CASH_OUT,747.12,C6916601717,307.28,0.0,M372353659,95.79,842.91,0,0
616,CASH_OUT,157.72,C2848618817,766.69,608.97,M209045852,1396.12,1553.84,0,0
683,CASH_IN,87.42,C5395621045,3094.01,3006.59,C1212169813,321.36,408.78,0,0
460,CASH_OUT,1045.6,C6168810975,13798.78,12753.18,M507407300,9371.3,10416.9,0,0
356,CASH_OUT,509.15,C6864720719,37.55,0.0,M320135978,71.24,580.39,0,0
324,CASH_OUT,109.5,C6869118312,65.77,0.0,M887404756,2650.87,2760.37,0,0
133,PAYMENT,61.75,C8838366480,5575067.31,5575005.56,M593749370,2389.55,2451.3,0,0
127,CASH_IN,811.23,C3156841378,646.85,0.0,C2870827813,199.61,1010.84,0,0
106,PAYMENT,8.7,C7130589870,18.02,9.32,M630118973,213.32,222.02,0,0
604,TRANSFER,239.56,C6628410133,88.11,0.0,C9928220399,1364.43,1603.99,0,0
378,TRANSFER,528.57,C1985965527,293.36,0.0,C4532427535,71.48,600.05,0,0
51,PAYMENT,13034.37,C3275070587,1110.39,0.0,M157295844,162.51,13196.88,0,0
29,CASH_IN,411.97,C5372136052,21621.12,21209.15,C6129779450,15.46,427.43,0,0
462,CASH_IN,220.88,C6946801258,65167.37,64946.49,C6250867258,41.56,262.44,0,0
296,CASH_IN,712.74,C4633964845,139.6,0.0,C8143844814,30.37,743.11,0,0
297,PAYMENT,96.25,C5021220853,265.09,168.84,M234266522,,134.98,0,0
726,PAYMENT,260.38,C9908686457,1589.65,1329.27,M443930366,4.99,265.37,0,0
407,PAYMENT,427.78,C8368243690,178.56,0.0,M287768169,6.5,434.28,0,0
613,CASH_IN,1420.87,C5282836349,21635.12,20214.25,C2948406729,3539.13,4960.0,0,0
405,CASH_OUT,105.0,C9058663117,522714.16,0.0,M331935267,283.33,283.33,1,0
346,CASH_OUT,398.84,C7903030762,1156.71,757.87,M471818087,9086.3,9485.14,0,0
622,PAYMENT,11.22,C4128674367,2492.57,2481.35,M487413380,5521.36,5532.58,0,0
420,CASH_OUT,1133.84,C7767864317,253.43,0.0,M391131954,126.91,1260.75,0,0
182,PAYMENT,254.45,C3135266722,2538.59,2284.14,M105790577,39.81,294.26,0,0
1,CASH_OUT,17476.87,C1550831554,77.44,0.0,M439695535,589.61,18066.48,0,0
567,CASH_OUT,814.58,C9902247423,102.23,0.0,M859498778,132.96,947.54,0,0
371,TRANSFER,71.24,C8635812749,11.68,0.0,C3632254182,,2051.4,0,0
661,PAYMENT,45.27,C8199536154,8432.14,8386.87,M172796051,2.8,48.07,0,0
431,CASH_IN,1515.35,C8082539420,35313.53,33798.18,C2182158342,936.34,2451.69,0,0
309,CASH_OUT,14659.78,C4986278225,14423.33,0.0,M664198561,21480.25,36140.03,0,0
137,CASH_OUT,7945.23,C2716835957,1386.82,0.0,M109447421,149.36,8094.59,0,0
202,CASH_IN,35.68,C8636526722,501.04,465.36,C1218100939,1870.34,,0,0
436,CASH_IN,605.82,C7464472800,869.71,263.89,C4212756066,18.76,624.58,0,0
313,PAYMENT,3843.12,C6021322148,85.78,0.0,M306859286,89.89,3933.01,0,0
117,TRANSFER,27.6,C1241681003,11525.13,11497.53,C7489797348,44.94,72.54,0,0
666,TRANSFER,3212.27,C6651196128,15078.52,11866.25,C4872644973,18622.0,21834.27,0,0
575,TRANSFER,98.93,C8805249122,77.0,0.0,C1613280783,54425.6,54524.53,0,0
244,PAYMENT,262.19,C2751683744,106.08,0.0,M927807008,118.18,380.37,0,0
537,CASH_OUT,701.53,C8913643888,39.86,0.0,M211274968,10439.24,11140.77,0,0
602,PAYMENT,3417.39,C1827801700,580.35,0.0,M358180117,1736.05,5153.44,0,0
75,PAYMENT,8637.03,C7580067209,1038.7,0.0,M440926274,154.37,8791.4,0,0
386,CASH_OUT,211.48,C3494402030,1294.82,1083.34,M388432682,21521.93,21733.41,0,0
210,CASH_IN,154.58,C8133469253,39.24,0.0,C3600314219,94.66,249.24,0,0
475,CASH_OUT,135.31,C3362627391,175.86,40.55,M499289880,80.32,215.63,0,0
418,PAYMENT,1918.25,C3755609982,176.64,0.0,M769521189,31.12,1949.37,0,0
347,CASH_OUT,2954.58,C2873079124,6817.97,3863.39,M783985588,3710.64,6665.22,0,0
529,CASH_IN,2413.49,C5340153384,90.92,0.0,C3135897669,37.36,2450.85,0,0
640,CASH_OUT,691.99,C1388277220,1256.26,564.27,M874687688,281.08,973.07,0,0
179,CASH_IN,842.94,C4187055047,186.54,0.0,C6050780086,169.51,1012.45,0,0
182,PAYMENT,254.49,C6953064326,679.27,424.78,M800997517,108.87,363.36,0,0
664,CASH_IN,306.68,C1224916950,11660.11,11353.43,C3159392238,228.54,535.22,0,0
25,TRANSFER,2225.97,C3313529426,49.55,0.0,C3893091654,141.67,2367.64,0,0
180,PAYMENT,684.43,C7454657485,1.62,0.0,M702538343,21222.77,21907.2,0,0
710,TRANSFER,156.6,C9623092443,38.6,0.0,C6180658487,1216.88,1373.48,0,0
501,CASH_OUT,3636.05,C9870304710,3112.85,0.0,M786253517,504.32,4140.37,0,0
161,CASH_OUT,119.62,C6458926365,54.94,0.0,M986787384,143.06,262.68,0,0
177,CASH_OUT,539.91,C1597797519,184.62,0.0,M126539662,17.52,557.43,0,0
285,CASH_OUT,33.78,C1463242176,3411.3,3377.52,M945130704,83.95,117.73,0,0
63,CASH_IN,60.85,C5985527100,8182.55,8121.7,C8703017683,380.86,441.71,0,0
662,CASH_OUT,419.14,C3863829950,14497.12,14077.98,M531475727,345.57,764.71,0,0
666,PAYMENT,100.23,C2029196023,4381.1,4280.87,M899559400,589.31,689.54,0,0
156,PAYMENT,255.11,C4197775706,65.73,0.0,M113260436,15620.41,15875.52,0,0
469,PAYMENT,4566.67,C6768727211,60824.11,56257.44,M809543754,131.51,4698.18,0,0
49,PAYMENT,314.34,C5538835426,103.83,0.0,M984960323,13700.93,14015.27,0,0
84,CASH_IN,2439.87,C1518148318,223.52,0.0,C3137160513,242.8,2682.67,0,0
361,CASH_OUT,84.65,C6293128125,1081.67,997.02,M609859137,664.14,748.79,0,0
689,CASH_OUT,1209.31,C3912033817,2201.34,992.03,M635080666,314.51,1523.82,0,0
148,PAYMENT,54.58,C7649903676,39994.62,39940.04,M849826654,11159.08,11213.66,0,0
630,CASH_IN,244.8,C4871757756,225.43,0.0,C3885169045,49.36,294.16,0,0
342,PAYMENT,1311.58,C4423818541,2838.52,1526.94,M421926506,2954.29,4265.87,0,0
476,CASH_IN,413.85,C8100125327,228.61,0.0,C5218605991,31537.27,31951.12,0,0
63,PAYMENT,2656.07,C8997463168,61008.08,58352.01,M506101551,311.31,2967.38,0,0
701,PAYMENT,1533.07,C8047855640,3190.84,1657.77,M837660869,0.29,1533.36,0,0
360,CASH_OUT,217.72,C5899330256,27533.83,27316.11,M548350885,24.39,242.11,0,0
561,PAYMENT,5398.61,C6404998278,61.45,0.0,M286761542,137.18,5535.79,0,0
327,CASH_IN,965.47,C3738466652,269.67,0.0,C9493376024,1088.41,2053.88,0,0
736,CASH_OUT,247.8,C6837660007,2041.92,1794.12,M494027586,10844.47,11092.27,0,0
141,CASH_OUT,539.98,C8862682009,28645.2,28105.22,M702984441,,852.85,0,0
215,CASH_IN,483.88,C6904136221,13104.06,12620.18,C2229582430,134.1,617.98,0,0
435,PAYMENT,603.76,C3509924290,46679.88,46076.12,M729151597,2132.1,2735.86,0,0
723,CASH_OUT,303.83,C2685271748,31361.45,31057.62,M970415664,267.7,571.53,0,0
318,PAYMENT,849.85,C1692324549,7683.43,6833.58,M285640361,430.69,1280.54,0,0
32,CASH_OUT,1957.92,C4484177940,1609.1,0.0,M713622351,120.35,2078.27,0,0
670,CASH_IN,944.95,C3012033102,67.53,0.0,C7958658674,24138.5,25083.45,0,0
285,CASH_OUT,882.76,C9593107312,5.15,0.0,M745028572,647.38,1530.14,0,0
305,CASH_IN,329.85,C8608414198,1496.44,1166.59,C9497234986,7674.45,8004.3,0,0
429,PAYMENT,68.57,C3898287216,8156.92,8088.35,M194040448,1027.16,1095.73,0,0
477,CASH_IN,42.15,C6773354801,1.21,0.0,C7571664073,6639.76,6681.91,0,0
286,CASH_OUT,97.99,C7777469495,58.25,0.0,M835748184,3385.43,3483.42,0,0
144,PAYMENT,174.86,C5957563051,86.37,0.0,M219121539,3324.8,3499.66,0,0
424,PAYMENT,11425.27,C1164533539,686.07,0.0,M522211409,1290.12,12715.39,0,0
19,PAYMENT,4931.13,C4411980835,1419.48,0.0,M996432187,8.91,4940.04,0,0
18,PAYMENT,123.15,C1288709802,16376.43,16253.28,M752670250,8.22,131.37,0,0
590,CASH_IN,991.68,C2404662256,40.86,0.0,C4076131205,31.08,1022.76,0,0
371,TRANSFER,352.4,C8124597712,2592.99,2240.59,C9183665067,7642.1,7994.5,0,0
175,CASH_OUT,646.76,C7135366969,34.2,0.0,M245459860,2051.22,2697.98,0,0
194,CASH_OUT,134.66,C3350319899,8861.23,8726.57,M620567809,176.47,311.13,0,0
502,CASH_IN,35721.92,C7083965003,328.95,0.0,C1991655455,15470.89,51192.81,0,0
113,CASH_OUT,16797.74,C7291593508,52.97,0.0,M873420748,5024.84,21822.58,0,0
114,TRANSFER,224.7,C9685594700,204.25,0.0,C2744558212,1509.99,1734.69,0,0
222,PAYMENT,122.41,C8554053490,67.47,0.0,M782472053,2426.83,2549.24,0,0
678,PAYMENT,2568.16,C9145959307,1380.76,0.0,M393567321,1786.08,4354.24,0,0
644,CASH_OUT,35.9,C8949607452,5219.53,5183.63,M482742012,18.67,54.57,0,0
264,CASH_OUT,2190.52,C7623942293,14444.37,12253.85,M629784159,456.97,2647.49,0,0
55,PAYMENT,518.5,C2179963700,299.73,0.0,M951795567,1577.6,2096.1,0,0
643,CASH_IN,22.92,C3178425222,35237.93,35215.01,C7293785104,373.17,396.09,0,0
458,TRANSFER,297.81,C8094720522,1031.83,734.02,C3221057963,67.91,365.72,0,0
162,CASH_OUT,108.69,C5013646371,25920.92,25812.23,M580377325,5.51,114.2,0,0
380,CASH_OUT,557.55,C1167008037,740.14,182.59,M223955488,52.85,610.4,0,0
87,CASH_OUT,452.6,C5517576246,615.6,163.0,M158011514,4080.3,4532.9,0,0
55,CASH_IN,27.26,C2153145125,4656.78,4629.52,C8396335790,1640.41,1667.67,0,0
476,CASH_OUT,206.79,C6734744034,2368.2,2161.41,M174625386,7.69,214.48,0,0
178,CASH_OUT,1273.39,C8947815916,274.46,0.0,M186896256,2664.21,3937.6,0,0
391,CASH_OUT,1796.9,C5230520340,19695.77,17898.87,M971676455,15.29,1812.19,0,0
349,CASH_OUT,195.17,C5679040853,100.31,0.0,M351012980,250.93,446.1,0,0
8,DEBIT,1007.82,C3144643643,4656.87,3649.05,M926049096,3089.03,4096.85,0,0
313,PAYMENT,687.29,C6745237056,4172.19,3484.9,M552203541,179.28,866.57,0,0
443,CASH_OUT,363.11,C9884184375,15701.05,15337.94,M853358873,12.47,375.58,0,0
328,CASH_OUT,1020.2,C7635222863,16489.84,15469.64,M547669538,0.59,1020.79,0,0
54,CASH_OUT,63.41,C6740363554,695.86,632.45,M947890976,37.93,101.34,0,0
239,CASH_OUT,404.21,C7336275275,1190.32,786.11,M832516873,136.5,540.71,0,0
229,CASH_OUT,16.32,C9719533464,1006.74,990.42,M153292732,1090.21,1106.53,0,0
579,CASH_IN,362.04,C5738528636,86157.91,85795.87,C5379510394,89.95,451.99,0,0
51,CASH_OUT,6974.76,C2659012895,5582.79,0.0,M868118979,111.25,7086.01,0,0
609,CASH_OUT,212.93,C9104417335,14904.84,14691.91,M885857670,110.77,323.7,0,0
604,PAYMENT,5710.61,C7634024003,585.45,0.0,M992733067,,5778.71,0,0
264,CASH_IN,219.82,C4539656602,65.58,0.0,C4356340533,41331.04,41550.86,0,0
418,PAYMENT,46.09,C2217750507,105.78,59.69,M411185348,758.59,804.68,0,0
96,PAYMENT,1526.59,C5773831690,13783.75,12257.16,M878738002,37.72,1564.31,0,0
88,PAYMENT,1020.32,C2056728677,176.09,0.0,M500109682,2.06,1022.38,0,0
78,PAYMENT,41689.97,C9037675238,3229660.7,3187970.73,M964603123,552.04,42242.01,0,0
288,CASH_OUT,56.91,C2954207242,397.77,340.86,M280811124,15308.53,15365.44,0,0
120,TRANSFER,822.89,C1845824981,2638.68,1815.79,C1422134820,1449.33,2272.22,0,0
491,CASH_OUT,883.67,C7744334329,2626.82,0.0,M929588785,239877.81,239877.81,1,0
452,PAYMENT,3348.84,C4483798580,1717.62,0.0,M461146748,95.36,3444.2,0,0
500,CASH_IN,1163.98,C4458164475,51.95,0.0,C1800163204,1510.52,2674.5,0,0
165,PAYMENT,226.75,C1163993025,2037.31,1810.56,M135017263,9.48,236.23,0,0
182,TRANSFER,47.36,C5888896203,1993.21,1945.85,C3711669427,4.92,52.28,0,0
469,PAYMENT,806.94,C1436945485,518.85,0.0,M341410282,,1063.08,0,0
735,CASH_IN,853.07,C4735446906,112270.45,111417.38,C8208116557,7423.38,8276.45,0,0
7,CASH_IN,1426.29,C8946395132,17.21,0.0,C3478967889,27099.43,28525.72,0,0
330,TRANSFER,226.14,C1657126098,25.07,0.0,C2224129896,463.88,690.02,0,0
673,TRANSFER,703.67,C3591814151,7217.57,6513.9,C9130068948,42.05,745.72,0,0
151,CASH_IN,18.39,C4718933222,881.98,863.59,C7042799527,1.64,20.03,0,0
85,CASH_IN,51.5,C3547342708,121.54,70.04,C5757707918,89.35,140.85,0,0
147,PAYMENT,2620.34,C9478103692,1785.65,0.0,M951351114,351.72,2972.06,0,0
624,CASH_OUT,578.06,C8956286594,12069.57,11491.51,M803977611,92.92,670.98,0,0
381,PAYMENT,1044.86,C5172862986,18.59,0.0,M702987298,4.41,1049.27,0,0
548,TRANSFER,121.91,C6083515743,6682.05,6560.14,C7334830987,392.53,514.44,0,0
285,CASH_IN,94.55,C5343923516,2507.56,2413.01,C9691287339,163.54,258.09,0,0
700,TRANSFER,172.93,C5717456220,617.87,444.94,C8896620047,1224.52,1397.45,0,0
82,CASH_IN,648.96,C6431182211,2026.39,1377.43,C2121480749,50.44,699.4,0,0
514,CASH_OUT,1590.55,C8041488021,2113.68,523.13,M100111492,151.26,1741.81,0,0
709,CASH_OUT,245.13,C8166827395,4335.74,4090.61,M676460510,397.66,642.79,0,0
523,CASH_OUT,14.6,C8870991958,93.44,78.84,M799626769,957.41,972.01,0,0
386,CASH_OUT,899.71,C9806675940,16625.33,15725.62,M189861547,114.24,1013.95,0,0
707,PAYMENT,688.22,C5422549864,13105.74,12417.52,M345998805,55.29,743.51,0,0
471,TRANSFER,1051.89,C2628589487,14106.87,13054.98,C7114067953,23.9,1075.79,0,0
119,CASH_IN,2237.24,C4497807271,14.69,0.0,C8312330050,456.21,2693.45,0,0
396,PAYMENT,1910.49,C9240315775,19166.64,17256.15,M802449499,142.5,2052.99,0,0
532,CASH_OUT,6134.16,C9467276771,436.15,0.0,M217457481,25834.02,31968.18,0,0
261,CASH_OUT,427.02,C3158290041,4133.57,3706.55,M945849182,230.53,657.55,0,0
256,PAYMENT,170.06,C1985593839,7.73,0.0,M214636724,524.56,694.62,0,0
734,CASH_OUT,3234.67,C1845228292,198.75,0.0,M331839282,3761.93,6996.6,0,0
226,CASH_OUT,2481.73,C9829270474,8963.87,6482.14,M220652204,5125.75,7607.48,0,0
53,PAYMENT,253.23,C3082158514,4084.63,3831.4,M391932591,121.84,375.07,0,0
500,CASH_OUT,3684.06,C3182875163,73.71,0.0,M455418742,40822.53,44506.59,0,0
506,CASH_IN,468.28,C3616575806,6005.71,5537.43,C8311590481,76149.9,76618.18,0,0
364,CASH_OUT,5180.44,C7233752274,142.54,0.0,M184583435,159.51,5339.95,0,0
280,CASH_OUT,12815.75,C2908814315,563.86,0.0,M741185998,373.77,13189.52,0,0
593,CASH_OUT,79391.25,C8802006226,58.83,0.0,M744180918,814.24,80205.49,0,0
714,CASH_OUT,456.9,C1913076524,2587.31,2130.41,M287239003,53.62,510.52,0,0
158,PAYMENT,6842.18,C2253175360,16620.27,9778.09,M376129214,318.86,7161.04,0,0
632,CASH_IN,2225.4,C4780507147,10020.91,7795.51,C9347475530,30.95,2256.35,0,0
59,PAYMENT,2680.94,C9043774503,113.38,0.0,M259272252,312.13,2993.07,0,0
727,PAYMENT,942.81,C2441099848,977.06,34.25,M870234780,248.11,1190.92,0,0
128,PAYMENT,2703.25,C1318194318,21.51,0.0,M619594739,937.37,3640.62,0,0
736,PAYMENT,25.84,C4312625015,33218.3,33192.46,M411616600,1372.21,1398.05,0,0
721,CASH_OUT,380.82,C7442941071,1150.24,769.42,M614186243,325.65,706.47,0,0
115,PAYMENT,109.18,C2847735422,5569.04,5459.86,M649448602,9332.29,9441.47,0,0
209,CASH_IN,92.37,C7837234358,1804.2,1711.83,C7223114453,34.94,127.31,0,0
526,CASH_IN,22.85,C7507230330,229.23,206.38,C1379801566,141.33,164.18,0,0
521,CASH_IN,140.69,C7371467168,274.61,133.92,C5648232794,64.37,205.06,0,0
552,CASH_OUT,284.77,C4593438323,3426.73,3141.96,M431160007,16428.37,16713.14,0,0
237,CASH_OUT,583.25,C2930662747,65662.75,0.0,M804986251,234.27,234.27,1,0
281,DEBIT,393.52,C1618904108,465.35,71.83,M842585884,241.42,634.94,0,0
359,CASH_OUT,3309.91,C6668145324,20647.97,17338.06,M991143453,9928.77,13238.68,0,0
201,CASH_OUT,67.22,C5021572689,11011.72,10944.5,M964776776,8.41,75.63,0,0
278,CASH_OUT,8.27,C1371293536,493.53,485.26,M889236420,29.5,37.77,0,0
235,CASH_OUT,1167.83,C9606911584,17161.84,15994.01,M546699389,278.83,1446.66,0,0
494,CASH_OUT,367.43,C9810627533,14018.82,13651.39,M264774499,94.16,461.59,0,0
4,PAYMENT,352.49,C6833461953,5.14,0.0,M396955916,3498.95,3851.44,0,0
666,PAYMENT,96.97,C3874815463,6336.17,6239.2,M652546158,11.1,108.07,0,0
442,CASH_IN,2485.61,C4685453170,26938.34,24452.73,C9346606112,1720.93,4206.54,0,0
29,CASH_OUT,174.49,C6791315777,59.23,0.0,M123149315,32.83,207.32,0,0
109,CASH_OUT,68.91,C6730246288,41.09,0.0,M748913335,767.77,836.68,0,0
610,PAYMENT,11481.84,C1882780215,1844.38,0.0,M855837368,3640.4,15122.24,0,0
727,PAYMENT,1608.65,C6684544210,56759.83,55151.18,M868402272,43280.9,44889.55,0,0
75,PAYMENT,372.29,C6044195491,72.25,0.0,M171788801,9.42,381.71,0,0
146,CASH_IN,3.06,C3678101798,21.23,18.17,C4175634622,521.23,524.29,0,0
128,CASH_OUT,251.93,C5047214720,352.97,101.04,M718411151,4357.24,4609.17,0,0
42,CASH_IN,386.36,C6359680311,249.13,0.0,C2048418434,480.45,866.81,0,0
356,PAYMENT,7535.38,C5212105866,16.81,0.0,M674100659,1045.27,8580.65,0,0
41,CASH_OUT,12.18,C5628235186,254.57,242.39,M169506535,,82.2,0,0
34,CASH_IN,9140.9,C1528218189,2622.85,0.0,C5402291885,178.89,9319.79,0,0
17,PAYMENT,966.68,C7086809948,113623.87,112657.19,M406880798,57.91,1024.59,0,0
677,CASH_OUT,36.05,C6236053604,4464.93,4428.88,M929573120,1839.15,1875.2,0,0
153,CASH_OUT,2549.45,C3280330190,8228.86,5679.41,M958239979,41365.24,43914.69,0,0
378,CASH_OUT,247.71,C9693055640,72.18,0.0,M681981622,597.66,845.37,0,0
588,PAYMENT,14.53,C9361014183,865.97,851.44,M340026141,469.28,483.81,0,0
599,CASH_OUT,165.86,C2537692434,632.33,466.47,M746041556,1.92,167.78,0,0
629,CASH_OUT,671.7,C5385182438,2477.24,1805.54,M408767811,339.02,1010.72,0,0
342,CASH_OUT,456.63,C9082252015,4875.19,4418.56,M722160983,1667.16,2123.79,0,0
27,CASH_IN,1461.12,C4332908323,11874.7,10413.58,C2798170617,6.48,1467.6,0,0
287,CASH_IN,3622.29,C5605375799,1187.7,0.0,C6762691682,604.97,4227.26,0,0
646,CASH_IN,44.83,C6610742385,296.65,251.82,C4387163106,,433.2,0,0
731,CASH_OUT,386.91,C3176028438,23392.68,23005.77,M892902791,2.66,389.57,0,0
168,CASH_IN,119.11,C8025513491,6719.95,6600.84,C2935420816,1146.3,1265.41,0,0
610,PAYMENT,33.19,C5489398468,5142.81,5109.62,M973347099,139.72,172.91,0,0
268,CASH_IN,363.7,C6773648574,993.66,629.96,C7953034619,553.32,917.02,0,0
455,PAYMENT,956.55,C7697085568,22939.99,21983.44,M145265770,895.09,1851.64,0,0
685,PAYMENT,1076.38,C1090102485,47.34,0.0,M925165622,60.63,1137.01,0,0
401,CASH_IN,183.02,C7068847300,10223.95,10040.93,C4164891202,954.19,1137.21,0,0
476,CASH_OUT,53.75,C7733684033,10096.54,10042.79,M140560819,113.35,167.1,0,0
702,PAYMENT,111.13,C7225618805,115.36,4.23,M820081608,570.82,681.95,0,0
634,CASH_IN,9.45,C2639931817,200.07,190.62,C8163640909,79.88,89.33,0,0
558,CASH_IN,37.39,C2726579978,44.16,6.77,C8668808201,6001.54,,0,0
576,TRANSFER,44.47,C9792544988,3928.29,3883.82,C1291818205,2260.69,2305.16,0,0
130,CASH_IN,2187.71,C9940085485,1.73,0.0,C1864585885,171.29,2359.0,0,0
363,CASH_OUT,2183.77,C8289952578,1916.07,0.0,M375058618,2344.14,,0,0
705,CASH_OUT,28537.19,C6185885535,162.46,0.0,M751710398,142.3,28679.49,0,0
693,PAYMENT,652.4,C8398831435,93.62,0.0,M381608034,695.57,1347.97,0,0
292,PAYMENT,153.27,C5326555173,10.02,0.0,M180265438,48.44,201.71,0,0
371,CASH_OUT,413.2,C4741564093,119.63,0.0,M763480933,4493.12,4906.32,0,0
29,CASH_OUT,287.59,C4085997582,39125.23,38837.64,M391517307,298.26,585.85,0,0
149,PAYMENT,114.04,C3308722783,181.64,67.6,M361682674,74.72,188.76,0,0
296,CASH_IN,764.98,C8788474593,3132.29,2367.31,C7515666301,715.41,1480.39,0,0
11,DEBIT,593.9,C1450705574,71.72,0.0,M379484866,5.2,599.1,0,0
512,CASH_IN,342.01,C6758283717,14254.32,13912.31,C4741332568,32.31,374.32,0,0
676,CASH_IN,223.95,C3709128297,4977.17,4753.22,C7948889484,193.23,417.18,0,0
113,PAYMENT,1427.68,C8146944515,620.57,0.0,M238952155,553.11,1980.79,0,0
187,TRANSFER,133.29,C1875360221,1957.39,1824.1,C6854231669,539.88,673.17,0,0
227,PAYMENT,180.13,C8125149745,2426.0,2245.87,M564574159,104.25,284.38,0,0
310,CASH_IN,1043.32,C1440865459,89.79,0.0,C6288982135,1742.33,2785.65,0,0
98,TRANSFER,3050.19,C5178755791,143.51,0.0,C8083575778,18.59,3068.78,0,0
55,TRANSFER,2540.91,C2358609044,10881.14,8340.23,C2726667445,206.47,2747.38,0,0
623,PAYMENT,240.05,C7210634358,52400.92,52160.87,M403922846,5760.06,6000.11,0,0
664,CASH_OUT,32.18,C6390118567,1583.06,1550.88,M213953170,1703.08,1735.26,0,0
406,CASH_OUT,226.11,C3461065345,6195.34,5969.23,M949572842,9752.19,9978.3,0,0
69,CASH_OUT,467.32,C6169430174,22276.32,21809.0,M515964321,112698.5,113165.82,0,0
312,CASH_OUT,43.45,C7657462406,487.0,443.55,M472614717,87.25,130.7,0,0
289,CASH_OUT,217.85,C2570984348,905.67,687.82,M627004367,945.61,1163.46,0,0
548,CASH_OUT,4510.66,C2081648194,6541.08,2030.42,M180730255,53.09,4563.75,0,0
148,PAYMENT,541.83,C8539234402,257476.26,256934.43,M660062494,25.88,567.71,0,0
467,CASH_IN,136.84,C6283934482,7136.2,6999.36,C4788133629,1187.07,1323.91,0,0
739,CASH_OUT,427.38,C7514605784,2342.57,1915.19,M118633099,434.28,861.66,0,0
244,PAYMENT,476.99,C1317499027,252.76,0.0,M243693939,148.48,625.47,0,0
491,CASH_IN,191.2,C3532714359,948.65,757.45,C8490783469,1693.37,1884.57,0,0
507,PAYMENT,1890.81,C6629423580,6116.84,4226.03,M624280083,162.92,2053.73,0,0
365,CASH_IN,10.41,C1152311838,4683.32,4672.91,C6287456802,9.37,19.78,0,0
482,CASH_OUT,1036.41,C5398794349,244.97,0.0,M114503998,2195.37,3231.78,0,0
201,CASH_OUT,128.21,C1771426272,28998.43,28870.22,M927162448,72.72,200.93,0,0
154,PAYMENT,3266.29,C3337479369,29080.64,25814.35,M620370863,2635.28,5901.57,0,0
450,CASH_OUT,31.52,C9873116852,830.99,799.47,M129531308,994.04,1025.56,0,0
501,PAYMENT,2636.35,C9387679503,2209.6,0.0,M285123542,0.57,2636.92,0,0
73,PAYMENT,83.22,C2153586597,220.98,137.76,M111140821,193.4,276.62,0,0
713,CASH_OUT,768.14,C5105675150,145.23,0.0,M288272560,38.11,806.25,0,0
296,CASH_OUT,159.17,C9034278799,2611.71,2452.54,M294491932,4101.64,4260.81,0,0
17,CASH_OUT,3844.58,C3607285297,155.83,0.0,M641702367,97.44,97.44,1,0
641,PAYMENT,275.29,C8551569003,5548.05,5272.76,M652978654,3376.79,3652.08,0,0
217,PAYMENT,95.0,C4714665690,406.41,311.41,M868879598,474.55,569.55,0,0
61,CASH_OUT,6622.31,C2403198833,15144.77,8522.46,M616805918,95.51,6717.82,0,0
616,CASH_OUT,230.37,C2828759393,885.34,654.97,M509176121,1412.45,1642.82,0,0
42,CASH_OUT,1145.46,C8657808560,8.95,0.0,M191057556,3678.78,3678.78,1,0
25,CASH_OUT,2638.82,C1799950950,432.52,0.0,M319379841,21.02,2659.84,0,0
39,CASH_IN,69.48,C9733569688,1432.51,1363.03,C6386375171,8.8,78.28,0,0
131,CASH_OUT,938.13,C3586372878,14.38,0.0,M635926746,331.8,1269.93,0,0
498,CASH_IN,1229.51,C4548255219,18.13,0.0,C5714932593,147.02,1376.53,0,0
229,CASH_IN,18.27,C6720834925,686.11,667.84,C3073724399,1343.43,1361.7,0,0
108,CASH_OUT,769.79,C3930338056,13513.88,12744.09,M953966467,2917.03,3686.82,0,0
172,PAYMENT,198.78,C6782753637,5316.0,5117.22,M517759407,6.32,205.1,0,0
435,TRANSFER,10304.82,C3664099596,1057.74,0.0,C1520665444,157.98,10462.8,0,0
478,CASH_IN,2280.7,C9640757065,130.11,0.0,C7917166887,8.19,2288.89,0,0
102,PAYMENT,970.83,C1997791061,115.2,0.0,M536041263,13.54,984.37,0,0
524,CASH_IN,6.8,C7193621387,5556.89,5550.09,C1146399493,6.05,12.85,0,0
275,CASH_IN,982.37,C9348800384,1799.86,817.49,C8025495798,155.7,1138.07,0,0
613,CASH_OUT,88.06,C1631462025,9283.7,0.0,M681507133,7.73,7.73,1,0
44,CASH_IN,2314.75,C4859623169,22247.86,19933.11,C1739999285,76.24,2390.99,0,0
17,PAYMENT,293.0,C2496950366,352.45,59.45,M200828615,46.15,339.15,0,0
330,PAYMENT,142.85,C5377611416,3295.45,3152.6,M805094259,171.21,314.06,0,0
569,DEBIT,168.47,C3676201042,4584.17,4415.7,M361735962,402.1,570.57,0,0
497,CASH_IN,192.4,C8003196157,191.8,0.0,C5378351235,331.25,523.65,0,0
12,PAYMENT,27.26,C3388261732,218.65,191.39,M868206599,18.81,46.07,0,0
318,CASH_OUT,35.44,C2960069558,6680.07,6644.63,M466699482,366.12,401.56,0,0
592,PAYMENT,206.24,C8698194390,1101.4,895.16,M771004114,139.54,345.78,0,0
216,CASH_IN,9047.77,C8919539162,123.69,0.0,C7877538267,1269.04,10316.81,0,0
339,PAYMENT,1684.0,C2795162345,141.48,0.0,M524456124,76.1,1760.1,0,0
661,TRANSFER,2014.26,C2499057800,44.28,0.0,C6879838500,1728.57,3742.83,0,0
81,CASH_IN,4422.48,C8819488454,447.81,0.0,C2252689691,35.08,4457.56,0,0
727,PAYMENT,707.85,C7035426319,83.74,0.0,M383695717,39.59,747.44,0,0
485,CASH_OUT,161.85,C1582098757,1415.96,1254.11,M606419829,306.73,468.58,0,0
374,PAYMENT,177.33,C7626916073,328741.13,328563.8,M153553878,5.41,182.74,0,0
710,PAYMENT,77.36,C2402083772,3466.43,3389.07,M801550904,44.6,121.96,0,0
200,PAYMENT,2042.68,C3536636588,15800.12,13757.44,M382562700,7068.61,9111.29,0,0
537,PAYMENT,62.02,C8508188944,2985.72,2923.7,M386738397,2133.36,2195.38,0,0
466,PAYMENT,26388.6,C6487992696,17.76,0.0,M840928625,153.88,26542.48,0,0
89,CASH_OUT,66.3,C6033699806,1504.75,1438.45,M617635693,143906.72,143973.02,0,0
268,CASH_OUT,4655.52,C4019189173,199.01,0.0,M769242524,265.63,4921.15,0,0
655,PAYMENT,4706.04,C6944781084,139.61,0.0,M495186090,590.06,5296.1,0,0
571,CASH_OUT,1406.29,C3420658923,622.48,0.0,M224337457,15074.87,16481.16,0,0
489,CASH_OUT,10312.83,C9336826742,5311.31,0.0,M206166833,908.65,11221.48,0,0
538,CASH_OUT,272.47,C7350242206,511.32,238.85,M569754693,183.58,456.05,0,0
47,PAYMENT,521.41,C4289852255,9385.2,8863.79,M438508828,2294.63,2816.04,0,0
288,CASH_OUT,631.98,C6133294472,1733.76,1101.78,M349411639,1854.25,2486.23,0,0
16,CASH_IN,1313.22,C2489931774,2424.38,1111.16,C8503969568,65.29,1378.51,0,0
711,PAYMENT,10.61,C5509837300,946.0,935.39,M581508076,235.37,245.98,0,0
401,PAYMENT,326.27,C4014972259,27303.74,26977.47,M605695798,570.51,896.78,0,0
86,CASH_IN,2245.03,C4195165081,190.12,0.0,C2323697467,580.45,2825.48,0,0
250,CASH_OUT,191.75,C8515393190,219.04,27.29,M848430129,46.6,238.35,0,0
391,PAYMENT,20315.78,C5630447776,494.95,0.0,M927367545,849.11,21164.89,0,0
335,TRANSFER,521.16,C2246657509,3850.32,3329.16,C3918307502,162.96,684.12,0,0
629,CASH_IN,1128.95,C3229631790,5393.72,4264.77,C7140617958,1319.09,2448.04,0,0
519,TRANSFER,8973.16,C1312118565,270.23,0.0,C2149437132,3703.06,12676.22,0,0
137,CASH_IN,522.63,C4763781595,10323.14,9800.51,C1537283006,52.43,575.06,0,0
688,CASH_OUT,8684.66,C8267679734,94.55,0.0,M643490354,161.37,8846.03,0,0
498,CASH_OUT,1295.03,C6076729561,6517.0,5221.97,M298666309,642.25,1937.28,0,0
727,PAYMENT,1300.05,C1922198608,2681.63,1381.58,M711968553,2514.21,3814.26,0,0
477,PAYMENT,68.15,C8723752044,1145.38,1077.23,M200553991,96.68,164.83,0,0
594,CASH_OUT,3688.3,C9716050258,3578.9,0.0,M334476313,440.19,4128.49,0,0
223,CASH_IN,119.97,C8938837629,814.33,694.36,C7000748617,22785.76,22905.73,0,0
372,PAYMENT,277.89,C3377468044,2075.75,1797.86,M133484709,3152.52,3430.41,0,0
402,CASH_OUT,5006.02,C3359239068,449182.15,444176.13,M529034679,217.16,5223.18,0,0
443,CASH_IN,193.74,C7694464249,10257.95,10064.21,C8494655851,43071.54,43265.28,0,0
490,CASH_IN,808.82,C5608095493,282.76,0.0,C3289825601,1305.14,2113.96,0,0
615,PAYMENT,362.22,C7061284950,511.25,149.03,M862502314,31488.23,31850.45,0,0
273,CASH_IN,388.39,C9558915112,22482.98,22094.59,C7182881586,6670.97,7059.36,0,0
526,CASH_IN,299.19,C9288612323,408.7,109.51,C7677185477,510762.59,511061.78,0,0
159,PAYMENT,50.79,C6430181833,77028.83,76978.04,M148182470,16183.64,16234.43,0,0
152,CASH_OUT,1200.25,C6984590630,7431.1,6230.85,M918830618,130.25,1330.5,0,0
620,CASH_OUT,1434.03,C2854331001,36.96,0.0,M350462340,3033.87,4467.9,0,0
188,PAYMENT,125.97,C9756154756,9612.63,9486.66,M924107673,42.6,168.57,0,0
98,CASH_OUT,166.57,C1023091461,5.0,0.0,M945809571,4008.86,4175.43,0,0
131,DEBIT,2504.85,C1940285736,458.98,0.0,M601006218,28490.03,30994.88,0,0
171,CASH_IN,238.04,C6080915371,9301.94,9063.9,C7922703721,50.59,288.63,0,0
183,CASH_IN,485.51,C1795591260,10.32,0.0,C3983864655,2563.86,3049.37,0,0
364,TRANSFER,69.19,C1508348634,175204.44,175135.25,C9922728543,2009.57,2078.76,0,0
39,CASH_IN,355.33,C7050183469,12345.78,11990.45,C6087960132,2167.3,2522.63,0,0
527,CASH_OUT,69.94,C8973872629,94.9,24.96,M774858505,21.0,90.94,0,0
497,CASH_OUT,120.31,C4529879247,49022.31,48902.0,M552004938,124.0,244.31,0,0
516,CASH_IN,87.5,C4066163515,9.26,0.0,C5009255899,904.61,992.11,0,0
349,PAYMENT,2267.8,C9598979256,88.33,0.0,M986297144,161.92,2429.72,0,0
397,PAYMENT,28.24,C4798294309,31.89,3.65,M447427151,36.38,64.62,0,0
722,PAYMENT,687.71,C3634753523,7.87,0.0,M373897473,4494.89,,0,0
161,CASH_IN,258.2,C6078999375,476.79,218.59,C1445608555,80.76,338.96,0,0
16,PAYMENT,6584.84,C8209004579,1768.48,0.0,M795794261,372.6,6957.44,0,0
493,CASH_IN,1917.81,C3441531559,1641.28,0.0,C4108118490,108883.3,110801.11,0,0
426,CASH_OUT,33.79,C1390308190,1519.21,1485.42,M382450738,5301.65,5335.44,0,0
108,CASH_IN,131.49,C6211684174,1250.69,1119.2,C2197028994,452.36,583.85,0,0
450,CASH_OUT,392.36,C6258037102,57.19,0.0,M493544927,1099.1,1491.46,0,0
311,CASH_IN,131.44,C4333040674,312.24,180.8,C7122084670,830.91,962.35,0,0
739,CASH_OUT,2481.32,C5098970572,1.13,0.0,M217140763,10.62,2491.94,0,0
170,CASH_IN,566.73,C4973554162,16299.56,15732.83,C9499075628,944.32,1511.05,0,0
546,CASH_OUT,274.05,C3450954188,1389.26,1115.21,M661346452,7048.18,7322.23,0,0
414,CASH_OUT,2869.22,C9073775378,1300.89,0.0,M472447946,331.17,3200.39,0,0
251,PAYMENT,38.29,C3584334938,7696.5,7658.21,M165788954,2620.34,2658.63,0,0
141,PAYMENT,237.22,C5181170706,9204.32,8967.1,M314004842,1498.7,1735.92,0,0
274,CASH_OUT,662.49,C2470764109,444.55,0.0,M418326022,,2728.89,0,0
416,CASH_OUT,304.1,C1735623134,818.77,514.67,M607324133,,333.06,0,0
608,CASH_IN,1.0,C9140530328,55013.73,55012.73,C9067188549,1114.84,1115.84,0,0
739,PAYMENT,794.77,C2065367284,253.86,0.0,M800241227,,30588.87,0,0
39,CASH_OUT,1102.63,C5367945024,53801.69,52699.06,M107126905,379.99,1482.62,0,0
29,CASH_IN,53.25,C8605577360,456.77,403.52,C4118160121,210.41,263.66,0,0
477,CASH_OUT,5.12,C3112719900,9.29,4.17,M493105316,3181.91,3187.03,0,0
318,PAYMENT,104.01,C5812422247,1371.69,1267.68,M960012152,4120.45,4224.46,0,0
245,CASH_OUT,268.55,C8901527934,448.03,179.48,M664727857,8503.38,8771.93,0,0
697,PAYMENT,323.42,C5527937676,37.69,0.0,M927546923,302.94,626.36,0,0
272,CASH_OUT,7.89,C7219531445,895.58,887.69,M643671015,1540.6,1548.49,0,0
440,TRANSFER,605.73,C4907852631,325.79,0.0,C1972595490,51543.85,52149.58,0,0
239,CASH_OUT,3158.19,C9653319062,118735.53,115577.34,M667266599,53.45,3211.64,0,0
377,CASH_OUT,2734.25,C3181082249,12347.67,9613.42,M308431537,12.67,2746.92,0,0
266,CASH_OUT,4645.65,C4694763040,99.16,0.0,M381904705,2894.17,7539.82,0,0
359,CASH_IN,35.66,C5111962259,172.32,136.66,C4411663291,1181.02,1216.68,0,0
340,PAYMENT,2340.51,C3191980892,13379.14,11038.63,M729854622,144.08,2484.59,0,0
389,CASH_IN,62.32,C9595083917,22726.61,22664.29,C3366527198,80.43,142.75,0,0
577,TRANSFER,1955.65,C1007704629,476.86,0.0,C9995504200,333.08,2288.73,0,0
689,TRANSFER,92.32,C7982183845,329.55,237.23,C9248667886,5079.5,5171.82,0,0
3,CASH_IN,815.7,C6246032711,798.0,0.0,C3630044227,4320.08,5135.78,0,0
429,CASH_OUT,8693.87,C7046465249,2264.17,0.0,M422082481,707.69,9401.56,0,0
142,CASH_IN,2606.78,C9996469390,6728.49,4121.71,C6439581754,122.79,2729.57,0,0
376,CASH_OUT,63.78,C4711344335,7657.8,7594.02,M769287966,0.76,64.54,0,0
670,CASH_IN,41.36,C5867334485,78.33,36.97,C9012073632,1244.76,1286.12,0,0
324,PAYMENT,1905.84,C7896655055,446.18,0.0,M857997296,2154.25,4060.09,0,0
146,CASH_IN,5647.32,C4290007428,5.93,0.0,C1359670802,281.91,5929.23,0,0
293,PAYMENT,952.98,C2522958603,1033.98,81.0,M539131534,137534.49,138487.47,0,0
665,PAYMENT,145.13,C7049943316,34.14,0.0,M329611841,63.46,208.59,0,0
432,TRANSFER,438.67,C8993437881,176.0,0.0,C2764517701,16279.2,16717.87,0,0
705,CASH_OUT,958.04,C9377449421,17328.52,16370.48,M876097686,2714.75,3672.79,0,0
585,CASH_OUT,337.27,C5595952861,2907.65,2570.38,M114381488,255.38,,0,0
399,PAYMENT,63.91,C8300072706,2624.62,2560.71,M626339342,7.38,71.29,0,0
344,TRANSFER,3386.25,C1490800180,1102.97,0.0,C4416688558,13084.12,16470.37,0,0
140,CASH_OUT,17267.34,C9151655308,36660.51,19393.17,M779586929,463.97,17731.31,0,0
187,CASH_OUT,6996.11,C7132140452,228.24,0.0,M912102864,36696.35,43692.46,0,0
61,CASH_OUT,5.25,C2640406414,1650.81,1645.56,M285801409,478.09,483.34,0,0
380,CASH_OUT,4072.3,C7813022789,1444.44,0.0,M420426801,15218.21,19290.51,0,0
710,CASH_IN,1282.29,C7997119534,458.82,0.0,C1551217256,11.38,1293.67,0,0
440,CASH_IN,108.36,C7052118305,229982.62,229874.26,C6099670494,13.99,122.35,0,0
319,PAYMENT,7.97,C8875267158,51.82,43.85,M751801439,147.45,155.42,0,0
302,PAYMENT,321.41,C1147189140,10.8,0.0,M179163449,1.79,323.2,0,0
344,CASH_IN,834.94,C2527729853,1436.52,601.58,C4431597661,887.53,1722.47,0,0
11,CASH_OUT,44.09,C1057631413,242.84,198.75,M987146331,60.28,104.37,0,0
62,PAYMENT,4743.43,C7696197250,3.31,0.0,M242240508,2637.75,7381.18,0,0
226,PAYMENT,4518.97,C4715535086,2806.38,0.0,M106167769,3.19,4522.16,0,0
153,CASH_OUT,1028.47,C8779257677,2007.13,978.66,M159605073,7191.73,8220.2,0,0
711,PAYMENT,25.9,C1740528467,18137.13,18111.23,M743991287,499.65,525.55,0,0
564,CASH_OUT,238.85,C8175564761,273.13,34.28,M616420352,3914.83,4153.68,0,0
571,CASH_OUT,1715.37,C2519023604,10.51,0.0,M156570280,262.37,1977.74,0,0
584,CASH_OUT,1503.4,C5700991278,105.02,0.0,M562510451,6.25,1509.65,0,0
660,CASH_IN,99.68,C2416412120,8.98,0.0,C1874881882,10968.38,11068.06,0,0
575,CASH_OUT,133.65,C9459765518,46253.38,46119.73,M284590505,2624.08,2757.73,0,0
310,TRANSFER,94.67,C9675623944,13554.91,13460.24,C7138057835,4445.35,4540.02,0,0
243,CASH_OUT,229.11,C5267572575,27128.39,26899.28,M281220463,552.11,781.22,0,0
493,CASH_IN,152.42,C7169313664,5803.14,5650.72,C8362571323,39917.79,40070.21,0,0
366,CASH_IN,105.86,C9345359236,33.08,0.0,C9000530367,220038.34,220144.2,0,0
330,TRANSFER,306.36,C6416575957,399.38,93.02,C1500253661,12592.13,12898.49,0,0
107,CASH_IN,437.02,C9094714408,7952.51,7515.49,C6033770344,11.75,448.77,0,0
226,CASH_OUT,3547.88,C5855023984,15.67,0.0,M702086819,760.28,4308.16,0,0
218,CASH_OUT,11.44,C5045098932,3300.76,3289.32,M362879885,75.85,87.29,0,0
506,PAYMENT,4621.74,C6830873334,7675.36,3053.62,M209540724,13.84,4635.58,0,0
259,CASH_OUT,90.5,C8322599976,314289.19,314198.69,M920737407,297.45,387.95,0,0
517,CASH_OUT,16664.12,C1053484489,11954.23,0.0,M757353566,7190.42,23854.54,0,0
54,CASH_IN,1550.6,C5082992407,3596.39,2045.79,C3312653998,136.72,1687.32,0,0
47,PAYMENT,1205.53,C3410459890,1177.52,0.0,M620318514,95.3,1300.83,0,0
727,PAYMENT,327.66,C8369245617,4264.65,3936.99,M902921106,188.48,516.14,0,0
689,TRANSFER,24985.43,C2173724764,5045.29,0.0,C5918015759,74529.9,74529.9,1,0
521,PAYMENT,379.48,C6545333826,6.18,0.0,M524809547,1505.23,1884.71,0,0
99,CASH_IN,8294.89,C3877330565,1869.81,0.0,C5988467132,68.8,8363.69,0,0
20,CASH_IN,127.86,C8328804772,1.47,0.0,C1000774380,31988.69,32116.55,0,0
573,CASH_OUT,1691.19,C2385090701,3.92,0.0,M430358445,561.63,2252.82,0,0
490,PAYMENT,17968.25,C7622503278,1218.24,0.0,M365196590,49.61,18017.86,0,0
419,TRANSFER,74.0,C3653042891,3627.98,3553.98,C6240051890,119.02,193.02,0,0
690,TRANSFER,1077.63,C2599952143,39.85,0.0,C5288901284,52.31,1129.94,0,0
62,CASH_IN,98.22,C2275119070,16891.45,16793.23,C4377770645,291.53,389.75,0,0
145,PAYMENT,952.72,C8066943742,48960.17,48007.45,M636029025,344.89,1297.61,0,0
216,CASH_IN,17818.22,C2860354561,8224.4,0.0,C4821370278,664.5,18482.72,0,0
3,CASH_OUT,62.37,C1025439354,1025.77,963.4,M211192649,106.44,168.81,0,0
160,CASH_OUT,551.15,C1127463308,2358.18,1807.03,M178619541,1889.73,2440.88,0,0
739,PAYMENT,76.02,C4725954354,1454.17,1378.15,M971194044,22276.52,22352.54,0,0
120,PAYMENT,311.51,C2966352898,1872.36,1560.85,M635180219,93.22,404.73,0,0
89,CASH_OUT,1397.52,C3823628347,84.74,0.0,M432397873,10310.99,11708.51,0,0
329,PAYMENT,222.22,C5837335143,432.02,209.8,M289423036,671.9,894.12,0,0
580,CASH_OUT,9394.01,C9562955451,1272.77,0.0,M548296381,276.41,9670.42,0,0
357,PAYMENT,1060.7,C3756656501,2547.51,1486.81,M791001727,2577.28,3637.98,0,0
610,CASH_IN,28.59,C8891490916,4788.01,4759.42,C1172365650,1412.06,1440.65,0,0
267,PAYMENT,764.78,C9010303707,90.37,0.0,M218046879,2033.17,2797.95,0,0
617,CASH_OUT,7496.83,C5306588315,711.99,0.0,M651471853,72.1,7568.93,0,0
323,PAYMENT,1193.72,C7504436296,560.55,0.0,M540715041,33.22,1226.94,0,0
635,CASH_IN,679.61,C6074319683,147079.18,146399.57,C5209445799,2.07,681.68,0,0
541,PAYMENT,222.5,C4227463029,2047.56,1825.06,M149139456,1127.6,1350.1,0,0
649,PAYMENT,332.27,C5334309846,5909.99,5577.72,M133029271,41.87,374.14,0,0
195,PAYMENT,412.27,C4656426442,13242.45,12830.18,M914072872,96.55,508.82,0,0
738,TRANSFER,3.03,C4175924429,9270.07,9267.04,C5591350214,316.07,319.1,0,0
332,CASH_OUT,1019.84,C3278044934,6.78,0.0,M632418933,18.67,1038.51,0,0
170,PAYMENT,2961.34,C3780093599,702.35,0.0,M624128208,15109.71,18071.05,0,0
521,PAYMENT,90.39,C3219071799,5972.84,5882.45,M578102832,202.87,293.26,0,0
463,PAYMENT,642.24,C3043703239,1518.34,876.1,M590041995,1592.82,2235.06,0,0
40,CASH_OUT,818.3,C8909725921,16.95,0.0,M655834048,3702.25,4520.55,0,0
537,CASH_OUT,2039.77,C9988263523,80.76,0.0,M701634926,4.61,2044.38,0,0
261,CASH_OUT,413.51,C7806025443,119.15,0.0,M945758301,166.54,580.05,0,0
395,TRANSFER,1187.11,C5138613494,2491.35,1304.24,C3385380485,3364.89,4552.0,0,0
226,CASH_IN,39.52,C5540200886,1969.16,1929.64,C1876631225,33.95,73.47,0,0
124,PAYMENT,53.06,C7107472704,49493.35,49440.29,M927394096,913.27,966.33,0,0
38,CASH_IN,955.56,C4444440093,1131.78,176.22,C1567093473,44.56,1000.12,0,0
328,CASH_OUT,254.88,C1492666298,1824.22,1569.34,M568579508,1121.2,1376.08,0,0
251,CASH_IN,17.09,C6253059741,38.77,21.68,C1427148886,104.09,121.18,0,0
176,PAYMENT,808.35,C8243141117,742.8,0.0,M526951151,504.66,1313.01,0,0
602,CASH_OUT,31.52,C4594547784,322372.26,322340.74,M846729584,10109.9,10141.42,0,0
454,CASH_IN,89789.33,C5221466682,2579.31,0.0,C9592007288,2421.83,92211.16,0,0
37,CASH_IN,5.2,C1815582803,270.5,265.3,C1212511911,66.92,72.12,0,0
316,CASH_IN,448.25,C7181737783,3098.99,2650.74,C9293434120,1540.59,1988.84,0,0
688,CASH_OUT,43.28,C1149437102,14836.72,14793.44,M502672391,1101.21,1144.49,0,0
593,TRANSFER,2519.3,C6046622462,3806.58,1287.28,C4019563187,7781.69,10300.99,0,0
114,TRANSFER,180.23,C2928381942,8768.8,8588.57,C8439859481,517.44,697.67,0,0
40,PAYMENT,3058.46,C2473882399,12067.8,9009.34,M730915827,472.19,3530.65,0,0
301,CASH_OUT,1871.84,C4422949574,1622.98,0.0,M384427659,3003.16,4875.0,0,0
224,CASH_OUT,47.68,C2052449207,2496.49,2448.81,M973800288,3118.15,3165.83,0,0
318,DEBIT,94.19,C2557311786,245.76,151.57,M513689324,1830240.06,1830334.25,0,0
349,PAYMENT,202.54,C9921453526,238.96,36.42,M372956735,19350.27,19552.81,0,0
115,PAYMENT,352.46,C7306854954,896.73,544.27,M622905286,430.68,783.14,0,0
698,CASH_OUT,272.35,C8335127058,40.01,0.0,M924739190,329.24,601.59,0,0
323,CASH_OUT,1730.6,C6723043651,2757.73,1027.13,M151557199,63.4,1794.0,0,0
568,PAYMENT,644.13,C2328770181,149.8,0.0,M462930841,9.8,653.93,0,0
40,PAYMENT,118.47,C9622267707,1715.24,1596.77,M915542360,551.3,669.77,0,0
40,TRANSFER,65.05,C1908261493,3996.2,3931.15,C9262803689,1.98,67.03,0,0
289,PAYMENT,78.9,C2954771451,40.78,0.0,M658189403,56924.21,57003.11,0,0
262,CASH_IN,780.54,C5312277805,3056.91,2276.37,C7266517136,54.32,834.86,0,0
216,CASH_OUT,274.2,C3699020442,6.28,0.0,M324219935,10375.13,10649.33,0,0
147,CASH_OUT,25864.55,C9071672565,4777.68,0.0,M184519906,305.18,26169.73,0,0
336,PAYMENT,403.23,C5756766915,4946.66,4543.43,M139013026,1728.54,2131.77,0,0
168,CASH_OUT,588.43,C4515523711,5859.5,5271.07,M592650591,17.22,605.65,0,0
92,CASH_OUT,11.0,C4888421043,2590.07,2579.07,M534734971,1778.14,1789.14,0,0
353,TRANSFER,27.77,C4453221528,300.23,272.46,C4191965268,578.82,606.59,0,0
571,PAYMENT,42.83,C3328657996,328.11,285.28,M523301069,55063.28,55106.11,0,0
571,CASH_OUT,138.93,C3652850951,235.03,96.1,M643475766,17.26,156.19,0,0
681,CASH_OUT,20.81,C7876845981,14390.6,14369.79,M816284934,15.34,36.15,0,0
363,CASH_OUT,40.05,C8585797648,75111.3,75071.25,M820463108,31.94,71.99,0,0
557,DEBIT,1525.19,C8862718274,1354.34,0.0,M398239949,2.59,1527.78,0,0
345,CASH_OUT,72.26,C3848468128,92.72,20.46,M779837522,50.33,122.59,0,0
693,CASH_OUT,371.66,C9545473998,547.23,175.57,M926772074,38.11,409.77,0,0
170,PAYMENT,1318.54,C5129182127,12676.61,11358.07,M326054854,381.17,1699.71,0,0
356,CASH_OUT,2679.11,C1315814188,4380.28,1701.17,M738280647,459.84,3138.95,0,0
191,CASH_OUT,724.19,C1133763598,1193.73,469.54,M658382659,9.98,734.17,0,0
667,CASH_OUT,816.87,C7249797011,566.36,0.0,M371113221,8396.13,9213.0,0,0
422,CASH_OUT,2848.52,C1395914337,16.1,0.0,M265980027,1771.95,4620.47,0,0
700,CASH_OUT,923.83,C2617995576,640.85,0.0,M844206180,4219.77,5143.6,0,0
7,CASH_OUT,3199.82,C8769726830,416.1,0.0,M922755209,8231.7,11431.52,0,0
133,CASH_IN,5.55,C1251059511,382.62,377.07,C5818806267,36.92,42.47,0,0
557,CASH_OUT,341.26,C6536654266,2217.33,1876.07,M301757552,98.4,,0,0
31,CASH_IN,450.96,C8623133645,87215.04,86764.08,C1066160613,1098.33,1549.29,0,0
535,CASH_IN,318.69,C2535542226,1152.24,833.55,C5132375946,10567.4,10886.09,0,0
426,PAYMENT,516.15,C8367998718,4893.9,4377.75,M242473221,924.44,1440.59,0,0
394,CASH_OUT,178.28,C1771125358,942.26,763.98,M895427235,415.08,593.36,0,0
672,CASH_OUT,1954.63,C3317132916,941.39,0.0,M869408586,79.24,79.24,1,0
363,CASH_IN,138.22,C7649282947,18994.55,18856.33,C6513390792,15.74,153.96,0,0
437,PAYMENT,261.0,C5009401729,2791.22,2530.22,M384620580,7621.31,7882.31,0,0
670,PAYMENT,7245.06,C4191759797,7687.69,442.63,M777277627,167.87,7412.93,0,0
551,CASH_OUT,5480.1,C8980221737,24334.05,18853.95,M639772817,490.04,5970.14,0,0
82,TRANSFER,552.95,C1394352228,2716.87,2163.92,C3375885916,29918.98,30471.93,0,0
356,CASH_OUT,112.87,C8413304090,2021.12,1908.25,M918387284,174.84,287.71,0,0
258,PAYMENT,15.36,C2206655341,6921.08,6905.72,M839616653,515.59,530.95,0,0
718,PAYMENT,310.23,C5360019477,216.56,0.0,M333615119,134.01,444.24,0,0
589,CASH_OUT,1114.72,C2408419433,226.04,0.0,M817509785,16.73,1131.45,0,0
524,PAYMENT,95.36,C7416297965,164.53,69.17,M848251252,998.1,1093.46,0,0
295,CASH_IN,408.24,C7853281483,321.66,0.0,C9237735230,3.22,411.46,0,0
224,CASH_IN,200.96,C3028013585,56.41,0.0,C4964301371,16195.91,16396.87,0,0
525,CASH_IN,12.88,C3785910414,17.44,4.56,C2061968778,2.53,15.41,0,0
46,PAYMENT,509.96,C5816296116,140.54,0.0,M859030419,218.06,728.02,0,0
667,PAYMENT,963.12,C2028220738,3.06,0.0,M929593292,116.5,1079.62,0,0
113,CASH_OUT,554.93,C6182275971,2230.0,1675.07,M449564603,7110.63,7665.56,0,0
233,PAYMENT,10147.63,C2636613285,1403.72,0.0,M722432569,72.63,10220.26,0,0
17,CASH_OUT,211.93,C7207123774,6993.95,6782.02,M995088298,8.16,220.09,0,0
360,PAYMENT,180.8,C1960233305,106.56,0.0,M500307395,16.37,197.17,0,0
223,CASH_OUT,30727.72,C7329754797,3817.34,0.0,M593753909,2.21,30729.93,0,0
700,PAYMENT,33.2,C9460538407,145.27,112.07,M951909063,3918.29,3951.49,0,0
448,PAYMENT,116.79,C5917729054,7595.58,7478.79,M565486841,43400.21,43517.0,0,0
365,CASH_IN,830.45,C2810853853,11.53,0.0,C8427146171,9125.42,9955.87,0,0
675,PAYMENT,3829.7,C1428353614,605.93,0.0,M310568970,490.0,4319.7,0,0
326,TRANSFER,2616.71,C1412643938,404.33,0.0,C9048137237,1022.42,3639.13,0,0
467,CASH_IN,50.41,C3292278785,8041.54,7991.13,C1965708339,184.14,234.55,0,0
414,PAYMENT,10459.76,C8067768566,7746.59,0.0,M731296555,110.0,10569.76,0,0
455,PAYMENT,1020.57,C3250988839,23087.63,22067.06,M152872049,1525.28,2545.85,0,0
586,CASH_OUT,78.36,C9088147270,7.13,0.0,M206078094,16.02,,0,0
233,CASH_IN,92.72,C6479155930,46190.45,46097.73,C7219476583,1713.69,1806.41,0,0
224,PAYMENT,465.49,C6380820636,108.41,0.0,M314160613,392.4,857.89,0,0
412,TRANSFER,29871.13,C1410965864,78452.87,48581.74,C6288751428,2301.48,32172.61,0,0
572,PAYMENT,617.02,C3241723716,284722.95,284105.93,M163921700,,2196.49,0,0
335,CASH_IN,29328.74,C3232488806,21540.63,0.0,C9360212045,20.68,29349.42,0,0
222,CASH_IN,2335.95,C4500991547,128.61,0.0,C3377309745,2917.38,5253.33,0,0
37,CASH_OUT,32.31,C6190187370,48.85,16.54,M151945169,20038.77,20071.08,0,0
278,CASH_OUT,6734.65,C4873217402,188.08,0.0,M219970960,3027.94,9762.59,0,0
196,PAYMENT,61.05,C4150077088,4564.86,4503.81,M853207911,44.1,105.15,0,0
484,PAYMENT,117.89,C8208881013,76.84,0.0,M831112862,3883.51,4001.4,0,0
242,CASH_OUT,700.3,C9166913005,10.53,0.0,M576118071,1332.11,2032.41,0,0
324,CASH_IN,381.13,C8477087154,16362.61,15981.48,C8276102430,3.93,385.06,0,0
731,PAYMENT,2408.67,C7552796133,244.47,0.0,M378126371,242.06,2650.73,0,0
192,TRANSFER,1100.42,C3623264716,10789.3,9688.88,C3658320883,3350.37,4450.79,0,0
17,CASH_IN,318.67,C2272696562,7548.63,7229.96,C2026615086,354.95,673.62,0,0
524,PAYMENT,12062.45,C2968714879,1797.34,0.0,M464005886,1620.74,13683.19,0,0
401,TRANSFER,156.17,C3903574627,8940.95,8784.78,C4916992896,100.41,256.58,0,0
705,PAYMENT,54.6,C4911635270,44441.35,44386.75,M336112473,887.76,942.36,0,0
22,CASH_IN,1019.02,C9020682796,7409.11,6390.09,C5558667458,9473.16,10492.18,0,0
474,PAYMENT,389.02,C4371295469,7922.88,7533.86,M544674582,1473.7,1862.72,0,0
120,PAYMENT,659.02,C9342608524,2890.28,2231.26,M315956748,801.75,1460.77,0,0
210,PAYMENT,1765.74,C2361110449,371.43,0.0,M261900254,538.31,2304.05,0,0
306,PAYMENT,278.61,C9631117936,2370.23,2091.62,M396089927,343.38,621.99,0,0
270,PAYMENT,16600.99,C1496744922,1849.56,0.0,M634752669,67.03,16668.02,0,0
704,PAYMENT,685.38,C9422057505,3725.13,3039.75,M321049005,185.07,870.45,0,0
687,CASH_OUT,163.89,C6974821888,2524.96,2361.07,M152459467,657.14,821.03,0,0
285,TRANSFER,1311.8,C6958586554,349.56,0.0,C8722163498,2.93,1314.73,0,0
716,PAYMENT,340.03,C5999594961,18931.89,18591.86,M787165454,10049.32,10389.35,0,0
676,PAYMENT,506.03,C9742192213,293.49,0.0,M914206493,113.26,619.29,0,0
227,PAYMENT,44.16,C2573953250,2938.12,2893.96,M404901563,21.2,65.36,0,0
381,CASH_IN,55.39,C8602719721,3974.28,3918.89,C2504337849,61375.8,61431.19,0,0
460,TRANSFER,3371.73,C6721823020,79.45,0.0,C5896523328,668.0,4039.73,0,0
7,PAYMENT,34.17,C2458882787,54424.25,54390.08,M403312723,6101.81,6135.98,0,0
29,CASH_OUT,315.84,C2937465425,989.76,673.92,M467642540,76.49,392.33,0,0
33,PAYMENT,774.1,C1731015356,91.46,0.0,M614302123,6878.91,7653.01,0,0
646,PAYMENT,6809.35,C9277296134,1097.63,0.0,M762415751,2482.35,9291.7,0,0
79,CASH_IN,154.08,C4029910724,95.94,0.0,C9378183217,183.36,337.44,0,0
459,PAYMENT,1840.51,C1525156425,257.27,0.0,M572832377,5.75,1846.26,0,0
570,TRANSFER,317.02,C3077537295,244.99,0.0,C4680556768,5606.82,5923.84,0,0
538,PAYMENT,5.15,C2175335417,780.88,775.73,M915008137,247.18,252.33,0,0
482,TRANSFER,442.37,C6562291800,33253.83,32811.46,C6777840212,7668.11,8110.48,0,0
430,CASH_OUT,352.9,C1863847780,1430.69,1077.79,M130819540,168.24,521.14,0,0
738,CASH_IN,944.11,C8483290729,1654.14,710.03,C7738374717,335.41,1279.52,0,0
285,TRANSFER,111.58,C1715436790,332.78,221.2,C9559645342,994.11,1105.69,0,0
516,TRANSFER,138.1,C2786924623,2226.78,2088.68,C2076782901,56698.26,56836.36,0,0
99,CASH_OUT,4456.59,C7845592502,1009.58,0.0,M777890262,53.89,4510.48,0,0
397,CASH_OUT,205.97,C9888271743,889.35,683.38,M440518282,141.15,347.12,0,0
489,PAYMENT,8.79,C4773135346,6423.18,6414.39,M992064475,103.0,111.79,0,0
39,CASH_OUT,1075.87,C5130921981,104.19,0.0,M620696876,83.44,1159.31,0,0
271,CASH_OUT,2264.55,C4840692338,26009.13,23744.58,M130864470,347.91,2612.46,0,0
157,CASH_OUT,2225.03,C1015334226,1.3,0.0,M417570604,6583.21,8808.24,0,0
75,PAYMENT,117.84,C1716552155,868.94,751.1,M961425595,159.05,276.89,0,0
130,PAYMENT,403.61,C5053732965,32754.74,32351.13,M277438655,44545.59,44949.2,0,0
687,CASH_OUT,1167.42,C4831598996,22400.46,21233.04,M967038452,10847.21,12014.63,0,0
84,CASH_OUT,2773.39,C2868282134,1629.34,0.0,M982370540,308.46,3081.85,0,0
22,PAYMENT,1101.21,C6995714344,144.78,0.0,M628184874,64.68,1165.89,0,0
459,PAYMENT,1903.12,C8457707822,785.63,0.0,M755945455,2573.81,4476.93,0,0
539,CASH_OUT,93.29,C2398324024,714039.47,713946.18,M468384703,16620.61,16713.9,0,0
707,PAYMENT,4.14,C3240924565,6450.45,6446.31,M300722862,5401.21,5405.35,0,0
382,CASH_IN,3318.91,C2317266668,15.62,0.0,C8344193711,72.69,3391.6,0,0
440,DEBIT,60.82,C5914187691,1349.22,1288.4,M685654346,276.45,337.27,0,0
604,TRANSFER,286.33,C6701282339,245.55,0.0,C2240582663,10.71,297.04,0,0
21,CASH_IN,2029.79,C1837449289,45.84,0.0,C9275687431,14.98,2044.77,0,0
303,PAYMENT,425.55,C9183620042,3665.14,3239.59,M424925944,4463.88,4889.43,0,0
84,PAYMENT,1644.74,C8481571046,96.95,0.0,M918710579,1773.06,3417.8,0,0
659,PAYMENT,54705.31,C5005936140,52616.62,0.0,M537990480,24955.31,79660.62,0,0
453,PAYMENT,1215.65,C4775738857,31341.4,30125.75,M428793557,21.25,1236.9,0,0
387,CASH_OUT,93.95,C7655047022,176.97,83.02,M552278791,11986.0,12079.95,0,0
507,PAYMENT,22.32,C1653819044,151.35,129.03,M824670781,10611.55,10633.87,0,0
257,PAYMENT,1561.43,C1947639181,5902.63,4341.2,M331189312,72999.55,74560.98,0,0
570,CASH_OUT,474.86,C2024265557,13966.37,13491.51,M299924804,3585.97,4060.83,0,0
527,CASH_IN,25.59,C6572635833,584.56,558.97,C3059480150,0.66,26.25,0,0
162,CASH_OUT,4264.76,C6937908936,12659.18,8394.42,M943300853,1622.56,5887.32,0,0
163,CASH_OUT,1716.94,C6898817246,70341.93,68624.99,M322123659,3.89,1720.83,0,0
524,CASH_OUT,394.19,C8296129935,2501.81,2107.62,M542635071,1.71,395.9,0,0
271,PAYMENT,32003.9,C3816702787,83.72,0.0,M572986747,804.97,32808.87,0,0
492,CASH_OUT,3122.35,C4940964857,7814.95,4692.6,M882322823,2975.43,6097.78,0,0
208,TRANSFER,55.63,C9162481395,1568.62,1512.99,C3134066663,5.61,61.24,0,0
539,PAYMENT,4210.19,C4944490175,490.84,0.0,M834217537,1.73,4211.92,0,0
584,PAYMENT,671.72,C3278185676,7181.58,6509.86,M274912708,137.7,809.42,0,0
60,CASH_OUT,17794.01,C6421322530,22418.9,4624.89,M995454924,1493.35,19287.36,0,0
430,PAYMENT,2659.7,C5665823897,1745.91,0.0,M326100944,388.3,3048.0,0,0
657,CASH_IN,1062.75,C5734961866,3.68,0.0,C6332937327,172.51,1235.26,0,0
605,PAYMENT,948.38,C7180949562,1479.61,531.23,M869923698,19.76,968.14,0,0
309,CASH_IN,37.45,C6303490015,1934.12,1896.67,C8150285454,172.36,209.81,0,0
520,CASH_IN,144.89,C7262461091,704173.81,704028.92,C6143007879,4912.65,5057.54,0,0
591,CASH_IN,611.98,C1301427370,1516.34,904.36,C6048794220,640.15,1252.13,0,0
27,PAYMENT,25.96,C6676360858,714.59,688.63,M452367443,917.86,943.82,0,0
686,CASH_OUT,1026.98,C1858618277,6152.0,5125.02,M930350005,34301.57,35328.55,0,0
562,PAYMENT,91.24,C2249149036,517.82,426.58,M243486686,57706.38,57797.62,0,0
199,PAYMENT,183.76,C8363279479,197.29,13.53,M722360831,45483.11,45666.87,0,0
387,CASH_IN,1671.37,C4966629772,20.37,0.0,C1981598941,,321601.86,0,0
349,CASH_IN,132.7,C4528853838,247.44,114.74,C2595994411,47.26,179.96,0,0
693,CASH_IN,1031.71,C3022734910,9.3,0.0,C7621034878,20.43,1052.14,0,0
536,CASH_IN,539.12,C5309176500,2226.35,1687.23,C2057408533,1577.33,2116.45,0,0
378,CASH_OUT,48.56,C6813723104,1881.06,1832.5,M154800886,209.14,257.7,0,0
558,CASH_OUT,2351.45,C8985291238,6254.45,3903.0,M297305981,442.24,2793.69,0,0
527,CASH_OUT,2605.83,C5427442895,83.28,0.0,M849449311,2.38,2608.21,0,0
153,CASH_IN,2905.06,C7851593157,30.06,0.0,C5243240129,916.4,3821.46,0,0
734,CASH_IN,18312.9,C1146077041,187899.02,169586.12,C9530482098,144.17,18457.07,0,0
206,PAYMENT,177.28,C7577755671,900.92,723.64,M591495911,154.53,331.81,0,0
455,CASH_IN,8.17,C6378290120,6307.69,6299.52,C5039907855,280.84,289.01,0,0
273,CASH_IN,108.42,C7916848286,1528.86,1420.44,C6578814522,7.47,115.89,0,0
236,TRANSFER,2748.98,C7327492060,7061.12,4312.14,C8960971524,86.36,2835.34,0,0
740,CASH_IN,342.84,C4584293086,1939.32,1596.48,C9160487664,16272.74,16615.58,0,0
521,PAYMENT,24.3,C7403739294,147.67,123.37,M117583270,926.07,950.37,0,0
678,PAYMENT,13.92,C8131314023,4249.49,4235.57,M806938923,14994.38,15008.3,0,0
726,CASH_OUT,6909.9,C5318218780,2344.51,0.0,M806109608,20.87,6930.77,0,0
501,PAYMENT,1362.62,C4382074536,16.35,0.0,M949929055,758.67,2121.29,0,0
117,PAYMENT,149.41,C5057334980,2290.08,2140.67,M932156536,27.58,176.99,0,0
386,CASH_OUT,17414.02,C6844641847,416.64,0.0,M102328125,81669.53,99083.55,0,0
344,CASH_IN,80644.61,C2505829046,207.08,0.0,C6787316953,24.66,80669.27,0,0
584,PAYMENT,3196.11,C5046142466,12561.05,9364.94,M465567918,5152.99,8349.1,0,0
395,TRANSFER,1827.47,C4802767356,916.31,0.0,C3455915850,146.52,1973.99,0,0
64,CASH_OUT,1160.39,C5940131082,988.76,0.0,M661657557,7568.54,7568.54,1,0
717,PAYMENT,2233.62,C7984079535,1370.76,0.0,M713919195,14.25,2247.87,0,0
721,PAYMENT,20266.81,C5277608244,1011.42,0.0,M489803285,112.46,20379.27,0,0
72,CASH_OUT,57.66,C8021347208,858.85,801.19,M385705044,2006.9,2064.56,0,0
274,PAYMENT,204.76,C4863529829,41781.46,41576.7,M986693739,329.57,534.33,0,0
320,CASH_OUT,366.66,C2380725815,198.22,0.0,M953810101,624.14,990.8,0,0
338,CASH_OUT,1272.35,C5067194449,14.27,0.0,M732634185,143.35,1415.7,0,0
366,CASH_OUT,9235.88,C7260805584,1226.2,0.0,M969162277,247.65,9483.53,0,0
495,CASH_OUT,921.18,C2619793188,104.74,0.0,M433966588,217.66,1138.84,0,0
607,CASH_IN,1408.76,C1806627357,70.68,0.0,C2807377573,61.76,1470.52,0,0
166,CASH_OUT,1561.55,C5674864346,1054.33,0.0,M300214973,64374.84,65936.39,0,0
544,PAYMENT,422.49,C1778333230,2179.16,1756.67,M687910756,24487.18,24909.67,0,0
11,CASH_IN,175.52,C3500994300,710.39,534.87,C1210930377,14850.38,15025.9,0,0
301,PAYMENT,468.41,C3345038176,350.08,0.0,M857804832,2445.97,2914.38,0,0
729,TRANSFER,109.01,C1609611997,664.31,555.3,C2318317827,5140.97,5249.98,0,0
102,CASH_IN,112.82,C5384795818,965.51,852.69,C7980777152,74.46,187.28,0,0
425,CASH_IN,842.25,C1199346294,1089.31,247.06,C9329552211,27.75,870.0,0,0
392,CASH_OUT,155.02,C9345753460,12.42,0.0,M676328134,10213.45,10368.47,0,0
214,CASH_IN,16210.41,C7579263959,9747.14,0.0,C3879036959,1396.39,17606.8,0,0
691,CASH_IN,540.82,C2617754320,28.67,0.0,C8931857921,10544.13,11084.95,0,0
88,PAYMENT,6115.03,C8715732929,204.85,0.0,M197170043,1277.9,7392.93,0,0
553,CASH_OUT,33.44,C9310748047,22.52,0.0,M389681283,68.92,102.36,0,0
401,PAYMENT,35.55,C2117909860,1665.99,1630.44,M733944316,23.58,59.13,0,0
588,CASH_IN,323.07,C2565804515,185.59,0.0,C2119406405,1848.42,2171.49,0,0
46,PAYMENT,2626.83,C3023776221,692.59,0.0,M136362759,3567.06,6193.89,0,0
672,CASH_IN,151.39,C5489049513,171.19,19.8,C8431146635,1874.18,2025.57,0,0
463,CASH_OUT,330.05,C4628023932,78.63,0.0,M812586878,38.12,368.17,0,0
592,CASH_IN,2980.51,C5130432485,2.06,0.0,C2280954079,815.33,3795.84,0,0
310,CASH_OUT,185.66,C1291948757,249.99,64.33,M143483291,917.48,1103.14,0,0
86,CASH_OUT,88.67,C1330050064,53.24,0.0,M381255556,85.7,174.37,0,0
92,PAYMENT,1663.68,C7666514822,4019.73,2356.05,M360725930,13310.6,14974.28,0,0
660,CASH_OUT,29.72,C7459780806,199238.79,199209.07,M186266224,321.12,350.84,0,0
673,CASH_OUT,191.08,C5457470518,106384.45,106193.37,M968573195,20928.59,21119.67,0,0
714,CASH_OUT,507.02,C4818908268,895.32,388.3,M342176836,1237.52,1744.54,0,0
242,PAYMENT,1162.16,C3016662763,151.75,0.0,M874072244,320.46,1482.62,0,0
2,CASH_IN,2090.79,C6025730131,8.38,0.0,C9744811494,642.9,2733.69,0,0
225,CASH_IN,2856.37,C6386062970,384.94,0.0,C2179316380,2.58,2858.95,0,0
589,PAYMENT,220.31,C9185376417,112.12,0.0,M886656458,460.65,680.96,0,0
116,CASH_OUT,2738.12,C2000602086,173.61,0.0,M652248596,1.37,2739.49,0,0
666,PAYMENT,1110.2,C3190365308,18.53,0.0,M165295894,127.28,1237.48,0,0
103,CASH_IN,1706.87,C3753724072,6354.21,4647.34,C5618630885,1285.31,2992.18,0,0
194,CASH_OUT,113.57,C5298849348,3916.94,3803.37,M629787606,174.38,287.95,0,0
166,CASH_OUT,1525.71,C7256827574,111.2,0.0,M784391497,20942.77,22468.48,0,0
90,CASH_OUT,297.23,C2713748347,9317.36,9020.13,M855910562,490.91,788.14,0,0
686,CASH_IN,443.96,C4717806140,1272.88,828.92,C9562510676,2482.01,2925.97,0,0
122,PAYMENT,561.32,C4606473176,4128.05,3566.73,M630756430,355.32,916.64,0,0
143,CASH_IN,27622.07,C4616579839,7595.21,0.0,C4424579197,1220.92,28842.99,0,0
106,CASH_OUT,64.73,C6758902983,2731.14,2666.41,M417114566,226.78,,0,0
428,CASH_OUT,4353.05,C3936118359,140.96,0.0,M840465115,2336.06,6689.11,0,0
305,PAYMENT,7049.73,C3831004873,15112.28,8062.55,M832551138,9066.01,16115.74,0,0
317,PAYMENT,2103.12,C9684907396,7569.28,5466.16,M554947452,669.62,2772.74,0,0
635,CASH_OUT,138.25,C9403412082,7850.98,7712.73,M353799046,15479.44,15617.69,0,0
9,CASH_OUT,12004.19,C2239545940,39.52,0.0,M911040559,248.05,12252.24,0,0
73,CASH_OUT,207.67,C2823144795,28.01,0.0,M265486291,12382.41,12590.08,0,0
359,CASH_OUT,1594.38,C4897801874,48151.95,46557.57,M705935065,3436.27,5030.65,0,0
223,CASH_OUT,513.8,C3713929665,222.46,0.0,M105740641,273.98,787.78,0,0
416,TRANSFER,192.81,C5542028427,2061.29,1868.48,C2187921174,2830.96,3023.77,0,0
553,PAYMENT,1203.96,C5585493014,22380.04,21176.08,M735178849,2655.44,3859.4,0,0
370,PAYMENT,17306.23,C6178755995,65018.16,47711.93,M330315794,4450.74,21756.97,0,0
716,PAYMENT,673.64,C7932813336,4607.06,3933.42,M439005577,2.43,676.07,0,0
264,CASH_OUT,21096.74,C9909041199,297.3,0.0,M686062001,29.26,21126.0,0,0
690,CASH_OUT,279.62,C4173726053,535.6,255.98,M915462629,225.61,505.23,0,0
318,PAYMENT,470.99,C6965835976,2770.4,2299.41,M551070386,854.6,1325.59,0,0
84,PAYMENT,34.76,C5848649097,1698.02,1663.26,M433597511,2029.53,2064.29,0,0
318,CASH_OUT,132.2,C6957398513,183.1,50.9,M952370738,153.6,285.8,0,0
111,CASH_IN,260.67,C4813913241,1.44,0.0,C3756361664,3283.44,3544.11,0,0
251,PAYMENT,208.91,C7256736136,174.21,0.0,M929254444,2.09,211.0,0,0
383,CASH_OUT,59.12,C9767387155,643.88,584.76,M721251241,13.55,72.67,0,0
7,CASH_OUT,87.91,C9847118124,1070.54,982.63,M966564731,116.99,204.9,0,0
459,PAYMENT,227.42,C9234247611,78178.33,77950.91,M779860561,76903.89,77131.31,0,0
84,CASH_IN,4328.94,C2421557827,15800.29,11471.35,C3994432406,4093.38,8422.32,0,0
208,CASH_OUT,20.26,C6125286981,345.82,325.56,M457886462,156.32,176.58,0,0
390,CASH_OUT,6.27,C1528528501,3863.69,3857.42,M110878863,27722.13,27728.4,0,0
314,PAYMENT,11.92,C4311646086,1.4,0.0,M536226350,35.99,47.91,0,0
22,CASH_OUT,74.08,C7533151044,23511.47,23437.39,M613305769,66.22,140.3,0,0
410,PAYMENT,1442.22,C3078356004,317.06,0.0,M949252248,817.55,2259.77,0,0
515,PAYMENT,197.83,C6633524225,1751.02,1553.19,M914737994,547.1,744.93,0,0
127,CASH_OUT,192.5,C3932857810,1181.5,989.0,M183833130,1145.99,1338.49,0,0
700,CASH_OUT,184.04,C5146091503,14265.2,14081.16,M179546221,169.76,353.8,0,0
14,PAYMENT,9.43,C8011452375,458.66,449.23,M341857157,2297.3,2306.73,0,0
12,CASH_OUT,2259.39,C3234374171,8580.24,6320.85,M656457454,564.08,2823.47,0,0
87,CASH_OUT,5547.2,C6630725677,2728.95,0.0,M538489229,8711.07,14258.27,0,0
524,CASH_IN,206.24,C8003387244,1489.87,1283.63,C8868247419,3111.9,3318.14,0,0
537,CASH_OUT,478.63,C8375954134,836.96,358.33,M228276791,78.35,556.98,0,0
301,PAYMENT,511.55,C6874060848,306.91,0.0,M779834986,21.4,532.95,0,0
243,CASH_OUT,47.67,C3506750490,724.48,676.81,M289756572,5952.97,6000.64,0,0
122,PAYMENT,166.84,C7994318602,421.71,254.87,M319415505,26.03,192.87,0,0
147,CASH_OUT,14350.12,C4007836331,3124.52,0.0,M470591953,5735.79,20085.91,0,0
567,TRANSFER,400.22,C4833586467,64.32,0.0,C8964781695,209.56,609.78,0,0
356,CASH_IN,630.83,C1128563855,1313.18,682.35,C2766862069,1946.92,2577.75,0,0
685,CASH_OUT,100.76,C1301252531,48559.52,48458.76,M353262683,87.35,188.11,0,0
733,PAYMENT,170.73,C8179196621,365.12,194.39,M663089668,1314.25,1484.98,0,0
631,PAYMENT,1469.36,C2175383253,3280.65,1811.29,M512035120,7280.41,8749.77,0,0
309,PAYMENT,75.25,C7359418432,3.29,0.0,M325563196,135.67,210.92,0,0
695,CASH_IN,10300.69,C7954609022,21.08,0.0,C7234025028,44.18,10344.87,0,0
288,PAYMENT,15.92,C8553628824,786.42,770.5,M985880435,55.61,71.53,0,0
307,CASH_OUT,113.71,C3445112928,908.48,794.77,M803813699,1.14,114.85,0,0
594,PAYMENT,20.91,C9892811611,1216.05,1195.14,M902615440,49.28,70.19,0,0
723,CASH_OUT,5702.88,C1212949135,262232.23,256529.35,M707893632,8777.49,14480.37,0,0
662,CASH_IN,375.2,C4434337668,255.37,0.0,C4800471817,5.83,381.03,0,0
549,PAYMENT,227.52,C6739231885,1354.29,1126.77,M214650017,107.7,335.22,0,0
352,CASH_OUT,893.55,C4995814548,182.92,0.0,M585984892,583.08,1476.63,0,0
312,CASH_OUT,6621.18,C8358772696,6920.42,299.24,M736252593,550.22,7171.4,0,0
59,CASH_IN,621.5,C7802065780,61.81,0.0,C4116003753,50.72,672.22,0,0
643,CASH_IN,3965.16,C6782164072,191.04,0.0,C4195870570,10815.3,14780.46,0,0
714,PAYMENT,224.24,C6217544958,115.16,0.0,M827842907,2711.56,2935.8,0,0
35,CASH_OUT,58.99,C3832735485,8597.73,8538.74,M310990802,36.32,95.31,0,0
445,PAYMENT,641.9,C4474463524,1502.62,860.72,M604345781,280.39,922.29,0,0
93,CASH_OUT,100.01,C3834933303,2227.73,2127.72,M547809729,92.03,192.04,0,0
207,CASH_OUT,1599.58,C8346711715,675.33,0.0,M911855744,1361.98,2961.56,0,0
353,CASH_OUT,177.92,C9066632197,22542.62,22364.7,M923919788,16340.6,16518.52,0,0
332,CASH_OUT,340.67,C8842772684,744.47,403.8,M257027096,1418.3,1758.97,0,0
725,PAYMENT,4.57,C1585188502,149237.37,149232.8,M177603074,22744.18,22748.75,0,0
159,DEBIT,314.37,C6070415423,26202.57,25888.2,M696096454,311.21,625.58,0,0
24,PAYMENT,248.35,C4657140811,27.4,0.0,M507065688,7.21,255.56,0,0
404,CASH_OUT,4129.57,C6349756937,5411.8,1282.23,M450007886,66.21,4195.78,0,0
516,PAYMENT,2298.97,C9664124375,26096.21,23797.24,M854638451,2515.91,4814.88,0,0
732,PAYMENT,423.45,C9675997851,395.7,0.0,M270021432,339.57,763.02,0,0
364,CASH_OUT,15.47,C4007991618,3067.57,3052.1,M461597507,539.88,,0,0
382,TRANSFER,167.26,C3082599481,27.26,0.0,C6809622021,134.44,301.7,0,0
532,PAYMENT,4138.33,C9107098281,90.92,0.0,M471642488,102.2,4240.53,0,0
152,DEBIT,271.27,C1121938340,584.59,313.32,M500432866,,7470.4,0,0
562,PAYMENT,47.77,C7781532027,37.11,0.0,M210979361,42742.76,42790.53,0,0
689,PAYMENT,4038.58,C4138331097,1258.89,0.0,M331959380,124.3,4162.88,0,0
608,CASH_OUT,15.69,C1865598843,5574.48,5558.79,M983340412,83.7,99.39,0,0
617,PAYMENT,321.86,C6769295635,111.08,0.0,M961176182,3491.01,3812.87,0,0
420,CASH_OUT,1231.72,C7085028032,38.42,0.0,M858175290,20148.93,21380.65,0,0
250,CASH_IN,519.11,C2939982773,21.18,0.0,C9262432179,6473.91,6993.02,0,0
117,CASH_IN,33.68,C6544063061,22720.64,22686.96,C5035917020,52214.59,52248.27,0,0
512,CASH_IN,62.9,C6591504448,14.08,0.0,C3147899917,7433.63,7496.53,0,0
740,CASH_IN,99.89,C3048979720,2297.3,2197.41,C9490719145,3179.67,3279.56,0,0
578,CASH_IN,1937.08,C5945016316,28701.66,26764.58,C4832452934,9659.08,11596.16,0,0
335,CASH_OUT,567.39,C7984434365,95.11,0.0,M546587588,1279.59,1846.98,0,0
418,PAYMENT,185.84,C4723501517,132.97,0.0,M519460238,574.39,760.23,0,0
295,CASH_IN,913.99,C7852456359,1701.37,787.38,C8354891748,1788.43,2702.42,0,0
371,PAYMENT,89.98,C6150794503,2001.55,1911.57,M932620322,1583.06,1673.04,0,0
186,CASH_IN,1766.5,C7883832239,315.44,0.0,C3994070384,80.35,1846.85,0,0
246,CASH_OUT,993.38,C1598476922,521.85,0.0,M721306203,1603.18,2596.56,0,0
637,CASH_OUT,257.5,C5107328828,1376.27,1118.77,M545920197,,909.44,0,0
268,TRANSFER,291.62,C4704331673,399.35,107.73,C5618288661,1481.51,1773.13,0,0
643,PAYMENT,203.64,C5028737607,434.4,230.76,M830781385,466.52,670.16,0,0
237,CASH_OUT,2956.86,C7553001138,140926.42,137969.56,M851522079,1201.44,4158.3,0,0
530,CASH_IN,621.53,C5327321961,13815.89,13194.36,C8288095767,941.05,1562.58,0,0
552,TRANSFER,261.65,C8904826491,16813.46,16551.81,C7893208054,26.66,288.31,0,0
21,CASH_OUT,57.94,C3246030580,467.49,409.55,M540502133,73.27,131.21,0,0
737,CASH_IN,1311.57,C8766663086,14.93,0.0,C5313154883,10.7,1322.27,0,0
520,TRANSFER,1194.53,C3851508759,535106.47,533911.94,C3607770270,14527.28,15721.81,0,0
100,TRANSFER,140.99,C9153294624,234.64,93.65,C7613754754,400.28,541.27,0,0
478,TRANSFER,174.11,C4840220167,2376.03,2201.92,C4731135249,939.3,1113.41,0,0
599,PAYMENT,319.25,C2219144812,7779.79,7460.54,M885221757,400.34,719.59,0,0
298,PAYMENT,40.16,C1162454231,256.94,216.78,M362644908,33.17,73.33,0,0
526,CASH_OUT,467.51,C3282653227,10443.0,9975.49,M614999947,265.79,733.3,0,0
334,CASH_OUT,15.02,C2490348622,1121.62,1106.6,M113929510,415.53,430.55,0,0
2,PAYMENT,31.22,C7512895176,567.47,536.25,M576416945,5.01,36.23,0,0
375,PAYMENT,145.59,C7686989078,256.66,111.07,M827061181,1462.12,1607.71,0,0
293,CASH_OUT,114.83,C5528303760,90.79,0.0,M630796214,978.63,1093.46,0,0
553,PAYMENT,995.04,C3232723030,10.41,0.0,M504972306,171.52,1166.56,0,0
318,CASH_OUT,710.52,C8162337894,1244734.79,1244024.27,M990685533,15728.86,16439.38,0,0
502,CASH_IN,6331.22,C4930386797,41912.95,35581.73,C5655176244,1080.05,7411.27,0,0
381,CASH_OUT,485.75,C9560309045,1418.49,932.74,M245184635,3868.76,4354.51,0,0
623,PAYMENT,609.27,C2547549642,54178.73,53569.46,M447517918,1081.02,1690.29,0,0
14,PAYMENT,39.4,C8826715276,39066.2,39026.8,M976701648,1117.93,1157.33,0,0
504,CASH_OUT,39.57,C8512454325,4872.45,0.0,M380621800,1.81,1.81,1,0
231,TRANSFER,458.91,C1665808461,462.9,3.99,C4813951858,109.29,568.2,0,0
84,PAYMENT,475.05,C5897636564,16080.41,15605.36,M896655583,314.12,789.17,0,0
130,CASH_OUT,719.95,C1448413872,10631.01,9911.06,M440746348,25.96,745.91,0,0
743,CASH_OUT,5111.6,C4428890403,7926.11,2814.51,M230928433,217.75,5329.35,0,0
145,CASH_OUT,43.22,C3863169514,471.99,428.77,M195395381,4015.46,4058.68,0,0
28,CASH_OUT,11846.93,C3243326521,2828.08,0.0,M403563124,415.22,12262.15,0,0
66,PAYMENT,20.49,C9259279395,2172.25,2151.76,M639697793,15.14,35.63,0,0
163,PAYMENT,850.55,C9342738751,423.35,0.0,M131091931,1349.8,2200.35,0,0
229,CASH_IN,33.36,C8450377973,2765.38,2732.02,C2680950797,3.27,36.63,0,0
261,PAYMENT,1716.9,C3371028788,25133.46,23416.56,M563566537,1772.41,3489.31,0,0
449,CASH_OUT,20.75,C6829499829,49707.09,49686.34,M425356331,109.35,130.1,0,0
424,CASH_OUT,1.71,C4931396038,3822.31,3820.6,M694467301,46522.76,46524.47,0,0
460,PAYMENT,540.09,C5333357887,724.09,184.0,M584334254,10.74,550.83,0,0
676,CASH_OUT,314.2,C6673678400,9290.83,8976.63,M737999963,371.07,685.27,0,0
301,CASH_OUT,3685.42,C7434736297,123.94,0.0,M747976192,25.19,3710.61,0,0
303,CASH_IN,471.41,C7974402559,427.2,0.0,C3654059037,157.89,629.3,0,0
287,CASH_OUT,90.95,C2706651210,26580.02,26489.07,M387494519,91403.74,91494.69,0,0
395,CASH_IN,137.05,C6860166678,118115.48,117978.43,C8964452509,150.46,287.51,0,0
10,CASH_OUT,250707.03,C7646882426,18954.02,0.0,M517568216,20.14,250727.17,0,0
707,TRANSFER,70.17,C7808570435,894.28,824.11,C4890150166,1941.87,2012.04,0,0
630,PAYMENT,1151.82,C4772903864,4.6,0.0,M486220269,165.2,1317.02,0,0
270,CASH_IN,901.81,C2229190395,7784.88,6883.07,C7537525311,163.87,1065.68,0,0
592,CASH_OUT,1206.79,C9965658137,4061.04,2854.25,M355258161,171.96,1378.75,0,0
605,CASH_IN,1024.98,C4006566925,4364.05,3339.07,C9492520591,173.89,1198.87,0,0
361,CASH_IN,236.22,C2902204558,30.41,0.0,C4430039379,7312.79,7549.01,0,0
257,PAYMENT,11.89,C7572869647,479.85,467.96,M517805441,8.07,19.96,0,0
133,PAYMENT,550.74,C1551450874,116221.32,115670.58,M803378550,475.11,1025.85,0,0
276,CASH_IN,393.22,C4315371265,84.8,0.0,C4643296306,781.77,1174.99,0,0
683,CASH_OUT,516.91,C2720691774,4656.13,4139.22,M272771659,594.86,1111.77,0,0
513,PAYMENT,1249.46,C3657369881,212.61,0.0,M136797776,24.71,1274.17,0,0
313,CASH_IN,176.4,C5126458657,3899.88,3723.48,C3739444187,30.98,207.38,0,0
576,PAYMENT,116.68,C8595171251,666.87,550.19,M571778698,181.64,298.32,0,0
284,CASH_OUT,2444.72,C2501807553,22387.16,19942.44,M809270501,33.04,2477.76,0,0
121,PAYMENT,208.99,C9494181319,1215.78,1006.79,M384137964,879.52,1088.51,0,0
107,CASH_IN,150.29,C6459443701,13183.94,13033.65,C5983041436,,7857.69,0,0
687,CASH_OUT,126.41,C2897401542,214946.5,214820.09,M536277657,469.34,595.75,0,0
204,CASH_OUT,1324.96,C4758042866,12903.13,11578.17,M198028822,185.0,,0,0
165,CASH_OUT,265.2,C6246737299,4635.17,4369.97,M856717443,1.93,267.13,0,0
305,CASH_IN,33712.22,C1149213342,19796.74,0.0,C4616268521,845.61,34557.83,0,0
497,CASH_OUT,452.55,C5462215051,4476.53,4023.98,M167416508,55.66,508.21,0,0
632,PAYMENT,36.12,C5473803843,239.85,203.73,M632608231,177.18,213.3,0,0
556,PAYMENT,168.38,C5693820897,132.33,0.0,M236679456,,232.17,0,0
156,CASH_IN,1496.14,C1418600211,6157.09,4660.95,C1127370589,235.56,1731.7,0,0
367,TRANSFER,121.47,C8166158444,229.69,108.22,C3346559675,681.54,803.01,0,0
719,CASH_OUT,389.77,C5611489078,180.22,0.0,M187271261,1105.35,1495.12,0,0
620,CASH_OUT,2855.24,C2307530933,680.95,0.0,M560354221,5573.95,8429.19,0,0
251,CASH_IN,3857.35,C8637313982,14.65,0.0,C7967949334,241.1,4098.45,0,0
334,CASH_OUT,141.34,C8845629931,213.85,72.51,M464293921,231.04,372.38,0,0
642,CASH_OUT,241.38,C9538002586,174.35,0.0,M878399935,8851.11,9092.49,0,0
511,CASH_IN,489.63,C8477705172,516539.97,516050.34,C6722224447,3638.96,4128.59,0,0
293,TRANSFER,5911.49,C9795544226,7170.85,1259.36,C7163620389,10140.88,16052.37,0,0
20,PAYMENT,44.72,C9101424239,382.45,337.73,M393746413,4212.71,4257.43,0,0
282,CASH_OUT,828.36,C4778130144,161.23,0.0,M898699602,177717.43,178545.79,0,0
1,PAYMENT,450.74,C4219788157,2.47,0.0,M323504040,2595.39,3046.13,0,0
119,CASH_OUT,67.08,C9956972873,28.17,0.0,M366053947,28.1,95.18,0,0
35,CASH_IN,4791.87,C4230446337,17.28,0.0,C4689064985,2593.42,7385.29,0,0
198,CASH_IN,2923.92,C8615218450,95.42,0.0,C5938076639,1020.78,3944.7,0,0
485,CASH_IN,8747.76,C5073840913,1068.62,0.0,C5618582529,159.68,8907.44,0,0
59,CASH_OUT,4274.43,C5831839226,685.67,0.0,M123732005,123.34,4397.77,0,0
161,PAYMENT,411.74,C4337110750,117.64,0.0,M761960645,262.27,674.01,0,0
691,CASH_OUT,1392.49,C8344229604,965.59,0.0,M721435898,1.92,1394.41,0,0
206,CASH_OUT,783.42,C9656454484,30.48,0.0,M278387227,0.69,784.11,0,0
12,CASH_IN,65.75,C3710820527,3329.06,3263.31,C7091440171,493.0,558.75,0,0
490,CASH_OUT,29.7,C8869692442,7405.09,7375.39,M863908599,116.97,146.67,0,0
276,PAYMENT,843.89,C8051644813,3760.14,2916.25,M371176939,101.69,945.58,0,0
693,PAYMENT,489.29,C9870810088,16895.24,16405.95,M620647518,169.8,659.09,0,0
242,TRANSFER,205.86,C9551161228,24.7,0.0,C5515530615,8.66,214.52,0,0
216,CASH_IN,335.38,C1364004215,1211.31,875.93,C5017555124,2568.73,2904.11,0,0
251,CASH_IN,13890.04,C7801719920,101.3,0.0,C2607417307,190.48,14080.52,0,0
126,PAYMENT,5.16,C9005360414,61.59,56.43,M278780014,443.77,448.93,0,0
217,CASH_OUT,1450.69,C9580507967,31.93,0.0,M981710813,4233.31,5684.0,0,0
306,PAYMENT,2175.56,C6947560996,538265.9,536090.34,M714278642,170.61,2346.17,0,0
185,PAYMENT,2794.61,C8062424419,10703.1,7908.49,M513107752,3726.63,6521.24,0,0
39,PAYMENT,25.62,C9647459021,63341.44,63315.82,M133317082,1000.38,1026.0,0,0
223,PAYMENT,224.44,C7815129554,2648.91,2424.47,M737662713,3669.38,3893.82,0,0
184,PAYMENT,203.1,C3939552116,138.42,0.0,M209785008,4520.48,4723.58,0,0
495,CASH_OUT,723.41,C8682612866,5882.08,5158.67,M618479069,1452.28,2175.69,0,0
427,CASH_OUT,42.15,C5707110740,383367.6,383325.45,M967599016,322.93,365.08,0,0
178,CASH_IN,860.02,C4155307059,4071.12,3211.1,C1915802391,1400.64,2260.66,0,0
428,PAYMENT,68.75,C3348770345,827.66,758.91,M152491027,29.55,98.3,0,0
294,PAYMENT,222.48,C7605220990,2162.42,1939.94,M740699317,1039.15,,0,0
151,PAYMENT,5943.81,C6501682226,17828.3,11884.49,M835264511,2957.68,8901.49,0,0
384,CASH_OUT,2173.96,C2077454476,1053.49,0.0,M303382407,36.96,2210.92,0,0
638,CASH_IN,516.8,C7179627391,819.04,302.24,C2323925598,10050.19,10566.99,0,0
308,CASH_IN,24.92,C5932687980,201.53,176.61,C1272431836,346.54,371.46,0,0
336,PAYMENT,784.28,C8986021985,2661.91,1877.63,M831807859,1052.29,1836.57,0,0
375,PAYMENT,897.12,C9205028779,45.94,0.0,M472702267,19.95,917.07,0,0
8,PAYMENT,6.06,C7401054336,419.14,413.08,M747750989,1.56,7.62,0,0
341,CASH_IN,813.79,C7792100451,795.37,0.0,C4966551424,8386.85,9200.64,0,0
129,CASH_IN,46.89,C6216536092,77.48,30.59,C8586387693,286.52,333.41,0,0
669,PAYMENT,20.92,C5267355606,1036.52,1015.6,M205242547,4770.7,4791.62,0,0
352,PAYMENT,42.78,C8495889276,11892.39,11849.61,M535307106,257.81,300.59,0,0
358,PAYMENT,5.35,C6320373051,41204.31,41198.96,M161684401,45.69,51.04,0,0
517,PAYMENT,178.54,C2168859916,606.86,428.32,M385215987,30619.13,30797.67,0,0
495,PAYMENT,54.02,C8649090515,351.59,297.57,M539872630,335.69,389.71,0,0
86,PAYMENT,3948.8,C4028987894,571.22,0.0,M844406118,536.1,4484.9,0,0
175,PAYMENT,196.74,C9310267218,5241.18,5044.44,M490235872,261.33,458.07,0,0
193,CASH_OUT,95.62,C5828123733,230.53,134.91,M354912783,11.38,107.0,0,0
311,TRANSFER,16.68,C5049609126,229.69,213.01,C8960933612,1560.5,1577.18,0,0
119,CASH_IN,171.42,C6169075844,2159.39,1987.97,C9623152843,1155.9,1327.32,0,0
218,PAYMENT,6044.46,C5384735686,4011.82,0.0,M746719843,3773.3,9817.76,0,0
427,PAYMENT,8907.4,C9025180412,1812.0,0.0,M661803565,52.94,8960.34,0,0
414,CASH_OUT,194.52,C2212481694,1494.95,1300.43,M342887605,7.82,202.34,0,0
114,CASH_OUT,351.07,C6269586204,326.65,0.0,M101631302,1686.01,2037.08,0,0
145,CASH_OUT,1645.51,C4326102767,1153.85,0.0,M723944779,10576.56,12222.07,0,0
538,PAYMENT,51.88,C3563204088,2.83,0.0,M214745158,7.25,59.13,0,0
648,CASH_IN,843.97,C5911424454,52809.62,51965.65,C7983982926,12.31,856.28,0,0
303,PAYMENT,45865.05,C4977082893,1640.57,0.0,M971293765,101.76,45966.81,0,0
588,PAYMENT,1863.53,C8514747926,211067.24,209203.71,M350524560,9.65,1873.18,0,0
345,PAYMENT,1748.36,C5016614506,27489.82,25741.46,M745961168,151.09,1899.45,0,0
1,CASH_OUT,5929.09,C8127579083,142.92,0.0,M655739371,1036.86,6965.95,0,0
147,CASH_OUT,2459.14,C5230558060,441.31,0.0,M876639331,2501.13,4960.27,0,0
287,CASH_IN,243.32,C8436264981,69.72,0.0,C8846996518,1556.67,1799.99,0,0
654,TRANSFER,38.11,C5948558742,205.63,167.52,C7509398204,277.48,315.59,0,0
53,PAYMENT,308.9,C8265758422,21.99,0.0,M747779779,9878.83,10187.73,0,0
304,PAYMENT,58.01,C9245700797,108.96,50.95,M798897082,3.42,61.43,0,0
69,TRANSFER,229.58,C7597488794,82.45,0.0,C7360460909,28.8,258.38,0,0
361,CASH_OUT,70.63,C8572313546,9935.05,9864.42,M193985852,438.29,508.92,0,0
602,CASH_IN,184.98,C1614703140,19.08,0.0,C5098989774,59.05,244.03,0,0
220,PAYMENT,20.68,C8014517263,286268.36,286247.68,M524954080,285.25,305.93,0,0
704,PAYMENT,100.82,C5453442477,490.59,389.77,M831945437,1344.42,1445.24,0,0
575,CASH_OUT,907.8,C8018245348,31818.49,30910.69,M357592247,101.57,1009.37,0,0
585,PAYMENT,1503.99,C8064052175,98.45,0.0,M123190377,102.65,1606.64,0,0
161,CASH_IN,974.46,C5611216528,7672.34,6697.88,C2481997300,209.12,1183.58,0,0
681,CASH_OUT,190.19,C8207467585,27.91,0.0,M549391782,3600.39,3790.58,0,0
89,PAYMENT,517.83,C3832673005,27.52,0.0,M639880929,1968.17,2486.0,0,0
688,CASH_OUT,19691.33,C8934321852,16919.69,0.0,M350251432,3014.68,22706.01,0,0
585,CASH_IN,95.44,C7771886283,808.5,713.06,C3420313284,588.65,684.09,0,0
589,PAYMENT,9995.01,C9323220813,668.11,0.0,M900959034,625.99,10621.0,0,0
159,CASH_IN,22.47,C2540526424,89.28,66.81,C3528655537,7423.93,7446.4,0,0
489,PAYMENT,13.23,C1614603032,124.2,110.97,M199189483,47.34,60.57,0,0
324,CASH_OUT,300.5,C6554822817,20.29,0.0,M436601270,7895.68,8196.18,0,0
610,CASH_OUT,374.32,C7592106972,296.41,0.0,M120537103,620.1,994.42,0,0
381,CASH_OUT,42.04,C3906045882,2080.91,2038.87,M331018994,456.16,498.2,0,0
102,CASH_OUT,208.88,C4058489924,1336.86,1127.98,M821781914,113.71,322.59,0,0
494,PAYMENT,902.56,C7792262597,1372.52,469.96,M145100950,8322.79,9225.35,0,0
644,CASH_OUT,57.41,C5923220855,6.47,0.0,M638957430,3325.24,3382.65,0,0
614,PAYMENT,3077.35,C2368087591,1793.3,0.0,M578730720,13.69,3091.04,0,0
19,PAYMENT,3828.87,C1956552744,494.19,0.0,M352036694,908.0,4736.87,0,0
454,PAYMENT,4866.37,C2522966689,153.7,0.0,M313949049,66.18,4932.55,0,0
482,CASH_IN,65.64,C9655731946,50.01,0.0,C4591848415,206.58,272.22,0,0
594,PAYMENT,85.14,C6719627481,5766.77,5681.63,M376076086,9.25,94.39,0,0
397,TRANSFER,285.5,C5408092522,5.39,0.0,C4918547257,596.81,882.31,0,0
279,CASH_OUT,234.05,C4748951152,50.23,0.0,M687565699,676.68,910.73,0,0
365,PAYMENT,210.32,C9125752755,1584.19,1373.87,M108647132,793.22,1003.54,0,0
331,PAYMENT,1828.98,C7886873898,303.31,0.0,M864124488,146.35,1975.33,0,0
641,PAYMENT,1371.06,C2281683015,2822.82,1451.76,M195878212,202.22,1573.28,0,0
344,PAYMENT,70.17,C1960003522,1395.38,1325.21,M118624225,3.65,73.82,0,0
455,PAYMENT,41.17,C2761027265,200.73,159.56,M607792051,4473.82,4514.99,0,0
601,PAYMENT,33.85,C5523450274,15.93,0.0,M954861575,4.79,38.64,0,0
725,PAYMENT,69.54,C6591926426,7207.46,7137.92,M570206931,1092.49,1162.03,0,0
655,DEBIT,2190.27,C1359404267,711.76,0.0,M187982863,229.24,2419.51,0,0
65,TRANSFER,537.35,C9816111589,40.92,0.0,C9465970392,1691.8,2229.15,0,0
76,CASH_OUT,2570.1,C3304999519,5.76,0.0,M740619044,589.24,3159.34,0,0
711,CASH_OUT,13.46,C9893062123,2518.29,2504.83,M841562946,34.46,47.92,0,0
143,CASH_IN,697.0,C6991347722,224.0,0.0,C8352479110,1658.43,2355.43,0,0
605,DEBIT,679.38,C8086969394,62.55,0.0,M902932744,361.88,1041.26,0,0
473,CASH_OUT,4449.9,C1287130441,20851.43,16401.53,M627753735,228.19,4678.09,0,0
417,PAYMENT,178.01,C2743550312,10.1,0.0,M367983058,714.72,892.73,0,0
305,TRANSFER,154.52,C6598376822,587.3,432.78,C2459814855,7241.83,7396.35,0,0
736,CASH_IN,8209.1,C6202906803,6712.88,0.0,C6788097564,165.46,8374.56,0,0
497,CASH_OUT,286.57,C4683668640,3720.16,3433.59,M686454411,1028.18,1314.75,0,0
291,PAYMENT,575.1,C7877776320,42.15,0.0,M308751664,684.56,1259.66,0,0
102,TRANSFER,1045.86,C8732979348,29534.98,28489.12,C4176149068,138.78,1184.64,0,0
267,CASH_IN,14.36,C9653223236,38165.62,38151.26,C2828193073,93.27,107.63,0,0
622,CASH_IN,437.99,C6287706702,14200.67,13762.68,C6182525001,32.37,470.36,0,0
3,CASH_IN,33.44,C5892837295,125.63,92.19,C5468604937,1416.62,1450.06,0,0
85,CASH_OUT,338.57,C8936753212,624.35,285.78,M827192129,91.12,429.69,0,0
328,CASH_IN,223.83,C2757224208,25467.75,25243.92,C4349980798,17.0,240.83,0,0
450,CASH_OUT,146.53,C7648732707,3328.54,3182.01,M846792687,349.22,495.75,0,0
454,TRANSFER,1412.82,C6050500994,222.4,0.0,C7778318470,4669.24,6082.06,0,0
629,PAYMENT,490.19,C4008948066,644.29,154.1,M110264322,7458.14,7948.33,0,0
221,CASH_IN,48.34,C2807228563,24.24,0.0,C6830097286,0.32,48.66,0,0
154,CASH_OUT,45.16,C7033869541,19399.71,19354.55,M629215603,549.05,594.21,0,0
665,PAYMENT,2165.27,C2290689188,849.96,0.0,M819184935,1503.81,3669.08,0,0
12,CASH_OUT,374.07,C1233987640,85603.61,85229.54,M360939352,1329.17,1703.24,0,0
133,PAYMENT,23.38,C9935349918,11.42,0.0,M846448228,326.48,349.86,0,0
304,CASH_IN,175.39,C7463924592,96.66,0.0,C5828455388,22358.88,22534.27,0,0
293,CASH_IN,294.45,C2030688646,961.01,666.56,C1780104117,9403.48,9697.93,0,0
300,PAYMENT,34.2,C8892296712,312818.33,312784.13,M963045865,322.89,357.09,0,0
740,CASH_OUT,112.86,C5648233258,1331.68,1218.82,M872911172,142.85,255.71,0,0
43,TRANSFER,2529.33,C2479597618,164.1,0.0,C8094350880,938.05,3467.38,0,0
343,CASH_IN,58644.94,C1034431949,1146.47,0.0,C2410460144,1333.19,59978.13,0,0
326,CASH_IN,739.02,C8001847126,202.44,0.0,C6305552145,457.28,1196.3,0,0
498,CASH_IN,26.85,C7772810961,11681.87,11655.02,C6012495495,567.86,594.71,0,0
364,CASH_IN,261.04,C4161090197,9446.14,9185.1,C2005308463,18510.82,18771.86,0,0
427,PAYMENT,514.94,C3020699791,61428.3,60913.36,M758410717,19791.92,20306.86,0,0
21,CASH_IN,1944.36,C2247240845,18.08,0.0,C2743199407,2836.02,4780.38,0,0
407,PAYMENT,2038.53,C4936180877,12.03,0.0,M261197086,4045.04,6083.57,0,0
619,CASH_IN,6176.49,C2044553814,612.6,0.0,C8296322548,3397.57,9574.06,0,0
336,CASH_IN,402.18,C4398229399,8429.95,8027.77,C1375080487,245.1,647.28,0,0
117,CASH_OUT,417.95,C9641290203,14208.39,13790.44,M519659190,1240.83,1658.78,0,0
124,PAYMENT,9.25,C9954140626,1998.54,1989.29,M741381710,773.11,782.36,0,0
399,CASH_OUT,53.22,C8291689099,8392.58,8339.36,M655615978,8737.34,8790.56,0,0
715,CASH_OUT,26.46,C6729723758,48410.16,48383.7,M337363476,837.54,864.0,0,0
51,PAYMENT,75.09,C6086689458,153.02,77.93,M725939754,3453.41,3528.5,0,0
324,CASH_IN,40.3,C3724649307,42948.48,42908.18,C6187443001,298.07,338.37,0,0
141,CASH_OUT,46.14,C1728214566,46348.06,46301.92,M770791807,2284.3,2330.44,0,0
470,PAYMENT,3563.71,C3434209091,275.92,0.0,M842168523,796.23,4359.94,0,0
334,TRANSFER,8.61,C5123000259,102.22,93.61,C5271578638,61.52,70.13,0,0
373,CASH_IN,271.32,C7788622756,7292.54,7021.22,C3637577252,2468.55,2739.87,0,0
564,PAYMENT,2271.77,C8581427665,158998.95,156727.18,M422696970,5421.98,7693.75,0,0
494,CASH_IN,220.75,C6943667134,132.8,0.0,C9423664504,6.53,227.28,0,0
539,PAYMENT,5734.28,C3738392633,133360.09,127625.81,M973314298,5.19,5739.47,0,0
669,CASH_OUT,121.61,C1799427212,99.37,0.0,M817427317,728.78,850.39,0,0
156,CASH_OUT,13379.6,C3249464997,632.77,0.0,M227410274,1082.09,14461.69,0,0
291,CASH_OUT,17.51,C3243753809,65.13,47.62,M912748962,41.69,59.2,0,0
648,PAYMENT,5755.73,C4250594582,3219.16,0.0,M210172841,827.11,6582.84,0,0
144,TRANSFER,67.46,C2814215475,1539.38,1471.92,C6591306291,318.19,385.65,0,0
106,CASH_IN,7257.54,C9572812014,1241.63,0.0,C4361703451,2.48,7260.02,0,0
420,PAYMENT,158.2,C5580458008,228.33,70.13,M225346024,632.65,790.85,0,0
670,PAYMENT,3674.54,C4245407135,376.85,0.0,M633625225,35.52,3710.06,0,0
658,CASH_OUT,5154.38,C3936368665,928.72,0.0,M845962698,1688.06,1688.06,1,0
2,CASH_IN,126.99,C9025444923,571.0,444.01,C5367223169,114.43,241.42,0,0
589,CASH_IN,3114.41,C1856853045,985.63,0.0,C7185439312,975.04,4089.45,0,0
644,CASH_OUT,381.48,C5125686703,26.02,0.0,M660984766,7583.65,7965.13,0,0
90,CASH_OUT,21.65,C7212179426,5.07,0.0,M921452263,141.81,163.46,0,0
345,PAYMENT,1115.01,C6805716470,2610.85,1495.84,M990323404,292.21,1407.22,0,0
350,PAYMENT,52.82,C6809834656,2832.7,2779.88,M250609829,9160.04,9212.86,0,0
459,PAYMENT,109.29,C2529682552,1970.13,1860.84,M487182913,1661.24,1770.53,0,0
263,PAYMENT,67.66,C1529716147,4102.69,4035.03,M825336248,331.44,399.1,0,0
351,PAYMENT,859.57,C9262443319,353.62,0.0,M199757107,15923.03,16782.6,0,0
108,CASH_OUT,56.2,C9407566966,455.21,399.01,M780208345,237.96,294.16,0,0
586,PAYMENT,34.72,C9674945957,331.86,297.14,M636432372,227.8,262.52,0,0
39,PAYMENT,50.06,C8954418467,11.88,0.0,M314196849,42.33,92.39,0,0
159,CASH_IN,97.56,C7602495414,4614.26,4516.7,C1237640614,1635.77,1733.33,0,0
583,TRANSFER,1089.35,C3331869699,7811.51,6722.16,C3557970656,30.12,1119.47,0,0
312,CASH_IN,2485.29,C6203815528,11267.04,8781.75,C2842944977,11654.22,14139.51,0,0
241,CASH_IN,2415.1,C5171240565,504.23,0.0,C3871814723,97.72,2512.82,0,0
445,PAYMENT,376.34,C5812247455,182.4,0.0,M574100079,1264.82,1641.16,0,0
298,PAYMENT,357.41,C2252301625,338.23,0.0,M411207333,448.03,805.44,0,0
36,TRANSFER,279.37,C8238762301,302.25,22.88,C1403019896,1462.71,1742.08,0,0
84,CASH_OUT,980.74,C7251720457,7.33,0.0,M809676463,1104.04,2084.78,0,0
452,PAYMENT,3786.46,C4118049210,2305.04,0.0,M571836152,508.13,4294.59,0,0
385,PAYMENT,298.21,C3845580973,9037.67,8739.46,M501813223,162.33,460.54,0,0
172,PAYMENT,1170.6,C5329382290,1884.74,714.14,M386269560,771.77,1942.37,0,0
376,CASH_OUT,33.76,C5970877502,1160.23,1126.47,M497129427,9161.16,9194.92,0,0
685,PAYMENT,2220.19,C6237164863,228.58,0.0,M785821112,188.66,2408.85,0,0
362,CASH_IN,621.5,C6891698377,7369.2,6747.7,C6160824602,24.51,646.01,0,0
559,PAYMENT,51.15,C7561578105,880.79,829.64,M544995030,2050.44,2101.59,0,0
141,CASH_IN,3424.01,C4607192895,52.1,0.0,C5422172011,773.11,4197.12,0,0
118,PAYMENT,33.7,C3017085312,29969.49,29935.79,M450864382,11844.48,11878.18,0,0
277,TRANSFER,4.26,C2784134906,5523.05,5518.79,C3754190841,1581.26,1585.52,0,0
726,PAYMENT,2194.19,C8274462275,68684.96,66490.77,M786673346,9083.26,11277.45,0,0
220,PAYMENT,871.96,C9239307584,20070.9,19198.94,M244152862,30659.13,31531.09,0,0
26,CASH_OUT,35.8,C5054345319,231.01,195.21,M492704874,199.62,235.42,0,0
521,CASH_OUT,821.15,C8904758440,537.69,0.0,M966896098,310.94,1132.09,0,0
10,PAYMENT,4187.07,C5574404314,13750.93,9563.86,M560951270,6406.18,10593.25,0,0
378,PAYMENT,680.18,C8273063882,58.08,0.0,M289292805,492.56,1172.74,0,0
633,PAYMENT,52949.87,C3059007003,68853.25,15903.38,M363886044,147.4,53097.27,0,0
637,CASH_OUT,73.55,C2916820528,2486.62,2413.07,M504664154,206.9,280.45,0,0
682,CASH_IN,4.61,C1189323547,8689.72,8685.11,C9674917209,84.87,89.48,0,0
584,CASH_IN,24.0,C7118399001,2458.88,2434.88,C6889436320,2.6,26.6,0,0
152,CASH_OUT,4.1,C6456381915,1253.22,1249.12,M159138893,2045.38,2049.48,0,0
720,PAYMENT,29079.7,C1149178143,530.66,0.0,M299430132,65.54,29145.24,0,0
49,CASH_IN,399.46,C3405281477,760.32,360.86,C9256441252,10.59,410.05,0,0
154,PAYMENT,19500.67,C1652492823,1.38,0.0,M649925305,3637.98,23138.65,0,0
293,CASH_OUT,198.52,C1138994029,4477.86,4279.34,M585254642,11.11,209.63,0,0
580,PAYMENT,66.01,C6288594708,254443.27,254377.26,M343081129,6769.33,6835.34,0,0
50,CASH_OUT,12.68,C9482418169,137.97,125.29,M614932530,2144.41,2157.09,0,0
664,CASH_OUT,182.45,C8939039897,27.93,0.0,M268052327,1232.57,1415.02,0,0
531,CASH_OUT,2182.92,C3447809783,55376.92,53194.0,M758540481,21.12,2204.04,0,0
612,PAYMENT,257.44,C6498603498,2818.54,2561.1,M844872364,4.18,261.62,0,0
60,CASH_OUT,16.53,C5759314479,10526.55,10510.02,M240689677,66.4,82.93,0,0
167,TRANSFER,1489.58,C7331681158,3859.34,2369.76,C1301671479,0.71,1490.29,0,0
202,CASH_OUT,2159.42,C1515961919,107.95,0.0,M826695737,1.17,2160.59,0,0
146,CASH_OUT,139.81,C1940786774,10637.49,10497.68,M372236286,3418.68,3558.49,0,0
676,PAYMENT,108.84,C4472402032,319.75,210.91,M591804837,61663.66,61772.5,0,0
439,CASH_OUT,13.21,C7621801654,139.08,125.87,M360572315,543.09,556.3,0,0
242,PAYMENT,1416.77,C1998860716,5410.42,3993.65,M407019256,437.56,1854.33,0,0
581,CASH_OUT,160.03,C7523711250,1689.08,1529.05,M848478700,89.87,249.9,0,0
687,CASH_OUT,1.9,C8082388572,3080.47,3078.57,M648877200,3796.82,3798.72,0,0
561,CASH_OUT,20.69,C5314569169,2817.66,2796.97,M733168766,8.47,29.16,0,0
483,PAYMENT,1241.95,C3014622270,8740.71,7498.76,M895606724,650.7,1892.65,0,0
108,CASH_OUT,203.6,C7972910974,28051.08,27847.48,M731509678,40196.54,40400.14,0,0
226,CASH_IN,41.64,C7276926094,1860.96,1819.32,C5193819922,607.78,649.42,0,0
673,PAYMENT,449.25,C5335699211,40598.9,40149.65,M737427937,195.61,644.86,0,0
631,PAYMENT,75.18,C7317622825,18568.6,18493.42,M711245800,18640.0,18715.18,0,0
661,PAYMENT,111.55,C6841001502,6970.5,6858.95,M312168298,47590.15,47701.7,0,0
662,PAYMENT,235.32,C2858245386,260.63,25.31,M881714342,17278.11,17513.43,0,0
432,TRANSFER,11742.66,C4116216602,12698.77,956.11,C7401437909,326.87,12069.53,0,0
655,CASH_OUT,11632.1,C8304126533,3193.71,0.0,M632094373,3348.08,14980.18,0,0
419,CASH_OUT,7.83,C2680041873,38.25,30.42,M263375343,18081.17,18089.0,0,0
455,CASH_OUT,354.53,C6750787333,56.79,0.0,M912857948,117.56,472.09,0,0
160,CASH_OUT,22.1,C5958065419,52.59,30.49,M515588289,44.62,66.72,0,0
523,CASH_OUT,48.11,C3495968354,55.54,7.43,M908684648,1160.82,1208.93,0,0
650,PAYMENT,9.8,C3658853266,70.87,61.07,M949696105,31.77,41.57,0,0
590,PAYMENT,71.13,C9736132378,8877.77,8806.64,M164577245,20.37,91.5,0,0
77,DEBIT,37.1,C1844033601,1346.69,1309.59,M363040400,100.28,137.38,0,0
509,CASH_OUT,3137.18,C5227757856,9967.18,6830.0,M870745507,48.76,3185.94,0,0
441,CASH_OUT,74.9,C7845725013,66.69,0.0,M798156723,35.36,110.26,0,0
254,TRANSFER,8.23,C5734561244,23.23,15.0,C5944742160,595.92,604.15,0,0
320,CASH_IN,401.16,C3696553163,126.73,0.0,C9200518024,823.39,1224.55,0,0
263,PAYMENT,283.2,C9801033780,6199.95,5916.75,M212942218,12.94,296.14,0,0
597,PAYMENT,238.15,C7341210983,7117.31,6879.16,M583400519,1068.62,1306.77,0,0
658,CASH_IN,1366.49,C9232490081,621.58,0.0,C5345026326,640.24,2006.73,0,0
554,PAYMENT,4739.98,C7152398017,2455.47,0.0,M112764628,32.11,4772.09,0,0
374,CASH_OUT,231.29,C3549121407,309.05,77.76,M569977808,432.27,663.56,0,0
637,CASH_IN,686.34,C6093642663,178.73,0.0,C5241968331,791.7,1478.04,0,0
167,PAYMENT,243.37,C2858297341,2963.52,2720.15,M663807810,1014.15,1257.52,0,0
459,CASH_OUT,1110.97,C2099487077,5751.53,4640.56,M808129972,3740.57,4851.54,0,0
280,PAYMENT,21.34,C3998448825,96400.51,96379.17,M842831939,3116.12,3137.46,0,0
700,PAYMENT,1386.71,C1023505818,90.37,0.0,M883092805,450.26,1836.97,0,0
302,CASH_IN,710.55,C5310277822,66.14,0.0,C5345653871,43.49,754.04,0,0
531,CASH_OUT,59.2,C9722676972,317.88,258.68,M113400846,123.24,182.44,0,0
580,CASH_IN,33412.84,C7347763075,5079.63,0.0,C5873146479,682.76,34095.6,0,0
218,PAYMENT,26.61,C3937855249,165947.22,165920.61,M202401730,10198.02,10224.63,0,0
102,PAYMENT,780.2,C8961144827,1562.64,782.44,M329674904,1.29,781.49,0,0
554,CASH_OUT,59.48,C2011130275,127.07,67.59,M548434842,522.24,581.72,0,0
288,CASH_IN,1281.78,C4708487714,63.58,0.0,C3877015996,279.84,1561.62,0,0
167,TRANSFER,22010.63,C3309720055,255.66,0.0,C9600714118,806.64,22817.27,0,0
621,PAYMENT,1902.85,C2649732843,1945.84,42.99,M998900236,12.99,1915.84,0,0
36,CASH_OUT,319.87,C9786047724,6512.45,6192.58,M363557609,3963.2,4283.07,0,0
741,PAYMENT,2584.3,C3407711979,1894.0,0.0,M665341486,383.75,2968.05,0,0
353,CASH_IN,123.85,C8672447049,181.34,57.49,C1429894149,208.42,332.27,0,0
676,CASH_OUT,1072.72,C2024126629,41.69,0.0,M217323562,1088.94,2161.66,0,0
73,PAYMENT,480.82,C4502362650,5650.78,5169.96,M801786136,908.3,1389.12,0,0
648,PAYMENT,35.4,C4233579674,276.8,241.4,M754352595,430.2,465.6,0,0
353,CASH_OUT,12298.33,C3009128945,340.46,0.0,M258667080,102.24,12400.57,0,0
70,PAYMENT,4854.42,C2418064504,86.92,0.0,M648248088,234.76,5089.18,0,0
425,CASH_OUT,72.8,C9792210662,22.53,0.0,M670988260,431.26,504.06,0,0
708,CASH_IN,3137.98,C9012791354,66991.99,63854.01,C1811109672,38343.32,41481.3,0,0
561,PAYMENT,38.28,C4560366209,211.34,173.06,M558443371,536.43,574.71,0,0
642,PAYMENT,1018.26,C3239627175,8.08,0.0,M344879186,2134.19,3152.45,0,0
517,PAYMENT,443.65,C5152871433,1648.02,1204.37,M590658699,3489.04,3932.69,0,0
428,CASH_OUT,11577.16,C2578395938,756.99,0.0,M440538364,428.28,12005.44,0,0
539,CASH_IN,783.52,C6719750232,10.16,0.0,C7879789099,12386.46,13169.98,0,0
160,PAYMENT,18.35,C8605351133,18996.99,18978.64,M988462701,6.03,24.38,0,0
149,PAYMENT,3098.07,C5483087170,5743.36,2645.29,M758310661,881.05,3979.12,0,0
230,PAYMENT,167.14,C5674818036,9011.68,8844.54,M678279838,6419.73,6586.87,0,0
712,PAYMENT,152.1,C2180938299,2142.04,1989.94,M837661806,1464.15,1616.25,0,0
562,CASH_OUT,427.69,C5688301741,42.15,0.0,M492995314,4.62,432.31,0,0
67,CASH_OUT,127.82,C2573297120,938.62,810.8,M408049247,831.19,959.01,0,0
381,CASH_OUT,14612.48,C3987708277,329.63,0.0,M260529145,364.54,14977.02,0,0
58,CASH_IN,2019.04,C6022161465,215.87,0.0,C2072207407,479.03,2498.07,0,0
259,CASH_OUT,40.95,C7913616292,65576.32,65535.37,M349716057,183.68,224.63,0,0
342,CASH_OUT,94.15,C4898366773,92.0,0.0,M543973637,3333.01,3427.16,0,0
130,CASH_IN,29.39,C1830702921,344.51,315.12,C3928311786,282.78,312.17,0,0
727,CASH_OUT,2794.63,C9541455624,1205.15,0.0,M241594849,9933.06,12727.69,0,0
172,PAYMENT,352.91,C6862989088,2935.59,2582.68,M617448423,592.9,945.81,0,0
614,CASH_OUT,57.21,C1934266263,75412.37,75355.16,M530184818,91.36,148.57,0,0
209,CASH_OUT,9354.78,C8893374458,728.66,0.0,M665235860,50476.43,59831.21,0,0
354,PAYMENT,1107.39,C3009653785,2269.44,1162.05,M873493594,55.97,1163.36,0,0
471,CASH_OUT,584.67,C6798979935,54.02,0.0,M775927677,174.68,759.35,0,0
116,CASH_IN,532.04,C8118100226,4622.91,4090.87,C2734445089,919.72,1451.76,0,0
264,PAYMENT,26.68,C4331840722,138502.48,138475.8,M499333554,9.9,36.58,0,0
662,CASH_OUT,1234.86,C3057341391,376.72,0.0,M330477972,666.58,1901.44,0,0
442,CASH_OUT,174.56,C4257732242,8164.65,7990.09,M928682879,91.41,265.97,0,0
548,PAYMENT,2301.46,C1998348279,32.27,0.0,M707492554,115592.71,117894.17,0,0
453,CASH_OUT,1448.76,C2642573495,462.88,0.0,M641157274,220.83,1669.59,0,0
477,CASH_OUT,357.04,C7088270736,524.6,167.56,M330287771,32.67,389.71,0,0
287,PAYMENT,309.94,C1588054131,2644.4,2334.46,M688589059,962.65,1272.59,0,0
303,CASH_IN,11135.14,C6802248731,773.53,0.0,C4271749935,525.14,11660.28,0,0
311,PAYMENT,27.83,C5362106714,18454.83,18427.0,M486930649,3064.95,3092.78,0,0
208,CASH_IN,128.15,C2964178351,303.63,175.48,C5292054822,46.62,174.77,0,0
618,CASH_IN,3916.94,C4498471915,6816.64,2899.7,C1656778943,18706.15,22623.09,0,0
446,CASH_OUT,7866.36,C8290741334,1641.85,0.0,M451961194,1013.32,8879.68,0,0
670,CASH_IN,306.2,C9503046515,73.93,0.0,C9684743863,65.24,371.44,0,0
633,CASH_IN,99.62,C5830165874,4.17,0.0,C3155970919,540.84,640.46,0,0
55,PAYMENT,103.74,C7375757048,1582.32,1478.58,M734871447,1995.44,2099.18,0,0
12,TRANSFER,22.9,C4677778860,198.05,175.15,C6718688539,1393.71,1416.61,0,0
657,CASH_OUT,22103.69,C8304590215,2182.66,0.0,M141131562,19.47,22123.16,0,0
400,CASH_OUT,300.03,C2894323348,46.93,0.0,M186439592,3.2,303.23,0,0
648,CASH_IN,1022.24,C5401189699,4162.33,3140.09,C3850842384,13.41,1035.65,0,0
515,PAYMENT,1043.21,C1778778940,55336.67,54293.46,M275162367,694.99,1738.2,0,0
656,CASH_OUT,7845.28,C6477619584,602.76,0.0,M242925406,1041.72,8887.0,0,0
542,CASH_OUT,174.42,C3400201912,7.46,0.0,M393794192,0.52,174.94,0,0
237,CASH_IN,200.84,C7959381546,954.06,753.22,C8076982213,819.47,1020.31,0,0
279,CASH_IN,2125.65,C9978605128,184.7,0.0,C6169467255,63.27,2188.92,0,0
348,PAYMENT,11.14,C4673679449,102.66,91.52,M296593134,19.25,30.39,0,0
627,TRANSFER,7947.59,C1648491998,649.37,0.0,C3311415455,85.1,8032.69,0,0
104,CASH_OUT,13046.39,C1396921485,13247.89,201.5,M567466173,464.03,13510.42,0,0
630,CASH_OUT,659.56,C9386764888,259.24,0.0,M569537493,319.83,979.39,0,0
517,PAYMENT,61.84,C9984375789,6270.2,6208.36,M585239232,1.5,63.34,0,0
248,CASH_IN,2222.18,C7733773836,639.7,0.0,C7860209555,15168.45,17390.63,0,0
364,CASH_OUT,275.32,C9291849718,874.51,599.19,M361211698,2029.85,2305.17,0,0
321,CASH_OUT,536.16,C2961680986,16806.93,16270.77,M127197774,589.83,1125.99,0,0
633,CASH_IN,624.5,C3939920059,545.05,0.0,C7086880586,5.66,630.16,0,0
286,TRANSFER,108.13,C9352418185,7444.7,7336.57,C5800531387,51.42,159.55,0,0
149,PAYMENT,807.97,C9116666553,621.16,0.0,M660437050,341.5,1149.47,0,0
84,CASH_OUT,21.62,C6536960309,4442.75,4421.13,M440560571,2793.87,2815.49,0,0
406,DEBIT,5.0,C8502215150,564.65,559.65,M399026135,6007.12,6012.12,0,0
456,CASH_IN,836.11,C4634083435,1682.31,846.2,C7559784891,210212.8,211048.91,0,0
743,PAYMENT,3252.79,C8449351966,2085.95,0.0,M552769882,587.51,3840.3,0,0
161,CASH_IN,144.45,C8295702153,5938.82,5794.37,C4648417574,78.79,223.24,0,0
460,CASH_IN,129.1,C2903157519,3639.26,3510.16,C1116157803,2633.02,2762.12,0,0
550,TRANSFER,1472.99,C5731827509,132.85,0.0,C6241206906,34.0,1506.99,0,0
500,CASH_IN,387.06,C5025463722,103815.7,103428.64,C9225014495,985.42,1372.48,0,0
738,PAYMENT,130.04,C2148838376,1170.79,1040.75,M353592954,86633.36,86763.4,0,0
509,PAYMENT,742.91,C1526489125,10814.48,10071.57,M168194426,187.51,930.42,0,0
654,PAYMENT,408.6,C4444187765,2.79,0.0,M413064623,83.07,491.67,0,0
481,PAYMENT,33.16,C4119834593,8172.11,8138.95,M346390114,12.51,45.67,0,0
663,CASH_IN,324.52,C6709717076,7429.94,7105.42,C8360425664,581.68,906.2,0,0
114,TRANSFER,581.65,C3961817165,1968.25,1386.6,C5261549345,9.55,591.2,0,0
578,PAYMENT,138.72,C4547158652,3.89,0.0,M368473088,25.6,164.32,0,0
361,PAYMENT,2569.6,C6546614859,180.28,0.0,M690512681,13.9,2583.5,0,0
341,PAYMENT,1060.67,C9928439791,84.83,0.0,M213778491,5577.81,6638.48,0,0
449,PAYMENT,231.79,C3265399642,20073.28,19841.49,M997454050,269.49,501.28,0,0
180,PAYMENT,527.05,C2001670785,54.14,0.0,M244577884,12202.82,12729.87,0,0
702,CASH_OUT,190.01,C8421748575,4382.59,4192.58,M508879249,692.74,882.75,0,0
407,PAYMENT,257.6,C6046011024,531.63,274.03,M409163205,130.2,387.8,0,0
666,CASH_OUT,277.27,C2466532855,16438.44,16161.17,M963099525,1897.75,2175.02,0,0
196,CASH_OUT,11.7,C1547117633,1943.54,1931.84,M927003098,2006.6,2018.3,0,0
466,CASH_IN,426.15,C4487147251,218.38,0.0,C4048233618,8074.88,8501.03,0,0
311,CASH_OUT,762.56,C4037530663,158.21,0.0,M455101349,44.35,806.91,0,0
262,CASH_OUT,55436.14,C7726138147,363.49,0.0,M494027394,419.79,55855.93,0,0
419,CASH_OUT,972.4,C3553377676,0.48,0.0,M419691636,22.25,994.65,0,0
406,CASH_OUT,109.31,C4524036694,91702.73,91593.42,M830002034,741.15,850.46,0,0
143,CASH_IN,15.16,C8997690636,29282.09,29266.93,C9281272595,0.48,15.64,0,0
342,PAYMENT,48.78,C8112921711,1299.92,1251.14,M867079544,33.7,82.48,0,0
316,CASH_IN,148.62,C4015595937,11487.86,11339.24,C9528176966,60.56,,0,0
101,PAYMENT,154.02,C2365019757,1001.61,847.59,M269714820,384.08,538.1,0,0
244,CASH_OUT,250.92,C8254550171,3264.25,3013.33,M152979480,5261.12,5512.04,0,0
490,CASH_OUT,180.44,C1384571430,12929.4,12748.96,M494919988,5.18,185.62,0,0
12,CASH_IN,254.22,C7382639497,604.18,349.96,C4015071627,3385.37,3639.59,0,0
239,PAYMENT,173.36,C7861337791,7592.42,7419.06,M693763908,935.59,1108.95,0,0
561,CASH_IN,418.56,C9657049914,12.28,0.0,C4279913538,1136.29,1554.85,0,0
42,PAYMENT,66.23,C7410108016,1875.13,1808.9,M370486406,201.35,267.58,0,0
678,PAYMENT,32.54,C3216685409,1057.85,1025.31,M244995464,2441.08,2473.62,0,0
594,CASH_IN,250.6,C1891620160,468.53,217.93,C5085124867,254.06,504.66,0,0
429,TRANSFER,960.95,C8074681088,654.09,0.0,C5228458537,43.44,43.44,1,0
158,PAYMENT,43.03,C2313922939,598.95,555.92,M206426950,244.93,287.96,0,0
216,CASH_OUT,127.84,C1445662006,17500.69,17372.85,M772871321,534.88,662.72,0,0
670,PAYMENT,301.18,C7305295400,948.07,646.89,M910270709,30.18,331.36,0,0
462,PAYMENT,286.98,C2342017791,1268388.08,1268101.1,M706087188,0.93,287.91,0,0
134,TRANSFER,1818.37,C2405432934,104.71,0.0,C8417136649,2125.48,3943.85,0,0
67,PAYMENT,2642.97,C1472179137,4388.57,1745.6,M223632829,61.1,2704.07,0,0
7,CASH_OUT,628.94,C6293145014,10271.63,9642.69,M245315520,0.69,629.63,0,0
526,TRANSFER,4531.63,C5764902655,414.07,0.0,C2469320082,542.05,5073.68,0,0
73,CASH_IN,192.86,C9519306933,52.78,0.0,C8479568426,268.65,461.51,0,0
399,CASH_OUT,2165.48,C2012103040,354.67,0.0,M512461657,13.55,2179.03,0,0
405,CASH_IN,118.39,C7741009566,40.34,0.0,C6710704503,78.79,197.18,0,0
675,CASH_OUT,729.26,C9044533409,139.93,0.0,M395405223,4530.2,5259.46,0,0
578,PAYMENT,1463.0,C6520318839,2886.71,1423.71,M410286407,7.93,1470.93,0,0
130,CASH_IN,451.37,C5227707431,711459.5,711008.13,C5173319415,102.63,554.0,0,0
466,PAYMENT,58.56,C4719752872,84028.9,83970.34,M320757059,1195.82,1254.38,0,0
206,CASH_OUT,14.22,C8174941767,239.83,225.61,M469597180,8.77,22.99,0,0
266,PAYMENT,1228.83,C2878707338,11662.78,10433.95,M797895537,38844.08,40072.91,0,0
537,CASH_IN,233.68,C3900317215,441.84,208.16,C1907982987,3468.59,3702.27,0,0
253,CASH_OUT,268.86,C7089231723,124.57,0.0,M200088241,29068.82,29337.68,0,0
289,PAYMENT,8104.85,C8452107912,891.79,0.0,M943706868,381.12,8485.97,0,0
164,CASH_IN,60.8,C7035264891,4.62,0.0,C2902756588,18075.81,18136.61,0,0
95,CASH_OUT,1773.49,C7479734421,16.42,0.0,M684726361,556.29,2329.78,0,0
110,CASH_IN,92.26,C4669528636,10750.09,10657.83,C7917518877,198.27,290.53,0,0
336,CASH_IN,282.98,C6831769745,33183.99,32901.01,C2268311020,24.06,307.04,0,0
238,PAYMENT,45.98,C3645067963,2.17,0.0,M122366622,772.95,818.93,0,0
381,PAYMENT,90.98,C8647521270,41913.85,41822.87,M906005505,75.68,166.66,0,0
436,CASH_OUT,921.95,C8580030973,19861.65,18939.7,M933698382,67.79,989.74,0,0
483,PAYMENT,5366.82,C4573170289,458.71,0.0,M848675009,569.17,5935.99,0,0
25,CASH_IN,941.06,C4598703759,3420.28,2479.22,C3459151051,31378.8,32319.86,0,0
653,CASH_OUT,743.73,C6809669222,103075.69,102331.96,M483741137,10803.95,11547.68,0,0
117,PAYMENT,66048.22,C8652818840,23503.97,0.0,M392029378,3115.62,69163.84,0,0
482,PAYMENT,1237.85,C6295537429,3771.44,2533.59,M440680034,359.83,1597.68,0,0
392,PAYMENT,62.35,C9900874274,224.9,162.55,M138390967,497.01,559.36,0,0
537,CASH_OUT,13.92,C1544585034,393.34,379.42,M795922848,15577.42,15591.34,0,0
79,CASH_IN,861.18,C2789921558,6299.78,5438.6,C3778924834,1420.09,2281.27,0,0
580,CASH_OUT,24.21,C6206235994,4249.45,4225.24,M107355751,0.51,24.72,0,0
173,CASH_IN,54.44,C6026596000,20025.81,19971.37,C3949629157,183489.17,183543.61,0,0
12,PAYMENT,739.97,C1176924737,29.61,0.0,M421031872,373.32,1113.29,0,0
128,PAYMENT,3228.73,C8707365605,3335.57,106.84,M252473474,459.29,3688.02,0,0
608,CASH_OUT,227.83,C6618001124,6622.41,6394.58,M346592521,664.76,892.59,0,0
92,CASH_IN,36.15,C5748754429,598.55,562.4,C8385331833,474.54,510.69,0,0
653,CASH_OUT,301.0,C3035693187,422953.44,0.0,M130714139,244.06,244.06,1,0
543,CASH_OUT,234.12,C8549671123,126.27,0.0,M987234051,9.54,243.66,0,0
532,PAYMENT,510.5,C4494984006,952.89,442.39,M749876335,17.27,527.77,0,0
658,CASH_IN,36.42,C5768542638,6818.26,6781.84,C4649935032,29335.82,29372.24,0,0
447,CASH_OUT,75.62,C7932751306,9497.16,9421.54,M617024963,66.61,142.23,0,0
390,CASH_OUT,3124.77,C8213322658,593.82,0.0,M188670742,6389.71,9514.48,0,0
672,CASH_IN,1849.19,C9569608706,591.13,0.0,C3588798820,822.57,2671.76,0,0
43,CASH_IN,4138.85,C7925244865,6290.46,2151.61,C4609984300,1.23,4140.08,0,0
254,CASH_OUT,9.96,C6865789490,3500.74,3490.78,M547906289,17.28,27.24,0,0
130,PAYMENT,68.56,C5278845089,1380.57,1312.01,M909372012,53.55,122.11,0,0
60,PAYMENT,2927.25,C9838395742,10.49,0.0,M816508876,2415.63,5342.88,0,0
663,PAYMENT,1319.05,C4975089968,1586.53,267.48,M658413304,213.86,1532.91,0,0
467,CASH_IN,911.06,C6176243158,62204.17,61293.11,C5570609616,2481.1,3392.16,0,0
287,CASH_OUT,195.43,C1179341026,4786.77,4591.34,M337392055,197.27,392.7,0,0
517,CASH_IN,116.71,C4261589748,157.69,40.98,C1638600168,1912.21,2028.92,0,0
467,PAYMENT,430.29,C9819497096,28.6,0.0,M522713156,28.06,458.35,0,0
345,PAYMENT,164.51,C5810940797,12051.44,11886.93,M626126965,117.8,282.31,0,0
642,PAYMENT,1160.06,C4227260847,347.44,0.0,M629822957,876.5,2036.56,0,0
382,TRANSFER,434.53,C9812314386,30887.04,30452.51,C4592325839,191.28,625.81,0,0
690,CASH_OUT,57.84,C8614410846,29168.45,29110.61,M189549972,431.56,489.4,0,0
253,CASH_OUT,1436.38,C2865717358,756.06,0.0,M635591137,450.68,1887.06,0,0
56,CASH_OUT,4957.01,C8295716867,2471.48,0.0,M409868269,2849.47,7806.48,0,0
463,TRANSFER,5665.03,C5358332945,3376.71,0.0,C9151458629,451.18,6116.21,0,0
457,CASH_IN,1551.29,C3395355704,54.57,0.0,C8877659774,304.04,1855.33,0,0
83,PAYMENT,1594.25,C3149433587,78140.57,76546.32,M174680265,919.63,2513.88,0,0
99,CASH_OUT,39.55,C3972362839,3818.26,3778.71,M744908766,1537.69,1577.24,0,0
149,CASH_IN,105.35,C7273919388,1607.74,1502.39,C5753505090,544.11,649.46,0,0
329,CASH_IN,288.1,C9964063825,12915.91,12627.81,C3467984427,25.87,313.97,0,0
156,PAYMENT,1319.68,C5834854894,2350.92,1031.24,M412192950,3185.04,4504.72,0,0
190,CASH_OUT,121.43,C1491607095,72.29,0.0,M849568819,2002.99,2124.42,0,0
494,CASH_OUT,218.34,C2613186737,146.37,0.0,M535545427,176.95,395.29,0,0
263,PAYMENT,1235.49,C8992255961,5.13,0.0,M103805922,1498.57,2734.06,0,0
80,CASH_IN,530.71,C4862662160,1293.59,762.88,C2689925555,47033.45,47564.16,0,0
400,CASH_OUT,786.61,C5562734090,4364.39,3577.78,M327304862,207.55,994.16,0,0
609,PAYMENT,85.11,C7315290498,686.26,601.15,M870017532,364.89,450.0,0,0
260,CASH_OUT,212.53,C3378168329,61.0,0.0,M964502733,778.73,991.26,0,0
615,CASH_IN,157.74,C7654846289,318.09,160.35,C4267870432,598659.19,598816.93,0,0
552,PAYMENT,402.67,C8659700402,436.12,33.45,M316621544,637.58,1040.25,0,0
101,CASH_OUT,169.65,C1987210840,9589.79,9420.14,M458719553,81.38,251.03,0,0
359,PAYMENT,129.33,C8689401089,39322.58,39193.25,M219362367,15.79,145.12,0,0
380,PAYMENT,518.04,C1033005205,1.17,0.0,M643754538,170.54,688.58,0,0
221,CASH_OUT,26727.8,C8726505575,900.5,0.0,M732582587,358.75,27086.55,0,0
420,CASH_IN,1296.13,C7282428584,242.19,0.0,C9853471176,1843.8,3139.93,0,0
124,CASH_OUT,11.47,C3144651409,571.52,560.05,M308713895,420.21,431.68,0,0
422,CASH_OUT,814.51,C1608058462,9001.98,8187.47,M631675975,468.32,1282.83,0,0
231,CASH_OUT,144.06,C1559500683,314.58,170.52,M747014421,651.26,795.32,0,0
690,CASH_OUT,61.43,C1085621712,6069.7,6008.27,M971352281,598.22,659.65,0,0
63,CASH_OUT,1648.64,C1155999449,159279.34,157630.7,M667307388,8576.5,10225.14,0,0
485,CASH_OUT,470.77,C1649401503,355.81,0.0,M833717471,38.35,509.12,0,0
628,PAYMENT,58264.22,C1897516797,637.44,0.0,M437501602,44353.04,102617.26,0,0
703,CASH_OUT,321.0,C9487526525,602.71,281.71,M818445248,12249.02,12570.02,0,0
574,CASH_IN,256.61,C4111984334,428256.36,427999.75,C8676204656,5118.93,5375.54,0,0
483,CASH_OUT,4421.78,C7800117595,314.1,0.0,M835275047,48.95,4470.73,0,0
519,CASH_OUT,421.55,C7117774558,43257.27,42835.72,M201715945,281.09,702.64,0,0
155,CASH_OUT,48.69,C2403741905,1002.49,953.8,M696329839,64.57,113.26,0,0
92,CASH_IN,69.3,C2078409576,1678.53,1609.23,C2535826984,48.05,117.35,0,0
526,PAYMENT,209.17,C8717220900,8697.6,8488.43,M814876931,201.47,410.64,0,0
455,CASH_IN,1503.09,C6228653973,431.91,0.0,C3640323586,286.04,1789.13,0,0
741,CASH_OUT,5137.16,C8529481054,12788.53,7651.37,M803230327,162.63,5299.79,0,0
598,CASH_IN,2006.0,C2130184393,548.94,0.0,C7720208068,435.03,2441.03,0,0
645,CASH_OUT,1256.47,C8711159591,75.84,0.0,M415963979,3198.67,4455.14,0,0
510,CASH_OUT,3618.27,C8661663277,13929.1,10310.83,M677527348,2720.02,6338.29,0,0
183,PAYMENT,1397.37,C1313880566,5043.21,3645.84,M157237797,1045.82,2443.19,0,0
386,PAYMENT,66.26,C6009480545,253.34,187.08,M873731790,329.33,395.59,0,0
574,TRANSFER,259.43,C2645210896,19572.68,19313.25,C5178663158,150.6,410.03,0,0
731,CASH_OUT,143.96,C1705314496,93.6,0.0,M634516739,842.76,986.72,0,0
405,DEBIT,5036.93,C9914074701,3156.49,0.0,M548605898,4743.52,9780.45,0,0
246,PAYMENT,59.79,C5207714447,15.93,0.0,M621063801,10681.56,10741.35,0,0
742,PAYMENT,62.16,C6026284349,414.39,352.23,M945250121,17.13,79.29,0,0
591,CASH_OUT,566.72,C4373583094,133.55,0.0,M258952390,329.2,895.92,0,0
661,CASH_OUT,19111.42,C7938139545,47.08,0.0,M296843336,43.81,19155.23,0,0
650,TRANSFER,1754.22,C7592007490,1165.94,0.0,C9336659758,10.41,1764.63,0,0
471,PAYMENT,3240.08,C8294379150,2515.27,0.0,M367878810,7125.07,10365.15,0,0
423,PAYMENT,44.1,C1707047418,5099.94,5055.84,M819228010,9194.39,9238.49,0,0
65,DEBIT,1537.02,C3975012691,1101.25,0.0,M812068379,246.81,1783.83,0,0
13,CASH_OUT,43.71,C8038922961,3220.06,3176.35,M962867128,127.96,171.67,0,0
213,PAYMENT,1740.4,C3657701428,66.17,0.0,M143061833,157.23,1897.63,0,0
242,CASH_IN,17.43,C6864316428,121.43,104.0,C6414210294,4.92,,0,0
493,CASH_OUT,204.74,C8107220665,1048.86,844.12,M807187076,6181.52,6386.26,0,0
213,CASH_OUT,6.64,C4631768928,122.7,116.06,M505003667,121.11,127.75,0,0
693,PAYMENT,68.76,C7795838737,1111.94,1043.18,M455175222,227.23,295.99,0,0
338,PAYMENT,23.35,C4103284948,215.94,192.59,M734314845,851.76,875.11,0,0
173,CASH_IN,1483.81,C5716416036,737.81,0.0,C2557448895,2.43,1486.24,0,0
672,CASH_OUT,487.25,C4731678893,17.1,0.0,M503562241,421.39,908.64,0,0
164,TRANSFER,158.37,C6813804331,15.17,0.0,C6793675085,560.07,718.44,0,0
465,CASH_OUT,509.92,C8752641770,182.62,0.0,M148604612,100.81,610.73,0,0
497,PAYMENT,76.56,C1135595539,39.77,0.0,M366591420,82605.81,82682.37,0,0
700,PAYMENT,767.95,C7304686664,1.55,0.0,M898757521,19.61,,0,0
395,CASH_OUT,345.35,C2091395062,3664.44,3319.09,M314653612,1326.27,1671.62,0,0
703,CASH_OUT,38630.15,C9052854946,12435.7,0.0,M297176562,30.5,38660.65,0,0
308,CASH_IN,10583.25,C2777436023,9778.97,0.0,C9274380419,799.81,11383.06,0,0
183,CASH_IN,2646.83,C6832103828,764.41,0.0,C6519932695,25.49,2672.32,0,0
629,CASH_OUT,723.89,C6711016602,726.5,2.61,M162167051,4221.01,4944.9,0,0
510,PAYMENT,935.16,C3912737784,1405.56,470.4,M933905948,963.78,1898.94,0,0
708,PAYMENT,4826.03,C3359440486,213.46,0.0,M158011909,6.8,4832.83,0,0
546,CASH_OUT,717.87,C7621116667,10.95,0.0,M532168855,573.58,1291.45,0,0
564,PAYMENT,811.86,C2932932939,21347.41,20535.55,M126522197,109.59,921.45,0,0
624,CASH_IN,127.36,C9075531279,1136.68,1009.32,C5191315999,271.85,399.21,0,0
594,CASH_OUT,102.04,C5675520839,974.79,872.75,M796704380,6.23,108.27,0,0
227,DEBIT,325.56,C7280587919,496.84,171.28,M286730420,13289.55,13615.11,0,0
733,CASH_OUT,2.16,C2687747192,4837.21,4835.05,M402447385,36.45,38.61,0,0
436,PAYMENT,380.64,C4218760249,816.33,435.69,M448531418,222.39,603.03,0,0
422,PAYMENT,248.56,C5139501895,322.64,74.08,M701395910,44.47,293.03,0,0
554,PAYMENT,2340.36,C4225140452,473.86,0.0,M628581154,215.99,2556.35,0,0
21,PAYMENT,4671.66,C3814669425,1289.82,0.0,M136428769,304.51,4976.17,0,0
554,CASH_OUT,69069.01,C6107015048,61.46,0.0,M620249882,326.25,69395.26,0,0
397,CASH_IN,1285.73,C5196500761,37630.48,36344.75,C9071444374,13553.39,14839.12,0,0
625,CASH_IN,546.78,C3234642998,240.39,0.0,C7195694095,313.03,859.81,0,0
105,CASH_OUT,130.02,C4064706300,150.21,20.19,M161853342,21719.94,21849.96,0,0
192,CASH_IN,49.51,C9762080504,426.32,376.81,C4325135224,11.69,61.2,0,0
17,CASH_OUT,2510.95,C4834040504,10645.55,8134.6,M254085605,7915.77,10426.72,0,0
120,CASH_IN,381.88,C9812330916,560.45,178.57,C8936410353,4733.89,5115.77,0,0
393,CASH_OUT,943.72,C4722566477,20141.18,19197.46,M423537697,6221.18,7164.9,0,0
425,CASH_OUT,418.69,C7929462834,480.98,62.29,M788522368,83921.95,84340.64,0,0
129,CASH_OUT,441.13,C9781177711,31.44,0.0,M525842760,0.71,441.84,0,0
130,PAYMENT,625.43,C5424549014,135.99,0.0,M594137827,2.25,627.68,0,0
572,PAYMENT,938.39,C9597306041,197.3,0.0,M531293931,465.09,1403.48,0,0
560,PAYMENT,2647.68,C6538240114,5549.44,2901.76,M515702444,2.16,2649.84,0,0
29,CASH_OUT,34.31,C1233786145,348.71,314.4,M366998399,2.73,37.04,0,0
97,PAYMENT,1302.66,C4939439912,57.32,0.0,M330522387,226.01,1528.67,0,0
10,PAYMENT,30.68,C4496862159,29.4,0.0,M934790892,117.65,148.33,0,0
242,PAYMENT,1640.65,C8491740152,11.26,0.0,M370449360,4.29,1644.94,0,0
232,CASH_OUT,765.44,C5675729872,834065.87,833300.43,M862192043,84.87,850.31,0,0
284,CASH_OUT,346.12,C9270804007,168.44,0.0,M194742409,2623.89,2970.01,0,0
715,CASH_IN,374.27,C9092161833,3317.05,2942.78,C5617505642,1338.76,1713.03,0,0
726,CASH_OUT,530.51,C7831401131,53.69,0.0,M602084604,2565.42,3095.93,0,0
200,CASH_OUT,3575.88,C1978141778,23602.33,20026.45,M467181181,124.16,3700.04,0,0
79,CASH_OUT,2995.61,C8878936659,128.56,0.0,M966422119,8132.05,11127.66,0,0
173,PAYMENT,2370.36,C7783070586,117811.77,115441.41,M239429580,38180.95,40551.31,0,0
467,PAYMENT,27.31,C1730520188,151728.99,151701.68,M982855416,654.71,682.02,0,0
581,PAYMENT,1277.19,C6213329039,67.45,0.0,M797827064,127.11,1404.3,0,0
416,CASH_OUT,3.33,C9526374758,24284.61,24281.28,M668486584,367.47,370.8,0,0
449,CASH_IN,5.69,C5221540591,119791.27,119785.58,C6017349483,17.81,23.5,0,0
87,CASH_OUT,3819.5,C2962608579,19.95,0.0,M983302671,169.99,3989.49,0,0
101,CASH_IN,22.33,C2569614777,26.63,4.3,C5005985191,1868.93,1891.26,0,0
8,PAYMENT,281.96,C4529228025,5.86,0.0,M209097872,976.22,1258.18,0,0
200,PAYMENT,6692.1,C2794692720,104.66,0.0,M681271847,1390.87,8082.97,0,0
505,CASH_OUT,1296.64,C7253161284,88.78,0.0,M448648774,6.99,1303.63,0,0
87,CASH_OUT,845.56,C3885365174,475.81,0.0,M745378657,2294.49,3140.05,0,0
43,PAYMENT,361.82,C6387237779,45.07,0.0,M516686188,102.3,464.12,0,0
385,PAYMENT,518.94,C7749361218,6181.61,5662.67,M469513782,230.05,748.99,0,0
621,CASH_OUT,115.54,C1107521323,1183.44,1067.9,M989083929,65.32,180.86,0,0
435,TRANSFER,154.6,C9038823719,3168.37,3013.77,C9750683381,17629.82,17784.42,0,0
408,TRANSFER,479.59,C7042201225,14385.42,13905.83,C3850837347,14.68,494.27,0,0
483,PAYMENT,642.14,C1718411790,2116.92,1474.78,M252070313,312.26,954.4,0,0
664,TRANSFER,294.22,C4417999028,626.6,332.38,C5107809371,14.91,309.13,0,0
17,CASH_OUT,4.61,C6155190754,140.7,136.09,M356771328,4514.14,4518.75,0,0
645,CASH_OUT,9225.7,C2693998130,10340.12,1114.42,M492126597,556.44,9782.14,0,0
148,CASH_OUT,2629.56,C3434714744,2156.26,0.0,M681469686,25.84,2655.4,0,0
277,PAYMENT,268.25,C6841284121,1894.94,1626.69,M738434343,492.26,760.51,0,0
232,CASH_OUT,2798.55,C6063889898,241.51,0.0,M623370787,50.96,2849.51,0,0
366,TRANSFER,196.95,C2744159579,2322.87,2125.92,C1974584304,3248.96,3445.91,0,0
228,CASH_OUT,761.34,C5914492138,155.39,0.0,M748249870,64503.68,65265.02,0,0
651,CASH_OUT,8.62,C7701773587,2380.4,2371.78,M821028288,14.57,23.19,0,0
436,CASH_IN,674.16,C9353998899,565.68,0.0,C9438728533,13384.31,14058.47,0,0
399,CASH_OUT,229.83,C5631084365,6560.91,6331.08,M219013718,8568.64,8798.47,0,0
211,CASH_OUT,623.98,C8906761030,39.6,0.0,M111581885,177.02,801.0,0,0
391,PAYMENT,12329.83,C1388674148,1235.12,0.0,M863693126,2399.79,14729.62,0,0
499,CASH_OUT,389.1,C1270372923,6355.19,5966.09,M429629473,743.85,1132.95,0,0
540,CASH_OUT,161.58,C1919599923,1321.37,1159.79,M943499786,362.51,524.09,0,0
563,CASH_OUT,165.2,C7650950099,31.32,0.0,M830794319,119.65,284.85,0,0
491,PAYMENT,23.75,C7543691967,170.49,146.74,M677613806,2326.66,2350.41,0,0
442,TRANSFER,905.51,C7997657951,26057.97,25152.46,C7948945288,108.17,1013.68,0,0
261,CASH_IN,1174.81,C1757575688,918.8,0.0,C8295244859,4887.14,6061.95,0,0
350,CASH_OUT,459.82,C1145081788,141.43,0.0,M928413601,46.92,506.74,0,0
352,PAYMENT,2539.73,C2394857677,25225.06,22685.33,M391796894,74882.81,77422.54,0,0
520,PAYMENT,2588.45,C4463703618,52795.02,50206.57,M156845598,23.47,2611.92,0,0
320,TRANSFER,463.9,C6326029160,57.58,0.0,C5846306194,478128.99,478592.89,0,0
138,CASH_OUT,1301.13,C9380191373,311.86,0.0,M339850924,167.11,1468.24,0,0
550,PAYMENT,31112.4,C8076159433,463.62,0.0,M298378018,2820.97,33933.37,0,0
623,CASH_IN,77.94,C8206535938,4158.95,4081.01,C8427875497,4758.29,4836.23,0,0
368,TRANSFER,1893.78,C3281590357,698.6,0.0,C3755933917,635.28,2529.06,0,0
220,CASH_OUT,479.93,C6505416934,1489.32,1009.39,M591322610,6708.06,7187.99,0,0
337,CASH_OUT,3266.56,C3820271027,761.21,0.0,M542288111,89.6,3356.16,0,0
223,CASH_OUT,82.52,C4958702220,268264.43,268181.91,M588351766,,101.2,0,0
648,CASH_OUT,602.18,C3273433444,4599.89,3997.71,M669459014,458.98,1061.16,0,0
360,PAYMENT,103.63,C8050846345,526.36,422.73,M607757717,2788.74,2892.37,0,0
329,PAYMENT,11.78,C3524538578,547.5,535.72,M641994531,93.87,105.65,0,0
463,PAYMENT,6692.72,C6466611229,3579.06,0.0,M924577190,825.44,7518.16,0,0
561,CASH_OUT,169.2,C6466032285,100.7,0.0,M170769755,15.15,184.35,0,0
382,CASH_OUT,74.82,C3804586501,2154.53,2079.71,M353999042,753.32,828.14,0,0
590,CASH_OUT,127.26,C6583171255,1633.03,1505.77,M365220133,137.44,264.7,0,0
617,CASH_OUT,15504.39,C9943937593,126.27,0.0,M459585579,639.26,16143.65,0,0
169,CASH_IN,5547.24,C5816184187,3.37,0.0,C8264135574,541.11,6088.35,0,0
217,CASH_OUT,260.76,C6530379221,14.26,0.0,M768811517,38.26,299.02,0,0
378,CASH_OUT,2259.16,C9838440154,617.83,0.0,M627928198,582.47,2841.63,0,0
119,PAYMENT,46.96,C4430757503,10588.75,10541.79,M161146644,108.59,155.55,0,0
190,PAYMENT,1149.5,C9556991266,356.73,0.0,M292142507,,5219.28,0,0
370,PAYMENT,170.52,C2770034433,9556.77,9386.25,M586312781,4191.97,4362.49,0,0
149,CASH_IN,965.07,C4758157986,438.48,0.0,C9417412230,674.43,1639.5,0,0
676,CASH_OUT,25.85,C6841519619,79.22,53.37,M365388612,512.82,538.67,0,0
652,CASH_IN,122.7,C7794382898,44.89,0.0,C2879475346,2604.0,2726.7,0,0
488,CASH_OUT,580.46,C1218551555,108.15,0.0,M400458584,4301.14,4881.6,0,0
374,CASH_OUT,568.31,C7357338808,1559.07,990.76,M611733768,19670.69,20239.0,0,0
693,TRANSFER,21.64,C2625798603,978.47,956.83,C3692128307,217.85,239.49,0,0
160,CASH_OUT,57.76,C4512141802,589.68,531.92,M956472412,17.38,75.14,0,0
351,PAYMENT,940.9,C8182936226,654.33,0.0,M712413674,4465.37,5406.27,0,0
288,CASH_OUT,744.0,C2418059762,17371.78,16627.78,M430495314,21048.47,21792.47,0,0
288,PAYMENT,1496.62,C6483239846,120443.79,118947.17,M858875406,481.56,1978.18,0,0
226,CASH_IN,590.17,C1695463701,173.37,0.0,C9705101205,356.7,946.87,0,0
523,CASH_IN,49.09,C5128913326,685.21,636.12,C7486129629,,22071.91,0,0
522,CASH_IN,198.8,C9790877473,51.76,0.0,C3050641085,27.2,226.0,0,0
273,PAYMENT,1166.83,C2317643512,1057.48,0.0,M374013957,190.08,1356.91,0,0
402,CASH_OUT,54.42,C2230898507,499.06,444.64,M347909900,82.32,136.74,0,0
183,PAYMENT,42.43,C8378666736,1875.57,1833.14,M803930039,433.32,475.75,0,0
665,CASH_IN,220.09,C1194670704,9855.23,9635.14,C9495102185,5381.19,5601.28,0,0
488,CASH_OUT,694.3,C3525989019,53.29,0.0,M719215654,17.99,712.29,0,0
124,PAYMENT,10.12,C9422047022,644.59,634.47,M410355309,5338.03,5348.15,0,0
626,CASH_IN,248.39,C3698807312,548.69,300.3,C4835057536,50.4,298.79,0,0
414,PAYMENT,1138.1,C2634488965,1631.02,492.92,M302678109,1215.22,2353.32,0,0
725,CASH_OUT,1687.02,C2633294682,36354.66,34667.64,M698205642,1.35,1688.37,0,0
172,CASH_IN,54.19,C3332708561,215.68,161.49,C5577332132,2.41,56.6,0,0
288,CASH_OUT,848.85,C1936821371,5028.97,4180.12,M275345188,276.46,1125.31,0,0
435,CASH_OUT,2943.6,C5740304085,71717.8,68774.2,M293028596,9600.21,12543.81,0,0
686,PAYMENT,1357.51,C5463685379,132.31,0.0,M631732450,5674.72,7032.23,0,0
113,PAYMENT,177.01,C8268417195,1584.65,1407.64,M495281933,7.59,184.6,0,0
122,CASH_IN,3.42,C7515053836,1550.52,1547.1,C9390806679,6453.07,6456.49,0,0
544,CASH_OUT,613.19,C4169358995,42.93,0.0,M623040535,1503.53,2116.72,0,0
222,CASH_OUT,9481.78,C1502503999,4665.33,0.0,M389455775,1205.95,10687.73,0,0
631,CASH_OUT,2096.71,C6094274653,18156.42,16059.71,M835761764,122436.36,124533.07,0,0
39,TRANSFER,1824.69,C5693204090,206.44,0.0,C8765152801,84.67,1909.36,0,0
497,PAYMENT,565.07,C3861898191,531.6,0.0,M549136244,4600.74,5165.81,0,0
233,CASH_OUT,2424.95,C9228069327,13.91,0.0,M791204471,444.17,2869.12,0,0
530,CASH_OUT,739.89,C2900520657,15214.12,14474.23,M610352201,23527.2,24267.09,0,0
149,CASH_OUT,12.27,C5208528247,9541.49,9529.22,M598198445,964.98,977.25,0,0
397,PAYMENT,2399.84,C9752657985,100.54,0.0,M373713101,110.17,2510.01,0,0
661,CASH_OUT,72.08,C6675695597,133.49,61.41,M935104214,78.56,150.64,0,0
638,PAYMENT,461.49,C4958733657,405.7,0.0,M167317535,721.8,1183.29,0,0
302,PAYMENT,1769.4,C4182543489,27722.52,25953.12,M889961659,55.71,1825.11,0,0
360,CASH_IN,90.17,C7122290219,915.61,825.44,C2618430667,0.28,90.45,0,0
238,PAYMENT,56.21,C2638379008,1602.68,1546.47,M389977896,10828.92,10885.13,0,0
647,PAYMENT,1047.69,C5550171872,1603.23,555.54,M992878881,6833.59,7881.28,0,0
663,CASH_OUT,43.51,C6048101692,33918.44,33874.93,M267282734,404.73,448.24,0,0
236,CASH_IN,274.35,C5901881030,431.48,157.13,C8005547912,2384.46,2658.81,0,0
736,CASH_IN,3853.54,C6287367743,781.19,0.0,C6850521255,2735.92,6589.46,0,0
203,CASH_OUT,10435.67,C7847880943,20659.25,10223.58,M918382086,458.81,10894.48,0,0
256,TRANSFER,11.44,C9250282141,20108.71,20097.27,C1105677305,5.14,16.58,0,0
598,CASH_OUT,260.49,C1860987868,80.58,0.0,M979608631,959.21,1219.7,0,0
662,CASH_OUT,5115.85,C5478195349,8.45,0.0,M226347029,211.61,5327.46,0,0
235,CASH_OUT,181.96,C6365735229,1077.07,895.11,M145924879,61431.19,61613.15,0,0
345,CASH_IN,1966.03,C6266683361,5523.52,3557.49,C6149735173,2095.98,4062.01,0,0
534,PAYMENT,2286.08,C5204352037,2410.75,124.67,M878084468,2116.72,4402.8,0,0
466,CASH_IN,118.87,C8538469249,237.42,118.55,C5457240576,16631.05,16749.92,0,0
541,CASH_OUT,950.74,C8394121224,115824.17,114873.43,M102646017,532.46,1483.2,0,0
213,PAYMENT,1073.76,C9853647865,75.83,0.0,M681017306,58768.58,59842.34,0,0
463,PAYMENT,2490.83,C8246784477,36.25,0.0,M513111755,31.25,2522.08,0,0
436,CASH_IN,15.64,C7394494864,19657.57,19641.93,C8759311041,304.47,320.11,0,0
283,CASH_OUT,5354.36,C4358632506,383.47,0.0,M482245924,11499.75,16854.11,0,0
562,CASH_OUT,1593.55,C5860532691,76605.17,75011.62,M492115913,18.7,1612.25,0,0
607,CASH_OUT,42.07,C5453007155,587.64,545.57,M209899408,167.03,209.1,0,0
463,CASH_IN,312.43,C1228273281,415.6,103.17,C9295835008,1357.85,,0,0
407,PAYMENT,2155.28,C2639752084,3795.55,1640.27,M757409235,1528.0,3683.28,0,0
88,PAYMENT,46.8,C3540977260,9297.51,9250.71,M370686993,81.6,128.4,0,0
44,PAYMENT,63.49,C4261166687,243137.8,243074.31,M208531336,15406.69,15470.18,0,0
461,TRANSFER,418.73,C8555913391,9461.8,9043.07,C4682685068,33.3,452.03,0,0
278,CASH_IN,168.6,C2224210779,15957.67,15789.07,C2678078828,700.57,869.17,0,0
683,CASH_IN,666.29,C5082979663,257.92,0.0,C6907167979,77.7,743.99,0,0
421,CASH_OUT,2092.08,C2543565135,12054.73,0.0,M258924837,4.01,4.01,1,0
701,CASH_OUT,695.4,C2944497893,5239.57,4544.17,M624438051,70.38,765.78,0,0
353,TRANSFER,395.2,C3871050279,256.33,0.0,C8721804386,183.02,183.02,1,0
696,PAYMENT,2111.36,C7647391689,35.2,0.0,M117703215,15.81,2127.17,0,0
515,CASH_OUT,327.08,C9714505383,114.74,0.0,M639929440,8988.29,9315.37,0,0
703,PAYMENT,90.79,C2463885722,301.43,210.64,M270041511,618.37,709.16,0,0
630,TRANSFER,4066.6,C7560950119,674.53,0.0,C8373156863,844.07,4910.67,0,0
19,PAYMENT,3.2,C6737401213,7077.8,7074.6,M615518374,324.31,327.51,0,0
23,PAYMENT,458.55,C4553624356,11698.93,11240.38,M372908263,305.82,764.37,0,0
413,CASH_IN,195.03,C6539401624,86859.11,86664.08,C2066835928,1676.59,,0,0
30,PAYMENT,63.69,C9152751929,3184.74,3121.05,M374673607,116.89,180.58,0,0
108,CASH_OUT,733.01,C5223887158,29.0,0.0,M112202077,1.41,734.42,0,0
367,DEBIT,1011.74,C2695420072,115.33,0.0,M345153084,3.91,1015.65,0,0
281,TRANSFER,76.86,C3886572869,618.36,541.5,C4323924544,881.1,957.96,0,0
128,CASH_IN,24.73,C8103755781,15943.11,15918.38,C1569812712,197.92,222.65,0,0
229,PAYMENT,29.61,C8897040943,5188.24,5158.63,M217500848,308575.69,308605.3,0,0
111,CASH_OUT,15160.9,C3089673901,164.41,0.0,M328666004,3845.53,19006.43,0,0
136,TRANSFER,18909.09,C2221615124,67.76,0.0,C1444288468,1089.91,19999.0,0,0
362,CASH_OUT,427.99,C3639811280,224.57,0.0,M519001895,6.97,434.96,0,0
186,CASH_IN,25.97,C7887438112,49.76,23.79,C1675784716,77.79,103.76,0,0
656,TRANSFER,301.66,C9023815968,813.14,511.48,C3072223673,4761.76,5063.42,0,0
584,PAYMENT,4.95,C7462149416,3335.34,3330.39,M526863709,674.19,679.14,0,0
129,CASH_IN,757.0,C5219249726,2297.93,1540.93,C8633044810,37.98,794.98,0,0
261,CASH_IN,55.25,C7479854295,334.34,279.09,C4311345446,20.91,76.16,0,0
515,CASH_OUT,35.86,C5667586016,1176.66,1140.8,M606394286,1555.39,1591.25,0,0
449,PAYMENT,2850.55,C6785818851,41.85,0.0,M491716076,82.4,2932.95,0,0
104,CASH_OUT,296.34,C2778898822,197.46,0.0,M658051236,127.43,423.77,0,0
483,PAYMENT,2278.7,C3957249074,2386.58,107.88,M911619750,245.53,2524.23,0,0
224,CASH_OUT,4508.96,C5541124244,303900.63,299391.67,M638206073,12892.89,17401.85,0,0
491,PAYMENT,337.37,C2778022521,31810.95,31473.58,M988060274,,559.97,0,0
473,CASH_IN,399.29,C4506795508,41.62,0.0,C9321778321,13456.13,13855.42,0,0
10,TRANSFER,3349.43,C5742989074,9053.71,5704.28,C4848987857,152.76,3502.19,0,0
405,CASH_OUT,137.34,C1492838969,1700.11,1562.77,M109340426,10.83,148.17,0,0
302,PAYMENT,4061.34,C9797374703,1823.13,0.0,M169246185,207.04,4268.38,0,0
231,PAYMENT,7.05,C3831544769,647259.14,647252.09,M822567045,396.3,403.35,0,0
731,TRANSFER,198.42,C1233191905,325.9,127.48,C6170618729,,205.55,0,0
66,PAYMENT,586.68,C2402644463,4104.26,3517.58,M726305537,30.71,617.39,0,0
112,CASH_IN,36.23,C1051561542,7488.02,7451.79,C6158724590,,1728.26,0,0
13,TRANSFER,844.78,C1710637860,193.02,0.0,C7132737826,117.07,961.85,0,0
393,PAYMENT,569.3,C7218470260,5.86,0.0,M760516700,3319.32,3888.62,0,0
500,CASH_IN,93.28,C7593150287,39.51,0.0,C1312941316,12.36,105.64,0,0
598,TRANSFER,86.41,C1656823342,2074.32,1987.91,C4859261621,48.95,135.36,0,0
234,TRANSFER,70.52,C8495646837,10308.04,10237.52,C2729347430,2495.67,2566.19,0,0
602,CASH_OUT,17.58,C6106731855,4241.97,4224.39,M516951850,532.06,549.64,0,0
314,PAYMENT,10098.82,C5792518176,4115.55,0.0,M240088706,6.12,10104.94,0,0
566,CASH_IN,264.87,C6727014670,2529.69,2264.82,C5821624041,780.31,1045.18,0,0
12,PAYMENT,26.95,C5247300990,138.89,111.94,M290234754,13975.27,14002.22,0,0
209,PAYMENT,315.89,C1254835311,1023.21,707.32,M309877574,248.44,564.33,0,0
14,CASH_OUT,651.82,C8584137739,5272.1,4620.28,M907770366,98.87,750.69,0,0
633,CASH_OUT,78.56,C4299483065,3561.59,3483.03,M307157560,5452.51,5531.07,0,0
418,PAYMENT,194.54,C3759316429,66069.25,65874.71,M814950679,96.19,,0,0
437,PAYMENT,5475.13,C1620806157,255.84,0.0,M240192357,1621.68,7096.81,0,0
377,PAYMENT,39.03,C7345050839,267.9,228.87,M743954500,194.54,233.57,0,0
20,PAYMENT,126.06,C3687128344,189.37,63.31,M273029224,28.4,154.46,0,0
587,PAYMENT,7.31,C2606383192,1.18,0.0,M202005931,96.39,103.7,0,0
735,PAYMENT,15468.51,C6157064814,5091.15,0.0,M188203966,1.45,15469.96,0,0
70,PAYMENT,1504.65,C9017329685,1108.29,0.0,M190185850,2917.52,4422.17,0,0
211,PAYMENT,365.36,C1550348715,596.37,231.01,M758469137,2137.95,2503.31,0,0
101,PAYMENT,95.95,C1400102117,142.86,46.91,M406073767,729.27,825.22,0,0
698,CASH_OUT,86.83,C5885212104,4354.8,4267.97,M892394835,91.06,177.89,0,0
132,PAYMENT,235.53,C1110142651,1145.18,909.65,M234961477,2839.28,3074.81,0,0
623,PAYMENT,1088.22,C9537382853,52150.16,51061.94,M235051997,1911.61,2999.83,0,0
381,PAYMENT,48.08,C8866414073,1165.07,1116.99,M285652465,2887.35,2935.43,0,0
132,CASH_OUT,159.77,C9709061665,3126.13,2966.36,M195786620,1067.14,1226.91,0,0
20,CASH_IN,2240.65,C3083934815,55831.65,53591.0,C7746562929,223.46,2464.11,0,0
536,CASH_OUT,10079.57,C5135355003,480.22,0.0,M350908944,230.49,10310.06,0,0
227,TRANSFER,1196.37,C8919420154,370.81,0.0,C5229009432,2.63,1199.0,0,0
154,CASH_OUT,107.29,C6320015994,38810.44,38703.15,M789589803,18.8,126.09,0,0
742,TRANSFER,295.89,C1667120187,22.25,0.0,C9080048618,1194.0,1489.89,0,0
469,PAYMENT,920.18,C1595194311,573.04,0.0,M718400255,18588.66,19508.84,0,0
405,PAYMENT,225.21,C4429461911,538.88,313.67,M123653316,3186.03,3411.24,0,0
202,CASH_OUT,1675.17,C9173507709,132.85,0.0,M333070458,216.99,1892.16,0,0
38,CASH_OUT,93.68,C8204191462,4109.09,4015.41,M136659243,52.04,145.72,0,0
188,CASH_OUT,10163.56,C1910736135,263.68,0.0,M789579439,2248.72,12412.28,0,0
57,CASH_OUT,338.65,C7082315735,1427.07,1088.42,M404238008,633.79,972.44,0,0
20,PAYMENT,114.18,C5614368167,106.52,0.0,M868079855,51.65,165.83,0,0
273,CASH_OUT,1317.13,C2245174473,2238.76,921.63,M425990000,709.86,2026.99,0,0
119,CASH_IN,56.92,C1007784169,198629.54,198572.62,C5298662889,2674.06,2730.98,0,0
583,CASH_OUT,542.31,C8384110544,962.02,419.71,M786706338,7.33,549.64,0,0
516,CASH_IN,6652.9,C6723929126,1069.66,0.0,C3680153632,311.13,6964.03,0,0
221,PAYMENT,35.41,C2569148265,56.37,20.96,M930100131,10014.55,10049.96,0,0
526,CASH_OUT,4371.05,C2441709144,9010.89,4639.84,M662097545,5434.18,9805.23,0,0
515,PAYMENT,30.51,C5504167906,883.81,853.3,M770623675,381.37,411.88,0,0
728,CASH_OUT,2081.72,C8446549256,2928.34,846.62,M728123308,32.91,2114.63,0,0
741,CASH_OUT,60.75,C6799111805,11765.46,11704.71,M836285778,11.61,72.36,0,0
336,PAYMENT,4374.93,C6678109402,697.42,0.0,M672805945,3708.96,8083.89,0,0
698,PAYMENT,127.46,C1506860718,14077.91,13950.45,M741473944,106.49,233.95,0,0
55,TRANSFER,197.74,C3381476771,16576.16,16378.42,C1470804826,1951.04,2148.78,0,0
500,PAYMENT,61.75,C5506206018,2564.81,2503.06,M242095958,7294.57,7356.32,0,0
536,TRANSFER,3.24,C8120554649,1805.53,1802.29,C9734159393,59.2,62.44,0,0
162,TRANSFER,41.07,C2914400694,1175.78,1134.71,C9444213336,170.58,211.65,0,0
670,CASH_IN,13.89,C3110250245,4465.41,4451.52,C4379749080,7160.18,7174.07,0,0
594,PAYMENT,6.8,C4517488909,3989.97,3983.17,M595115029,248.51,255.31,0,0
159,CASH_OUT,726.24,C1010081200,30.71,0.0,M306586102,1701.15,2427.39,0,0
188,CASH_OUT,8516.27,C7072735818,204.54,0.0,M482505101,178.48,8694.75,0,0
60,PAYMENT,14686.79,C4661013686,12004.92,0.0,M441832883,22.28,14709.07,0,0
319,PAYMENT,39.44,C8911413491,2039.32,1999.88,M542948207,1463.36,1502.8,0,0
211,CASH_OUT,323.81,C9429215109,637.13,313.32,M534398442,17886.26,18210.07,0,0
406,PAYMENT,4144.65,C1089605033,89746.4,85601.75,M417194058,1125.14,5269.79,0,0
664,CASH_OUT,29.28,C1797634028,8349.69,8320.41,M299582962,1878.95,1908.23,0,0
109,CASH_IN,4479.24,C7443087036,16310.6,11831.36,C1047310722,1954.8,6434.04,0,0
76,CASH_OUT,4628.98,C9756255833,631.66,0.0,M971843054,25794.57,30423.55,0,0
542,PAYMENT,8.23,C8441387007,2874.68,2866.45,M773025203,183.13,191.36,0,0
314,CASH_IN,3.62,C7952828158,894.63,891.01,C4810785050,1.58,5.2,0,0
117,CASH_OUT,181.18,C8906264504,82.44,0.0,M168435106,9447.71,9628.89,0,0
704,PAYMENT,2633.71,C1872658084,1794.29,0.0,M354777727,10.11,2643.82,0,0
19,CASH_IN,19.31,C9848385024,949.52,930.21,C8233943410,120.98,140.29,0,0
432,CASH_OUT,6.84,C2394417985,910.71,903.87,M665499895,55.27,62.11,0,0
685,CASH_OUT,458.85,C3052837367,13053.19,12594.34,M501233435,55.36,514.21,0,0
740,CASH_OUT,1430.13,C2396421948,831.39,0.0,M588933728,3934.66,5364.79,0,0
350,PAYMENT,103.51,C2861204292,1306.57,1203.06,M352041134,2314.9,2418.41,0,0
183,PAYMENT,121.89,C4364587193,1475.74,1353.85,M310127790,48.55,170.44,0,0
113,CASH_OUT,1412.87,C1245964998,3853.42,2440.55,M470472362,8915.09,10327.96,0,0
183,PAYMENT,70.82,C8780413518,2310.17,2239.35,M587897891,217.11,287.93,0,0
481,CASH_OUT,82.29,C6276515032,6108.64,6026.35,M381042800,43158.13,43240.42,0,0
146,CASH_IN,702.45,C3574688979,44.35,0.0,C4312551798,154.91,857.36,0,0
628,CASH_OUT,878.31,C5190476324,1572.71,694.4,M230065610,132.54,1010.85,0,0
113,CASH_IN,257.79,C5369696882,828.58,570.79,C7495117598,163.42,421.21,0,0
476,PAYMENT,7855.49,C3891086752,40.82,0.0,M635791586,42.23,7897.72,0,0
303,CASH_IN,1807.22,C3993150703,29.76,0.0,C2466654578,1630.34,3437.56,0,0
118,PAYMENT,199.96,C3463815686,228.21,28.25,M517272656,73.34,273.3,0,0
161,PAYMENT,30.53,C5336586043,214.95,184.42,M824091379,205.31,235.84,0,0
401,PAYMENT,2930.26,C1494012748,603.0,0.0,M457336728,,4260.39,0,0
198,CASH_IN,3143.06,C9925232738,1510.82,0.0,C7341803657,57211.86,60354.92,0,0
260,PAYMENT,330.94,C5309486282,3771.51,3440.57,M825991783,75.67,406.61,0,0
660,PAYMENT,701.88,C2626761194,49.64,0.0,M237056402,103.65,805.53,0,0
47,PAYMENT,1640.06,C9642642406,114.61,0.0,M502362435,88.34,1728.4,0,0
399,CASH_IN,9958.75,C6861180997,124.74,0.0,C2025591054,1248.32,11207.07,0,0
710,PAYMENT,2379.2,C7406622065,814.52,0.0,M947515126,120.87,2500.07,0,0
559,CASH_OUT,982.44,C6823686670,1176.36,193.92,M312157024,43.35,1025.79,0,0
78,PAYMENT,2590.22,C7079933895,13329.05,10738.83,M855612082,521.35,3111.57,0,0
124,PAYMENT,4032.93,C3221041570,110.76,0.0,M149616908,1725.16,5758.09,0,0
75,TRANSFER,693.28,C6673201853,7617.97,6924.69,C5221753298,120.01,813.29,0,0
137,CASH_IN,2527.68,C8591862464,27.05,0.0,C5030094789,515.28,3042.96,0,0
602,PAYMENT,104.31,C5246994796,1150.61,1046.3,M511125304,780.43,884.74,0,0
400,CASH_OUT,3198.8,C8335420699,4354.67,1155.87,M434828213,,3599.8,0,0
505,CASH_IN,106.06,C9564372845,5342.73,5236.67,C1176398604,901.63,1007.69,0,0
500,PAYMENT,53.7,C7850969766,75237.15,75183.45,M698985495,48.2,101.9,0,0
573,TRANSFER,311.79,C3309673132,418527.67,418215.88,C4770319344,29.35,341.14,0,0
138,CASH_OUT,27.56,C9892625007,3021.47,2993.91,M179999277,53.92,81.48,0,0
50,CASH_OUT,122.36,C3265974558,40.63,0.0,M980537470,,123.53,0,0
619,CASH_OUT,860.01,C6898937128,14990283.28,14989423.27,M477684737,20.72,880.73,0,0
625,PAYMENT,703.35,C6059904592,19058.3,18354.95,M200248373,2326.03,3029.38,0,0
254,TRANSFER,1449.71,C6575525673,14411.61,12961.9,C9274508639,2130.05,3579.76,0,0
630,CASH_OUT,1495.19,C1385666322,376.97,0.0,M811971004,15.2,1510.39,0,0
710,CASH_IN,852.71,C4283644323,808.58,0.0,C5466795715,5.67,858.38,0,0
563,PAYMENT,73.46,C6841806702,139.29,65.83,M767133572,428.31,501.77,0,0
426,CASH_IN,2556.87,C4416430949,5891.01,3334.14,C3431168659,1509.45,4066.32,0,0
547,PAYMENT,324.01,C5193544687,344.16,20.15,M834250663,56.47,380.48,0,0
302,CASH_IN,652.32,C4566147318,6610.46,5958.14,C4843313112,91.77,744.09,0,0
581,CASH_OUT,496.81,C9659177566,172.51,0.0,M876376913,2816.11,3312.92,0,0
349,CASH_IN,9406.93,C3088491980,11802.9,2395.97,C7041540404,26891.97,36298.9,0,0
49,CASH_OUT,36.98,C3173774652,2223.83,2186.85,M932147111,92.13,129.11,0,0
74,PAYMENT,203.11,C8055002958,26341.52,26138.41,M688475388,1631.36,1834.47,0,0
704,CASH_IN,1167.6,C3260874941,215057.14,213889.54,C3299941421,367.52,1535.12,0,0
261,CASH_OUT,421.5,C2628374067,2226.55,1805.05,M787109561,6181.96,6603.46,0,0
356,CASH_OUT,153.03,C2822944328,33287.43,33134.4,M961465811,23.81,176.84,0,0
582,PAYMENT,8.71,C9520115893,33683.21,33674.5,M635272218,423.65,432.36,0,0
602,PAYMENT,227.27,C7258530481,1039.9,812.63,M589649715,79.76,307.03,0,0
260,PAYMENT,832.85,C7265574409,2101.36,1268.51,M747079196,343.24,1176.09,0,0
638,CASH_OUT,1196.35,C5594456421,2160.72,964.37,M700257541,3638.14,4834.49,0,0
743,CASH_OUT,288.26,C9336440740,368.41,80.15,M583206291,383.99,672.25,0,0
295,PAYMENT,575.91,C8249903185,377.07,0.0,M788886756,59.96,635.87,0,0
641,CASH_OUT,40.98,C4720738230,23429.0,23388.02,M193710802,3921.33,3962.31,0,0
313,CASH_IN,879.02,C4999574995,185.74,0.0,C6336443494,1445.64,2324.66,0,0
612,CASH_OUT,411.12,C1377103181,754.91,343.79,M622898453,732.19,1143.31,0,0
182,PAYMENT,561.39,C2404126208,484.6,0.0,M475905293,19.96,581.35,0,0
686,CASH_OUT,260.11,C7921011014,3465.79,3205.68,M732724457,1388.04,1648.15,0,0
364,CASH_OUT,617.48,C9096924518,344902.16,344284.68,M190972536,78.98,696.46,0,0
188,PAYMENT,1435.44,C6538700525,682.94,0.0,M470496005,33.83,1469.27,0,0
569,PAYMENT,672.44,C3315396443,29.85,0.0,M659328532,40.08,712.52,0,0
543,CASH_OUT,10.53,C1613168839,1430.06,1419.53,M923926535,1732.74,1743.27,0,0
596,CASH_OUT,700.88,C8614950160,96.34,0.0,M347159569,1273.79,1974.67,0,0
664,CASH_OUT,185.72,C4925598070,2084.87,1899.15,M401887893,419.01,604.73,0,0
548,CASH_IN,97.87,C5423510521,163.21,65.34,C9557206134,1.85,99.72,0,0
725,PAYMENT,5992.99,C2038331462,1648.63,0.0,M672885858,5959.44,11952.43,0,0
408,CASH_OUT,62.49,C8508544211,55.47,0.0,M938126773,3377.19,3439.68,0,0
618,PAYMENT,78.31,C6288178056,564.24,485.93,M214058914,101.4,179.71,0,0
414,CASH_IN,4.56,C9186919343,91.63,87.07,C6461872940,12126.12,12130.68,0,0
342,CASH_IN,7194.2,C4999712258,25162.35,17968.15,C5949764280,34.67,7228.87,0,0
220,TRANSFER,2397.76,C4636296862,179.38,0.0,C5187751503,506.95,2904.71,0,0
163,CASH_OUT,207.59,C8955973656,4385.61,4178.02,M515672367,525.85,733.44,0,0
220,CASH_OUT,1374.16,C4114439810,1715.82,341.66,M931349204,727.93,2102.09,0,0
270,CASH_OUT,4.71,C1026739721,1803.14,1798.43,M971942441,12.42,17.13,0,0
632,CASH_IN,1043.75,C5391895758,2786.39,1742.64,C6816528569,7.97,1051.72,0,0
400,TRANSFER,72.67,C3984111229,4951.55,4878.88,C1654656211,320.39,393.06,0,0
182,PAYMENT,11470.17,C2228150446,28723.15,17252.98,M493167696,45.11,11515.28,0,0
618,CASH_OUT,841.41,C8893761078,11308.89,10467.48,M492865246,923.99,1765.4,0,0
729,PAYMENT,524.27,C3021262279,49767.17,49242.9,M770882588,553.82,1078.09,0,0
205,CASH_OUT,78.15,C1047871322,76.7,0.0,M799808175,11144.77,11222.92,0,0
582,CASH_OUT,79.13,C5108902374,38.34,0.0,M895814559,10403.63,10482.76,0,0
556,PAYMENT,1319.63,C7366365546,69074.19,67754.56,M255106695,458.35,1777.98,0,0
228,CASH_OUT,76.7,C7742272290,4474.82,4398.12,M399930673,16781.72,16858.42,0,0
696,CASH_OUT,70.9,C6573812902,76.7,5.8,M234753913,679.35,750.25,0,0
619,PAYMENT,6728.92,C5701438474,545.19,0.0,M142329733,363.26,7092.18,0,0
596,CASH_OUT,717.02,C3807265010,4198.81,3481.79,M397961900,28788.84,29505.86,0,0
250,CASH_OUT,45.04,C6199934247,974.93,929.89,M413947852,37.58,82.62,0,0
441,CASH_OUT,1216.21,C3680076031,5069.71,3853.5,M574108056,8.37,1224.58,0,0
533,CASH_IN,230.88,C1936753564,58.18,0.0,C3211686968,225.64,456.52,0,0
196,CASH_IN,11.8,C8420646840,1016.97,1005.17,C7591577427,641.4,653.2,0,0
690,CASH_OUT,148.71,C7056550994,1471.52,1322.81,M691971953,1939.79,2088.5,0,0
519,PAYMENT,49.54,C6169546696,187.4,137.86,M960711519,23.4,72.94,0,0
70,CASH_OUT,672.87,C7467861586,540.08,0.0,M998903520,271.53,944.4,0,0
639,PAYMENT,108.73,C7293059080,344.37,235.64,M876061498,19.08,127.81,0,0
399,CASH_IN,483.86,C5606517016,68.48,0.0,C7540054442,196.92,680.78,0,0
672,CASH_IN,1529.23,C8814047155,234.25,0.0,C7147460899,11472.53,13001.76,0,0
203,PAYMENT,45338.84,C9203896620,1767.69,0.0,M394252919,581.13,45919.97,0,0
148,DEBIT,21158.61,C2829862499,95.93,0.0,M810403219,37.4,21196.01,0,0
472,TRANSFER,630.49,C1186568697,202.92,0.0,C8956119620,2.95,633.44,0,0
655,CASH_IN,363.14,C6129368829,15.53,0.0,C8806124094,160.14,523.28,0,0
199,PAYMENT,122.71,C6453209045,40164.64,40041.93,M244241823,383.3,506.01,0,0
426,PAYMENT,15.09,C1044574748,11103.92,11088.83,M217207207,407.2,422.29,0,0
666,PAYMENT,4.17,C9668218494,22290.68,22286.51,M590807975,14.8,18.97,0,0
492,CASH_OUT,74.78,C4748941623,2704.48,2629.7,M203772060,648.0,722.78,0,0
142,CASH_OUT,10666.78,C4353609451,2289.53,0.0,M713602287,4.56,10671.34,0,0
313,CASH_IN,9958.63,C4306579845,646.84,0.0,C8837537224,543.68,10502.31,0,0
165,PAYMENT,465.58,C4552087308,28301.0,27835.42,M490711617,274.2,739.78,0,0
314,TRANSFER,1022.94,C1801499182,1163.27,140.33,C4714813218,2103.22,3126.16,0,0
21,CASH_OUT,120.37,C5829392742,8.16,0.0,M360071450,6363.4,6483.77,0,0
82,CASH_OUT,379.82,C8467320437,8.74,0.0,M983893694,1.18,381.0,0,0
581,CASH_IN,85.43,C2595695007,2720.6,2635.17,C1746575517,2135.66,2221.09,0,0
131,PAYMENT,85.12,C3441330408,99.59,14.47,M726454556,5693.02,5778.14,0,0
599,CASH_OUT,1373.44,C9168571450,1398.92,25.48,M993445282,2243.02,3616.46,0,0
730,DEBIT,120.23,C3301982909,7311.58,7191.35,M269972772,104.26,224.49,0,0
305,CASH_IN,1079.58,C1680701626,137.85,0.0,C5974965763,6245.02,7324.6,0,0
371,PAYMENT,300.55,C2783149768,518.55,218.0,M648252258,99.38,399.93,0,0
384,CASH_IN,6875.67,C6952328616,567.88,0.0,C8827187603,26.82,6902.49,0,0
445,PAYMENT,1217.66,C6918421439,125.65,0.0,M220296816,385.31,1602.97,0,0
425,CASH_IN,657.64,C2170563085,30.79,0.0,C8168098845,300.49,958.13,0,0
161,CASH_IN,23.09,C1564805012,71.45,48.36,C9848115239,,3597.62,0,0
178,CASH_OUT,151.26,C2288536944,26.2,0.0,M738664704,73.42,224.68,0,0
629,PAYMENT,364.83,C6169894956,703.25,338.42,M763624454,566.85,931.68,0,0
708,CASH_OUT,449.94,C6690627454,679.85,229.91,M542755453,22.93,472.87,0,0
490,CASH_OUT,1519.99,C1625546062,293.78,0.0,M296165928,11378.62,12898.61,0,0
327,CASH_IN,609.14,C8150990220,31.49,0.0,C2311554023,1748.95,2358.09,0,0
598,PAYMENT,51.09,C7792333008,17384.63,17333.54,M451683976,1.38,52.47,0,0
289,CASH_IN,1318.47,C5386213753,231.25,0.0,C9023654478,7927.87,9246.34,0,0
593,CASH_IN,160.37,C7908563905,671002.22,670841.85,C1273210295,605.63,766.0,0,0
664,TRANSFER,110.49,C9056351966,9537.01,9426.52,C5572549121,504.01,614.5,0,0
573,CASH_IN,44.46,C6598466946,6.32,0.0,C8117265814,35884.18,35928.64,0,0
573,PAYMENT,199.81,C4064598534,24006.68,23806.87,M563223889,,206.58,0,0
354,CASH_OUT,132.37,C5133491631,189.4,57.03,M782200788,1193.38,1325.75,0,0
28,CASH_OUT,4111.25,C4164870735,108.06,0.0,M716363299,165.86,4277.11,0,0
43,PAYMENT,236.27,C1484104145,555.49,319.22,M127262069,41.01,277.28,0,0
681,PAYMENT,1169.49,C1664026434,18666.68,17497.19,M168673464,11612.38,12781.87,0,0
423,PAYMENT,10.96,C6968746391,4058.05,4047.09,M484460944,45.09,56.05,0,0
598,PAYMENT,1788.02,C7346720978,1730.53,0.0,M802807420,91.94,1879.96,0,0
177,TRANSFER,1455.01,C4630741923,140.51,0.0,C3930168888,847.94,2302.95,0,0
529,CASH_IN,21.95,C5983081780,11588.91,11566.96,C7241303340,8028.98,8050.93,0,0
610,PAYMENT,70.55,C6857022309,93.68,23.13,M196682165,180.63,251.18,0,0
494,CASH_OUT,107.13,C5689232682,14871.77,14764.64,M333790879,3057.89,3165.02,0,0
198,CASH_OUT,268.97,C6986942923,2522.14,2253.17,M944178746,27220.09,27489.06,0,0
610,CASH_OUT,98.51,C8401426093,247.34,148.83,M805708551,33934.94,34033.45,0,0
577,CASH_IN,247.17,C1956968137,222747.39,222500.22,C8036030313,8939.9,9187.07,0,0
517,CASH_OUT,1490.89,C1144614835,10722.91,9232.02,M929317916,8925.39,10416.28,0,0
514,CASH_IN,132.11,C2907163031,4431.91,4299.8,C6233730739,4709.58,4841.69,0,0
22,PAYMENT,731.06,C6545936797,1419.9,688.84,M135279028,14.6,745.66,0,0
112,CASH_OUT,573.11,C3936434553,62.84,0.0,M317674683,1122.82,1695.93,0,0
57,CASH_OUT,1.09,C9973760003,1205.37,1204.28,M989463599,1196.53,1197.62,0,0
66,PAYMENT,80.19,C2068088221,60510.03,60429.84,M550022297,1708.67,1788.86,0,0
98,PAYMENT,2896.7,C2212890886,35.03,0.0,M870360531,45.68,2942.38,0,0
144,CASH_IN,67.39,C6178142684,4528.77,4461.38,C9742435954,1719.85,1787.24,0,0
435,CASH_IN,47.39,C6261808305,35802.27,35754.88,C1671627902,5218.23,5265.62,0,0
637,PAYMENT,3202.82,C8292301819,40571.41,37368.59,M605631840,817.59,4020.41,0,0
679,CASH_IN,548.34,C5105174417,115.56,0.0,C4776521306,28.31,576.65,0,0
86,PAYMENT,7439.21,C7400495236,280.83,0.0,M221868035,92.09,7531.3,0,0
588,TRANSFER,159.24,C3578645926,1411.36,1252.12,C9859827416,1108.47,1267.71,0,0
344,CASH_OUT,4466.09,C4513739105,3410.51,0.0,M714281348,584.03,5050.12,0,0
294,CASH_IN,68.19,C5084405731,27019.54,26951.35,C9802427457,11.3,79.49,0,0
571,PAYMENT,2.37,C4567412821,663.25,660.88,M569797927,929.84,932.21,0,0
650,CASH_OUT,1550.83,C3895261571,11662.05,10111.22,M191359180,25.92,1576.75,0,0
611,CASH_OUT,1269.61,C8307973935,1.8,0.0,M829326199,31.93,1301.54,0,0
704,PAYMENT,1549.62,C5287698631,563.98,0.0,M504213018,24.47,1574.09,0,0
243,CASH_OUT,266.91,C3080541982,11634.42,11367.51,M200960762,9.96,276.87,0,0
561,CASH_OUT,7584.8,C3579914822,8810.89,1226.09,M601062118,1.93,7586.73,0,0
32,DEBIT,2277.92,C8123966088,99.92,0.0,M809669072,13.51,2291.43,0,0
391,CASH_IN,2100.31,C6888059045,14274.89,12174.58,C5456149194,584.86,2685.17,0,0
277,CASH_IN,514.56,C7912850507,31.48,0.0,C1099760394,693.71,1208.27,0,0
532,CASH_IN,27.28,C4957695112,21831.58,21804.3,C5676883485,177.25,204.53,0,0
154,TRANSFER,461.88,C7517284976,657.97,196.09,C2595919582,178.76,640.64,0,0
383,PAYMENT,827.92,C4289449204,354.84,0.0,M777642710,459.26,1287.18,0,0
68,CASH_OUT,23520.03,C4059789417,520.53,0.0,M109197900,79.37,23599.4,0,0
214,CASH_IN,686.83,C1983109333,2828.78,2141.95,C6851377060,64.56,751.39,0,0
655,CASH_IN,49.79,C5565166024,198974.76,198924.97,C7926495740,782.98,832.77,0,0
376,PAYMENT,1027.18,C4212018805,23046.13,22018.95,M709020866,6663.08,7690.26,0,0
213,PAYMENT,4989.27,C6509130445,62.31,0.0,M866759599,47.35,5036.62,0,0
79,PAYMENT,12297.23,C4512741682,81.19,0.0,M644380387,500.06,12797.29,0,0
726,TRANSFER,325.77,C8525796243,9.35,0.0,C2292682448,36.47,362.24,0,0
628,CASH_OUT,270.65,C4710314738,2373.61,2102.96,M294018057,1207.41,1478.06,0,0
604,TRANSFER,23.98,C6201534378,717.77,693.79,C5009569851,213199.59,213223.57,0,0
381,TRANSFER,120.7,C5043070561,5262.91,5142.21,C9822832413,1757.33,1878.03,0,0
680,PAYMENT,958.75,C9388726561,313.41,0.0,M389844343,1069.26,2028.01,0,0
58,PAYMENT,19.15,C4666828969,406.98,387.83,M340761115,1196.8,1215.95,0,0
26,PAYMENT,24224.13,C4518314050,29.07,0.0,M409492886,585.77,24809.9,0,0
447,CASH_OUT,197.68,C2136510051,17298.49,17100.81,M214752816,194.05,391.73,0,0
66,CASH_OUT,513.23,C2748479724,243.5,0.0,M759370184,15.16,528.39,0,0
254,CASH_IN,799.74,C1507516619,135.77,0.0,C8659222383,404.35,1204.09,0,0
44,PAYMENT,3859.49,C6090352058,12288.62,8429.13,M977396347,327.43,4186.92,0,0
97,CASH_OUT,687.75,C7809670923,27.4,0.0,M369466960,294.08,981.83,0,0
554,CASH_OUT,47.65,C6453541241,4333.96,4286.31,M332940449,724.3,771.95,0,0
227,TRANSFER,937.87,C1511519101,160.72,0.0,C6214323503,1613.23,2551.1,0,0
679,PAYMENT,3843.31,C8905479301,820.73,0.0,M767315703,1129.59,4972.9,0,0
436,CASH_IN,67.4,C3970250382,8.7,0.0,C2570915223,205.61,273.01,0,0
601,CASH_OUT,1998.33,C5050532409,4646.17,2647.84,M919781005,1128.46,3126.79,0,0
379,PAYMENT,670.82,C1354648984,184438.83,183768.01,M536485450,55.47,726.29,0,0
178,CASH_OUT,487.99,C1171662780,46.64,0.0,M530476903,7.15,495.14,0,0
427,PAYMENT,112.17,C9837258787,19682.84,19570.67,M292401752,109.03,221.2,0,0
709,PAYMENT,258.66,C8096626439,974.31,715.65,M229331997,409.35,668.01,0,0
307,CASH_OUT,969.85,C1767054343,4173.5,3203.65,M328218327,5.41,975.26,0,0
504,PAYMENT,172.72,C3818802607,57.39,0.0,M498371745,517.16,689.88,0,0
268,PAYMENT,56.91,C7259380490,83.09,26.18,M854681494,627.81,684.72,0,0
586,PAYMENT,52.44,C8827051932,1364.64,1312.2,M845005902,3156.55,3208.99,0,0
8,CASH_IN,707.57,C5883943890,638.39,0.0,C7996159848,980.58,1688.15,0,0
508,CASH_OUT,1073.35,C1348476430,1591.89,518.54,M645302903,14.85,1088.2,0,0
476,PAYMENT,352.35,C3181254684,28.25,0.0,M452588717,857.42,1209.77,0,0
297,TRANSFER,15218.17,C9306403182,5044.53,0.0,C8038127669,435.39,15653.56,0,0
164,CASH_IN,13.45,C4224725733,2895.44,2881.99,C5685249258,1149.64,1163.09,0,0
485,TRANSFER,862.14,C4710653907,17409.24,16547.1,C3083943225,5691.25,,0,0
597,PAYMENT,10.16,C9831675092,2419.42,2409.26,M128004245,69.59,79.75,0,0
72,CASH_IN,327.79,C5283720560,308426.39,308098.6,C3254510849,190.89,518.68,0,0
567,PAYMENT,665.2,C2993563088,165865.66,165200.46,M783676976,381.74,1046.94,0,0
559,CASH_OUT,283.43,C8469978813,1144.86,861.43,M287870626,127.37,410.8,0,0
238,CASH_IN,8.13,C7597570264,1037.21,1029.08,C4004432168,3.16,11.29,0,0
104,PAYMENT,333.54,C6363837420,137.66,0.0,M821502791,3422.73,3756.27,0,0
210,CASH_OUT,405.79,C1372432484,36.97,0.0,M575415708,2.09,407.88,0,0
554,CASH_OUT,2428.34,C1705527239,620.4,0.0,M361240648,839.08,3267.42,0,0
468,CASH_IN,23.24,C8783552395,219.24,196.0,C1443346563,16.43,39.67,0,0
454,CASH_OUT,7200.65,C4231432750,153.92,0.0,M261418946,32.31,7232.96,0,0
268,CASH_OUT,2.62,C7173319748,2639.83,2637.21,M750137970,1912.64,1915.26,0,0
386,PAYMENT,30.2,C5024792405,21.33,0.0,M780338282,9162.2,9192.4,0,0
387,CASH_OUT,573.8,C6379288005,57.04,0.0,M113231619,896.8,1470.6,0,0
259,TRANSFER,750.93,C7071364785,7.93,0.0,C9618177828,207.74,958.67,0,0
283,PAYMENT,8299.17,C1918683408,37.29,0.0,M183682413,265.98,8565.15,0,0
626,PAYMENT,593.78,C4397991504,242.32,0.0,M443253369,9490.7,10084.48,0,0
40,TRANSFER,329.28,C9596605222,8268.38,7939.1,C5871290318,7653.86,7983.14,0,0
486,PAYMENT,981.3,C2474361502,137584.85,136603.55,M411105935,1420.18,2401.48,0,0
220,PAYMENT,3.73,C9286494777,14.61,10.88,M415145051,7759.82,7763.55,0,0
129,CASH_IN,53.77,C4267473682,9825.74,9771.97,C4098035227,125.27,179.04,0,0
520,PAYMENT,38.45,C7018473158,98.67,60.22,M382113658,2299.45,2337.9,0,0
613,CASH_OUT,2707.75,C9283825486,1649.73,0.0,M390826299,16.51,2724.26,0,0
688,CASH_IN,5431.74,C9163887597,4637.71,0.0,C3213291885,114.95,5546.69,0,0
619,CASH_IN,16813.4,C5520812660,36820.06,20006.66,C6314230300,151.13,16964.53,0,0
613,CASH_IN,1260.3,C8920800888,437928.52,436668.22,C3058149392,7238.64,8498.94,0,0
260,TRANSFER,2401.91,C4103219072,14862.12,12460.21,C9995678987,239.35,2641.26,0,0
366,CASH_IN,486.81,C2587958904,334.46,0.0,C9354032906,4362.74,4849.55,0,0
544,CASH_IN,148.62,C2177063680,23.42,0.0,C9934989928,96.07,244.69,0,0
649,CASH_IN,46.56,C5083659200,1960.57,1914.01,C6104255590,2616.64,2663.2,0,0
524,CASH_OUT,38.92,C1911720342,5512.08,0.0,M396534429,1552.72,1552.72,1,0
16,PAYMENT,25.99,C4508052654,61.13,35.14,M614728977,1.62,27.61,0,0
129,CASH_IN,1741.01,C6999231731,7626.28,5885.27,C5964064190,4928.89,6669.9,0,0
575,PAYMENT,177.71,C4193697046,376.26,198.55,M538346382,105.17,282.88,0,0
109,CASH_OUT,94.91,C4405069376,64.96,0.0,M842503729,18.53,113.44,0,0
533,CASH_OUT,7.0,C6908320928,1543.91,1536.91,M833812916,44.93,51.93,0,0
670,CASH_OUT,64.95,C8322815833,114.84,49.89,M997967331,99.93,164.88,0,0
269,PAYMENT,227.19,C7092180696,60.92,0.0,M775071574,49.82,277.01,0,0
162,CASH_IN,18.67,C6054839960,2247.65,2228.98,C1832797500,44.34,63.01,0,0
260,TRANSFER,82453.67,C5922236690,3097.33,0.0,C2489522327,217.83,82671.5,0,0
102,CASH_IN,27.64,C7707043976,439.95,412.31,C1454231905,1182.18,1209.82,0,0
506,CASH_IN,4044.75,C6150952337,2179.3,0.0,C5065711996,7275.39,11320.14,0,0
735,PAYMENT,317.02,C6483436348,19037.08,18720.06,M188513678,22080.18,22397.2,0,0
571,PAYMENT,129.94,C5667769076,8781.52,8651.58,M485927361,102435.46,102565.4,0,0
247,PAYMENT,244.97,C9513380360,139.03,0.0,M443001726,877.79,1122.76,0,0
640,PAYMENT,414.93,C2688125716,1175.98,761.05,M853869158,277.77,692.7,0,0
537,CASH_OUT,634.62,C3127580244,191.05,0.0,M521898494,2434.11,3068.73,0,0
131,PAYMENT,56.61,C3728244797,33.08,0.0,M393213169,23.14,79.75,0,0
353,PAYMENT,1234.77,C6603429436,5468.17,4233.4,M266386542,227.93,1462.7,0,0
196,PAYMENT,230.76,C1258614770,13449.72,13218.96,M185836222,1094.75,1325.51,0,0
666,TRANSFER,28.15,C5039455653,335.2,307.05,C6758901666,38.91,67.06,0,0
382,PAYMENT,171.46,C2116017125,1972.5,1801.04,M300240279,4733.44,4904.9,0,0
645,CASH_OUT,6900.72,C3959355283,52467.52,45566.8,M288446278,1305.17,8205.89,0,0
227,PAYMENT,625.69,C4373847993,14221.01,13595.32,M913597552,158.96,784.65,0,0
701,PAYMENT,407.13,C3260424087,253.21,0.0,M867722471,1111.24,1518.37,0,0
476,CASH_OUT,182.11,C4338313348,898.65,716.54,M532261202,233.8,415.91,0,0
477,CASH_OUT,213.11,C7557301398,186.74,0.0,M195420036,5.16,218.27,0,0
265,PAYMENT,626.54,C6657533405,1944.94,1318.4,M352479654,6277.82,6904.36,0,0
372,TRANSFER,237.23,C7399458674,1213.38,976.15,C7411785281,340.18,577.41,0,0
486,PAYMENT,1000.47,C2217563466,61.42,0.0,M954385831,825.89,1826.36,0,0
434,CASH_IN,770.1,C1681795243,350.77,0.0,C8238440958,2050.09,2820.19,0,0
646,CASH_IN,37.12,C7147744951,6.28,0.0,C7801485649,4.29,41.41,0,0
211,CASH_OUT,1159.5,C2097498030,81.68,0.0,M971137752,288.62,1448.12,0,0
572,CASH_IN,59.79,C2553999349,3077.42,3017.63,C8321072079,67.32,127.11,0,0
377,PAYMENT,55.07,C4254395564,1568.98,1513.91,M364544974,13265.62,13320.69,0,0
395,CASH_OUT,383.55,C1353361093,11697.18,11313.63,M465521611,356.04,739.59,0,0
450,PAYMENT,676.15,C7656186277,1251.15,575.0,M947392095,279.7,955.85,0,0
364,CASH_IN,1380.02,C1899704546,671.54,0.0,C9895112064,143.78,1523.8,0,0
457,CASH_OUT,5.41,C5083151269,114091.89,114086.48,M532885559,20285.31,20290.72,0,0
725,TRANSFER,1955.68,C3816799842,469.57,0.0,C2715596011,67.04,2022.72,0,0
728,CASH_IN,920.87,C9752734016,418.67,0.0,C1009683756,31.52,952.39,0,0
226,TRANSFER,94.42,C2323752282,1241.43,1147.01,C3600459182,51.8,146.22,0,0
131,CASH_OUT,251.48,C9329527597,156.88,0.0,M369740342,83.63,335.11,0,0
588,TRANSFER,599.56,C4186317757,2085.23,1485.67,C9297586708,365.52,965.08,0,0
476,PAYMENT,1.0,C3971838112,179.3,178.3,M264964365,2241.43,2242.43,0,0
277,CASH_OUT,33.05,C1513584429,373.05,340.0,M929384849,51.62,84.67,0,0
156,CASH_IN,4115.64,C2947748224,170.16,0.0,C2626511605,16189.82,20305.46,0,0
218,CASH_IN,120.93,C2679376914,12.88,0.0,C6478812151,882.91,1003.84,0,0
190,PAYMENT,339.73,C1671695357,2.61,0.0,M233309286,10.94,350.67,0,0
417,PAYMENT,319.48,C5479562280,31.2,0.0,M239221524,3.32,322.8,0,0
675,CASH_OUT,1684.64,C9031198956,19010.05,17325.41,M312272087,421.3,2105.94,0,0
692,PAYMENT,178.88,C8456774465,1323.26,1144.38,M130282777,75.19,254.07,0,0
546,PAYMENT,211.81,C9311841318,330.18,118.37,M804562989,44.5,256.31,0,0
41,PAYMENT,590.61,C2049735115,81.53,0.0,M570406643,87.83,678.44,0,0
307,PAYMENT,2193.6,C9551957360,25659.19,23465.59,M313330278,89.89,2283.49,0,0
338,TRANSFER,4130.57,C1124647956,220.48,0.0,C6518609832,748.08,4878.65,0,0
314,PAYMENT,213.16,C2606255196,132.59,0.0,M333709803,,1497.18,0,0
75,CASH_IN,151.14,C7167727079,9.68,0.0,C4863642726,315.05,466.19,0,0
279,TRANSFER,301.11,C8824710283,4.15,0.0,C5246792660,707.98,1009.09,0,0
176,PAYMENT,5826.0,C5353994791,3475.38,0.0,M377089521,33.13,5859.13,0,0
662,CASH_OUT,1913.3,C7866018622,74296.43,72383.13,M592166141,174.29,2087.59,0,0
273,CASH_OUT,154.54,C4833596780,2300.83,2146.29,M915808401,639.49,794.03,0,0
620,CASH_IN,15.99,C5929020681,2225.91,2209.92,C7298530881,429.19,445.18,0,0
651,CASH_OUT,3692.05,C1496384906,97834.86,94142.81,M674061796,2640.75,,0,0
289,PAYMENT,4621.62,C8290356995,3835.73,0.0,M466865059,485.16,5106.78,0,0
724,CASH_OUT,43.74,C4667743057,1075.6,1031.86,M976876357,2.44,46.18,0,0
272,CASH_OUT,165.6,C4963279876,4441.39,4275.79,M630218402,94.39,259.99,0,0
66,PAYMENT,2328.65,C2709804036,10479.89,8151.24,M841233895,21500.62,23829.27,0,0
483,TRANSFER,872.71,C5718095727,3919.45,3046.74,C8178948023,84.69,957.4,0,0
248,PAYMENT,7.47,C1678692794,325.7,318.23,M149400789,233.43,240.9,0,0
156,TRANSFER,42.26,C8658087075,3029.85,2987.59,C3672688479,1.88,44.14,0,0
47,TRANSFER,1291.09,C9715843611,193.95,0.0,C9249769285,28.67,1319.76,0,0
454,CASH_OUT,664.09,C3181944274,1014.81,350.72,M806992588,66.54,730.63,0,0
201,CASH_OUT,1528.47,C6556416712,2960.62,1432.15,M765785315,49239.55,50768.02,0,0
660,CASH_IN,1922.02,C2712967911,108774.17,106852.15,C5196901761,397.92,2319.94,0,0
124,CASH_IN,654.2,C7538037175,3283.62,2629.42,C3338043731,260.85,915.05,0,0
1,PAYMENT,935.2,C3076816276,1142.56,207.36,M478116909,176.51,1111.71,0,0
640,DEBIT,129.13,C5642993256,402.96,273.83,M583132302,15.23,144.36,0,0
191,CASH_OUT,506.99,C9718603951,254.67,0.0,M863671527,5729.74,6236.73,0,0
579,CASH_OUT,755.16,C8975459693,417.02,0.0,M905345097,5.09,760.25,0,0
516,PAYMENT,12233.26,C9732351096,1212.59,0.0,M512724709,281.17,12514.43,0,0
442,PAYMENT,77.54,C8581541896,10824.65,10747.11,M507674366,1.9,79.44,0,0
143,CASH_OUT,1715.9,C7664173060,45.34,0.0,M523783642,92.33,1808.23,0,0
191,PAYMENT,320.18,C3348533628,7444.82,7124.64,M612004240,1.21,321.39,0,0
533,CASH_OUT,1788.95,C5560276978,266.9,0.0,M499656973,53.8,1842.75,0,0
227,PAYMENT,317.12,C7167399608,190.07,0.0,M460848106,3811.67,4128.79,0,0
313,CASH_IN,4250.58,C9801170189,3931.44,0.0,C7354450503,10.17,4260.75,0,0
629,CASH_IN,91.37,C3527189560,429.36,337.99,C3261736640,88.94,180.31,0,0
302,CASH_IN,536.16,C6539472760,3608.61,3072.45,C2632410677,3603.11,4139.27,0,0
654,PAYMENT,971.4,C4535563606,2893.59,1922.19,M444726728,90671.7,91643.1,0,0
460,PAYMENT,103.27,C7742864385,8221.18,8117.91,M733038599,719.78,823.05,0,0
401,CASH_OUT,741.96,C9397186352,29614.01,28872.05,M736526979,123.0,864.96,0,0
551,CASH_OUT,3022.51,C8884446259,14.88,0.0,M969406420,182.75,3205.26,0,0
393,CASH_OUT,352.75,C2701348350,1828.22,1475.47,M572150904,69.51,422.26,0,0
207,CASH_IN,1809.8,C2759890661,172.53,0.0,C2690468200,226.78,2036.58,0,0
210,TRANSFER,104.73,C4665033816,3118.42,3013.69,C8397722152,660291.74,660396.47,0,0
115,PAYMENT,45.02,C9349302209,32.66,0.0,M706481960,4342.67,4387.69,0,0
737,CASH_IN,1621.25,C8014606286,1245.83,0.0,C9025231574,1775.5,3396.75,0,0
646,CASH_OUT,131.85,C6887827012,9.92,0.0,M337490933,990.95,1122.8,0,0
251,PAYMENT,14.11,C7815667997,1222.5,1208.39,M769476467,531.61,545.72,0,0
219,CASH_IN,88.19,C8516151940,1112.06,1023.87,C7521798850,554.74,642.93,0,0
407,PAYMENT,5973.91,C5567298243,204.1,0.0,M529207306,23883.84,29857.75,0,0
443,CASH_OUT,3362.81,C9002325171,409.65,0.0,M973953307,577.32,3940.13,0,0
603,CASH_IN,42.91,C9017320674,435.02,392.11,C9853418184,232.65,275.56,0,0
354,CASH_IN,21.69,C2208679706,22.78,1.09,C9165195248,29.64,51.33,0,0
558,CASH_IN,177.95,C6788602410,42.9,0.0,C1767153064,570.11,748.06,0,0
550,CASH_IN,3232.2,C7066730213,1755.25,0.0,C2790605258,89.4,3321.6,0,0
142,DEBIT,272.74,C7099877169,15841.13,15568.39,M585619976,262.11,534.85,0,0
612,CASH_OUT,277.32,C6167375548,7839.02,7561.7,M996811244,36.65,313.97,0,0
501,CASH_OUT,118.12,C4040029412,6.87,0.0,M951186540,473.45,591.57,0,0
702,CASH_OUT,234.38,C9555151712,24344.1,24109.72,M253912971,77.83,312.21,0,0
547,CASH_OUT,2196.93,C1606639254,28354.66,26157.73,M638438870,16.85,2213.78,0,0
659,PAYMENT,478.43,C5783469766,169.44,0.0,M550980122,9471.54,9949.97,0,0
542,PAYMENT,269.42,C3625562681,177.8,0.0,M828195803,10.7,280.12,0,0
507,PAYMENT,1482.34,C2967270219,300.61,0.0,M124628638,56.95,1539.29,0,0
596,CASH_OUT,465.53,C2374326418,2513.32,2047.79,M375251263,1038.8,1504.33,0,0
281,CASH_IN,2698.53,C4670728257,513.56,0.0,C2063648453,,7613.38,0,0
424,CASH_OUT,103.54,C4493499499,2900.93,2797.39,M306858308,375.09,478.63,0,0
270,CASH_OUT,695.16,C2682055308,42.28,0.0,M273157950,296.67,991.83,0,0
154,CASH_IN,2380.68,C1995357338,75.23,0.0,C9636475746,15.17,2395.85,0,0
614,CASH_IN,9015.86,C2993704667,122.86,0.0,C8695172142,71.94,9087.8,0,0
727,PAYMENT,45.27,C9800515435,142.29,97.02,M220691155,5.86,51.13,0,0
662,CASH_OUT,285.02,C2823141896,3192.13,2907.11,M547452888,261.92,546.94,0,0
83,PAYMENT,29.02,C3418946603,2027.16,1998.14,M365326943,1340.09,1369.11,0,0
622,CASH_OUT,58.0,C2377405668,5686.6,5628.6,M711805811,1063.36,1121.36,0,0
426,CASH_OUT,418.65,C9958692302,16385.16,15966.51,M819847032,4.83,423.48,0,0
275,PAYMENT,7.0,C3352773608,2939.24,2932.24,M174580674,1895.05,1902.05,0,0
713,CASH_OUT,933.25,C5220384301,12.74,0.0,M195537517,10117.18,11050.43,0,0
284,CASH_OUT,1229.48,C6786495226,385.82,0.0,M987547325,157.26,1386.74,0,0
173,PAYMENT,346.25,C4533145064,540.62,194.37,M572179062,20741.79,21088.04,0,0
327,TRANSFER,75.13,C1009263899,2089.44,2014.31,C3065755008,130.2,205.33,0,0
718,TRANSFER,247.69,C8018720980,103.66,0.0,C9152112371,8.4,256.09,0,0
63,PAYMENT,27812.91,C6497817634,44353.92,16541.01,M943038604,277.48,28090.39,0,0
73,CASH_OUT,142.49,C5797694376,402.07,259.58,M408449385,190.11,332.6,0,0
636,CASH_OUT,83.45,C9909509946,479.64,396.19,M885103444,5660.96,5744.41,0,0
375,CASH_OUT,3.96,C7627280743,672.55,668.59,M751799489,33.35,37.31,0,0
633,PAYMENT,3254.41,C5781073337,302.26,0.0,M593190103,1085.09,4339.5,0,0
508,PAYMENT,33.77,C2212372199,14.32,0.0,M914885570,5.46,39.23,0,0
398,PAYMENT,481.27,C9251690397,24409.08,23927.81,M520213553,102.8,584.07,0,0
120,PAYMENT,27264.97,C5794405593,224.35,0.0,M678212429,156.08,27421.05,0,0
437,CASH_OUT,844.41,C5854553561,5295.38,4450.97,M319846686,114.12,958.53,0,0
676,PAYMENT,825.82,C3049754415,378.63,0.0,M406430429,8.07,833.89,0,0
465,CASH_OUT,210.28,C9993239172,227.51,17.23,M182406024,103.32,313.6,0,0
286,PAYMENT,755.68,C5621065721,48.79,0.0,M206093120,434.8,1190.48,0,0
265,PAYMENT,469.35,C7754916867,12.76,0.0,M838473061,5758.43,6227.78,0,0
320,PAYMENT,1188.75,C3859677824,360.2,0.0,M273375470,59.5,1248.25,0,0
673,PAYMENT,3.21,C1834575824,324.0,320.79,M281503260,31.54,34.75,0,0
376,PAYMENT,861.79,C7545740316,39757.62,38895.83,M993315288,115828.28,116690.07,0,0
89,CASH_OUT,960.0,C9469221982,1312.19,352.19,M291056779,1.97,961.97,0,0
654,CASH_OUT,65819.96,C2971766844,19031.5,0.0,M265336097,59.82,65879.78,0,0
203,PAYMENT,399.99,C4684441330,25.67,0.0,M366517653,28.7,428.69,0,0
739,CASH_OUT,628.47,C5047063128,1248.4,619.93,M242656235,6.04,634.51,0,0
334,PAYMENT,891.28,C4718666018,4344.92,3453.64,M593753275,320.45,,0,0
222,CASH_IN,942.95,C3746000964,1451.89,508.94,C7177544249,6170.52,7113.47,0,0
41,TRANSFER,34.22,C9751860363,1596.2,1561.98,C7621543429,5447.05,5481.27,0,0
708,TRANSFER,2073.09,C8933143281,587.81,0.0,C2092112186,1687.79,3760.88,0,0
68,CASH_OUT,64.41,C5261418507,55.38,0.0,M358364918,7907.08,7971.49,0,0
514,DEBIT,909.87,C1760933992,36.01,0.0,M974008281,222.1,1131.97,0,0
637,PAYMENT,72.37,C1709213823,6416.82,6344.45,M246638261,405.5,477.87,0,0
622,PAYMENT,258.55,C3718898220,210.28,0.0,M213367109,739.76,998.31,0,0
598,CASH_OUT,157.46,C6116921105,377.72,220.26,M949104554,9635.67,9793.13,0,0
632,CASH_IN,245.19,C5200226652,210.18,0.0,C2454143749,147.06,392.25,0,0
127,CASH_OUT,341.7,C2430780245,117.5,0.0,M340852032,8065.48,8407.18,0,0
255,CASH_IN,849.48,C6997342275,28.32,0.0,C9342210668,20895.68,21745.16,0,0
695,CASH_OUT,332.84,C2128996211,51026.85,50694.01,M153775305,883.51,1216.35,0,0
16,PAYMENT,2319.33,C6739157369,6.71,0.0,M735978384,3057.19,5376.52,0,0
477,PAYMENT,138.78,C5843376533,6122.13,5983.35,M539167468,21.12,159.9,0,0
62,CASH_OUT,952.82,C3916219032,16683.56,15730.74,M204219975,1677.13,2629.95,0,0
432,CASH_OUT,76.33,C7481191296,1561.85,1485.52,M868446577,1661.62,1737.95,0,0
670,PAYMENT,14260.38,C7931349070,708.07,0.0,M137815123,769.05,15029.43,0,0
268,CASH_OUT,960.96,C3806610640,1963.13,1002.17,M384374512,3573.7,4534.66,0,0
35,PAYMENT,100.05,C8097316271,404.34,304.29,M855218368,609.62,709.67,0,0
576,PAYMENT,12952.57,C9938420338,12791.81,0.0,M119053492,175.78,13128.35,0,0
494,CASH_IN,1137.96,C2719160114,18011.67,16873.71,C6030351722,301.46,1439.42,0,0
562,PAYMENT,100.77,C3618869404,4255.19,4154.42,M382192114,325.52,426.29,0,0
469,CASH_OUT,310.29,C8784263248,17.69,0.0,M799223361,393.97,704.26,0,0
661,CASH_OUT,41.43,C7558200653,5929.81,5888.38,M326177549,161.08,202.51,0,0
325,CASH_OUT,41.41,C7516181435,27135.46,27094.05,M761681239,144.86,186.27,0,0
304,TRANSFER,4522.53,C6293916852,5016.88,494.35,C4437053038,1993.82,6516.35,0,0
276,CASH_IN,66.89,C8713897827,12871.84,12804.95,C4398424393,454.94,521.83,0,0
684,PAYMENT,27.8,C4442777767,177.09,149.29,M337376807,22.21,50.01,0,0
201,CASH_OUT,1438.68,C5234387739,335.17,0.0,M477953833,1648.25,3086.93,0,0
445,CASH_IN,11152.9,C5444358078,29021.22,17868.32,C9148083482,42.01,11194.91,0,0
324,CASH_IN,4082.94,C4517659432,5792.8,1709.86,C5585717253,44982.83,49065.77,0,0
35,CASH_IN,39428.91,C4654046600,591.08,0.0,C8741047197,32.28,39461.19,0,0
482,CASH_IN,51183.85,C5885779792,555.67,0.0,C4050553575,49820.9,101004.75,0,0
728,PAYMENT,66.64,C9245678991,1151.14,1084.5,M124567072,1262.66,1329.3,0,0
480,CASH_OUT,216.41,C9188111305,520.37,303.96,M724330646,140.22,356.63,0,0
65,PAYMENT,17.44,C3699277476,1112.19,1094.75,M120097269,56.93,74.37,0,0
8,PAYMENT,39.42,C5935390081,2836704.7,2836665.28,M361160724,1768.46,1807.88,0,0
301,PAYMENT,3445.59,C1218481299,188.79,0.0,M659812210,162.02,3607.61,0,0
343,PAYMENT,701.85,C5732883611,12.38,0.0,M182964032,64.73,766.58,0,0
431,CASH_OUT,7427.49,C8120332735,209.25,0.0,M602840039,84.58,7512.07,0,0
424,PAYMENT,71.46,C3003603510,4385.02,4313.56,M626874990,378.98,450.44,0,0
332,PAYMENT,134.64,C2185216993,4937.36,4802.72,M913548706,484.66,619.3,0,0
438,CASH_OUT,1322.34,C2411091106,74.5,0.0,M743537837,8313.45,9635.79,0,0
588,PAYMENT,3338.54,C8062219863,427.7,0.0,M828691350,222.68,3561.22,0,0
174,CASH_IN,15.33,C9899887479,9551.72,9536.39,C5959052385,1686.3,1701.63,0,0
559,CASH_IN,249.4,C6398565272,838.22,588.82,C7752828378,137.74,387.14,0,0
527,PAYMENT,896.66,C5145065736,84.76,0.0,M965358943,40.81,937.47,0,0
659,PAYMENT,1931.34,C1818350711,143.4,0.0,M245220530,67.94,1999.28,0,0
26,CASH_OUT,2868.09,C2250489133,37048.97,34180.88,M761235346,0.15,2868.24,0,0
605,PAYMENT,347.54,C6609340775,352.8,5.26,M189151697,428.56,776.1,0,0
406,PAYMENT,34.09,C6626737526,1251.01,1216.92,M631595006,137.44,171.53,0,0
232,PAYMENT,8.58,C5294430878,20.15,11.57,M111863804,228.65,237.23,0,0
533,CASH_IN,280.19,C1945149799,606.34,326.15,C6737216711,100.79,380.98,0,0
550,PAYMENT,226.41,C3917741695,1276900.37,1276673.96,M371029872,451.59,678.0,0,0
505,CASH_OUT,82.1,C9844530908,96127.79,96045.69,M494007778,12328.33,12410.43,0,0
669,CASH_OUT,2407.13,C5589239471,2070.38,0.0,M127437487,2061.49,4468.62,0,0
179,PAYMENT,40.64,C7272566399,62190.48,62149.84,M135763056,45.28,85.92,0,0
132,PAYMENT,107.34,C2447783396,4957.24,4849.9,M506549347,16000.5,16107.84,0,0
455,CASH_IN,4161.37,C9442974792,367593.09,363431.72,C4976853168,187827.88,191989.25,0,0
348,PAYMENT,85.63,C2749719391,5811.56,5725.93,M493583515,369.33,454.96,0,0
540,PAYMENT,769.95,C1419168984,31255.9,30485.95,M773351395,314.23,1084.18,0,0
406,PAYMENT,395.76,C4804987149,5.57,0.0,M215656549,3209.83,3605.59,0,0
76,PAYMENT,656.16,C4461147098,2879.18,2223.02,M199393589,2088.14,2744.3,0,0
579,PAYMENT,2352.16,C3243720996,236.72,0.0,M313660659,140.34,2492.5,0,0
492,PAYMENT,773.23,C6082564981,4458.7,3685.47,M904081382,113.55,886.78,0,0
194,PAYMENT,25.2,C2829440972,4050.89,4025.69,M688470823,133.46,158.66,0,0
162,CASH_OUT,35.35,C7403101671,34868.33,34832.98,M607458225,9333.53,9368.88,0,0
347,CASH_IN,727.52,C2813477388,14942.74,14215.22,C2018989316,168.26,895.78,0,0
361,CASH_OUT,64.14,C2537732799,32.35,0.0,M818401573,401.24,465.38,0,0
584,CASH_OUT,2725.94,C2275664069,10.73,0.0,M932649904,4808.31,7534.25,0,0
87,CASH_OUT,748.66,C6157140077,656.73,0.0,M836146766,9555.0,10303.66,0,0
262,CASH_OUT,13.05,C1145590345,7167.72,7154.67,M955908803,41.9,54.95,0,0
214,PAYMENT,17644.26,C9491794450,5353.06,0.0,M512285238,18.52,17662.78,0,0
665,CASH_OUT,193.93,C2100585052,1297.18,1103.25,M765175269,939.83,1133.76,0,0
722,CASH_OUT,265.45,C3189723861,5092.19,4826.74,M310359710,514.84,780.29,0,0
573,PAYMENT,939.26,C6164609869,8569.0,7629.74,M823203741,2712.09,3651.35,0,0
262,PAYMENT,339.25,C3303274737,1300.62,961.37,M165874502,11.16,350.41,0,0
730,CASH_OUT,2760.81,C5150080692,5188.33,2427.52,M634527357,175.76,2936.57,0,0
283,PAYMENT,52.67,C7276900224,6470.31,6417.64,M783096888,686.03,738.7,0,0
648,CASH_IN,4000.36,C7241929450,1005.04,0.0,C1436306204,35.08,4035.44,0,0
467,TRANSFER,1574.97,C7097201606,44284.71,42709.74,C8545198802,1383.25,2958.22,0,0
380,PAYMENT,85.73,C6757711776,54.81,0.0,M994918933,8223.83,8309.56,0,0
362,CASH_OUT,667.35,C8867882803,67920.61,67253.26,M567518960,36.68,704.03,0,0
449,CASH_IN,4556.75,C7586286687,14954.79,10398.04,C1134048898,2950.46,7507.21,0,0
441,PAYMENT,1144.95,C6754368021,242366.01,241221.06,M877479736,303.94,1448.89,0,0
93,CASH_OUT,541.74,C2998744540,24.58,0.0,M746263325,87.52,629.26,0,0
621,CASH_IN,1400.94,C5483633609,455.68,0.0,C4372486671,128.73,1529.67,0,0
424,PAYMENT,1657.86,C9110579155,3661.57,2003.71,M426446578,3975.52,5633.38,0,0
142,TRANSFER,146.71,C6652403884,2090.96,1944.25,C5838881512,139.97,286.68,0,0
291,CASH_IN,551.98,C2654929506,372.43,0.0,C9816358190,154.34,706.32,0,0
432,PAYMENT,2202.47,C4152725027,2362.11,159.64,M264622171,5188.45,7390.92,0,0
689,CASH_IN,526.29,C9187371949,24703.49,24177.2,C3251915930,2953.48,3479.77,0,0
653,PAYMENT,96.06,C2762860003,1560.02,1463.96,M532176812,127.92,223.98,0,0
701,PAYMENT,706.44,C4988262776,36.16,0.0,M370212165,41733.19,42439.63,0,0
49,CASH_IN,184.76,C6757753972,186648.52,186463.76,C9476317374,3651.3,3836.06,0,0
302,PAYMENT,1292.64,C8511159869,99.77,0.0,M475809553,19096.29,20388.93,0,0
190,CASH_IN,7000.93,C6330863127,52.19,0.0,C8561416789,33910.48,40911.41,0,0
136,CASH_IN,1562.92,C3880414112,178.8,0.0,C3841095447,97.26,1660.18,0,0
555,TRANSFER,77.68,C6482282938,235.81,158.13,C4715856390,73.88,151.56,0,0
404,CASH_IN,737.58,C3898648713,2184.35,1446.77,C4226345611,4.29,741.87,0,0
602,PAYMENT,2.32,C2723136981,747773.72,747771.4,M794765264,16146.91,16149.23,0,0
341,CASH_OUT,330.54,C1784586101,117.03,0.0,M444176483,6.65,337.19,0,0
704,CASH_IN,2644.91,C6392050037,16910.99,14266.08,C3782087827,802.07,3446.98,0,0
318,CASH_OUT,901.81,C4033268095,144010.23,143108.42,M324148660,22.87,924.68,0,0
618,CASH_OUT,502.77,C7430793685,380.16,0.0,M358439729,301.52,804.29,0,0
363,CASH_OUT,28556.13,C2602757146,854.82,0.0,M857118478,388.0,28944.13,0,0
382,CASH_IN,13.33,C4868025278,2353.26,2339.93,C4998834575,36022.93,36036.26,0,0
233,CASH_IN,20.87,C4035599882,350.35,329.48,C9836723691,2014.29,2035.16,0,0
344,PAYMENT,1058.05,C3124517711,11.7,0.0,M285661062,622272.77,623330.82,0,0
549,PAYMENT,2431.31,C5001980497,32229.99,29798.68,M759508543,675.62,3106.93,0,0
553,PAYMENT,2637.79,C2353419033,1628.36,0.0,M607194587,855.35,3493.14,0,0
529,PAYMENT,128.31,C8708161474,267.53,139.22,M823604574,26.52,154.83,0,0
571,PAYMENT,74.57,C9752974546,983.24,908.67,M666488679,74.51,149.08,0,0
183,PAYMENT,55.54,C4671260964,497.95,442.41,M504287433,11.03,66.57,0,0
41,PAYMENT,768.55,C4791346885,4823.16,4054.61,M600905657,357.71,1126.26,0,0
551,PAYMENT,56.46,C8278436599,115.82,59.36,M989522409,56.83,113.29,0,0
397,PAYMENT,3748.98,C3021149964,426.75,0.0,M240226742,148.0,3896.98,0,0
704,PAYMENT,386.15,C6969408184,1573.68,1187.53,M182269909,16.28,402.43,0,0
494,TRANSFER,98.75,C2004668231,8.01,0.0,C2170190835,56.43,155.18,0,0
659,CASH_OUT,99.55,C2062336886,593.02,493.47,M102986036,428.64,528.19,0,0
333,CASH_OUT,18.84,C7285832289,196.61,177.77,M939671957,2.81,21.65,0,0
127,PAYMENT,82.41,C1366927677,5019.68,4937.27,M428862054,37953.92,38036.33,0,0
558,CASH_OUT,133.54,C2954203515,2033.54,1900.0,M545987924,12060.33,,0,0
557,PAYMENT,912.48,C3631537386,26136.29,25223.81,M179088020,134148.63,135061.11,0,0
1,CASH_OUT,330.83,C7040727707,7.12,0.0,M150381145,34.49,365.32,0,0
168,PAYMENT,72.28,C2587829093,234.56,162.28,M411154281,116.4,188.68,0,0
620,CASH_OUT,34.8,C8589654144,1788.03,1753.23,M674347645,70807.02,70841.82,0,0
19,CASH_IN,251.14,C7369554817,27722.04,27470.9,C9547738953,33398.99,33650.13,0,0
332,PAYMENT,6.65,C2643090246,69.01,62.36,M418312792,125.74,132.39,0,0
584,CASH_OUT,213.64,C8680902851,147.1,0.0,M147683013,21.89,235.53,0,0
456,CASH_IN,3755.99,C2360400016,29335.54,25579.55,C1974295235,42184.89,45940.88,0,0
109,CASH_OUT,270.24,C8968750564,348088.3,347818.06,M529305851,67.92,338.16,0,0
268,CASH_IN,554.82,C3767134667,78029.71,77474.89,C9499968616,2040.81,2595.63,0,0
445,TRANSFER,435.37,C2010550211,79971.45,79536.08,C4724563018,1820.46,2255.83,0,0
240,CASH_OUT,25.27,C4658101214,3222.12,3196.85,M349060300,182.1,207.37,0,0
301,TRANSFER,13561.36,C8445149930,1526.93,0.0,C8805636640,16.66,13578.02,0,0
602,CASH_IN,178.55,C8546468161,127311.78,127133.23,C3375018120,6054.24,6232.79,0,0
103,TRANSFER,400.74,C4332643448,485.46,84.72,C5644461214,14.21,414.95,0,0
250,PAYMENT,108.72,C5804131875,87.72,0.0,M246341059,9.47,118.19,0,0
453,CASH_OUT,3928.96,C7875424697,2227.1,0.0,M140500583,455.49,4384.45,0,0
520,CASH_IN,21.82,C5779767447,445.1,423.28,C6135149356,13.34,35.16,0,0
153,CASH_OUT,5456.68,C2303589153,160.61,0.0,M683878340,1003.79,6460.47,0,0
174,CASH_OUT,219.51,C9894528200,9196.45,8976.94,M869855034,17657.8,17877.31,0,0
343,CASH_OUT,138.79,C3535355915,586.86,448.07,M987854989,5525.32,5664.11,0,0
670,CASH_OUT,114.95,C2047341052,1739.52,1624.57,M126441422,29101.55,29216.5,0,0
431,PAYMENT,15022.39,C4235470536,4242.4,0.0,M469048910,2946.0,17968.39,0,0
727,CASH_IN,16.29,C1141433278,13.29,0.0,C1144986218,187.84,204.13,0,0
689,TRANSFER,138.43,C9544260029,24304.51,24166.08,C8286781069,14.62,153.05,0,0
687,CASH_OUT,30.52,C8054442001,345359.4,345328.88,M763873883,22.11,52.63,0,0
658,TRANSFER,10.75,C1889834704,26948.03,26937.28,C9330637214,2354.74,2365.49,0,0
324,TRANSFER,5489.4,C4788593752,0.14,0.0,C1223848858,2560.42,8049.82,0,0
673,CASH_OUT,382.12,C7758927308,1926.76,1544.64,M528953640,69.19,451.31,0,0
639,PAYMENT,39.58,C1125291771,10.53,0.0,M440207027,248.06,287.64,0,0
420,CASH_IN,2117.89,C9835622253,21682.93,19565.04,C9243831650,2157.76,4275.65,0,0
594,PAYMENT,181.02,C9286230183,21880.06,21699.04,M656978124,131.15,312.17,0,0
485,CASH_IN,110.7,C5876324021,2783.66,2672.96,C3497296892,36308.81,36419.51,0,0
659,CASH_IN,1275.08,C4666803387,1.48,0.0,C4778272839,854.0,2129.08,0,0
412,PAYMENT,173.4,C2418821002,1125.49,952.09,M322377075,2587.64,2761.04,0,0
84,CASH_OUT,58.82,C8478242457,66.52,7.7,M802130643,330.53,389.35,0,0
113,PAYMENT,1621.01,C3505829668,1550.97,0.0,M189223286,1154.37,2775.38,0,0
737,CASH_OUT,304.07,C7726691167,1057.76,753.69,M276758405,9.22,313.29,0,0
332,PAYMENT,1795.09,C2316633224,14861.71,13066.62,M244974413,369.74,2164.83,0,0
378,CASH_IN,180.25,C6297566114,738.48,558.23,C9270206883,59.15,239.4,0,0
655,PAYMENT,3096.56,C1750784335,71790.32,68693.76,M154354635,215402.79,218499.35,0,0
41,DEBIT,414.91,C4602672349,2962.84,2547.93,M610259233,609.54,1024.45,0,0
105,PAYMENT,3356.75,C7479722352,295.06,0.0,M751382799,254.22,3610.97,0,0
202,CASH_IN,3144.16,C2071940867,881.49,0.0,C6281512437,1079.42,4223.58,0,0
450,PAYMENT,4781.47,C2862956000,27416.22,22634.75,M486346956,902.37,5683.84,0,0
266,DEBIT,462.47,C9898663941,38202.29,37739.82,M412627994,405.39,867.86,0,0
210,CASH_IN,867.35,C2549258867,1.37,0.0,C2984618525,,3021.83,0,0
563,CASH_OUT,254.31,C8071727657,55.23,0.0,M484637667,1723.12,1977.43,0,0
118,TRANSFER,66.99,C7898872858,228.57,161.58,C2542827347,495.6,562.59,0,0
713,PAYMENT,22172.2,C2285979753,36894.07,14721.87,M363071230,17869.95,40042.15,0,0
377,CASH_OUT,89.64,C9768737153,25433.96,25344.32,M177240117,7.56,97.2,0,0
551,PAYMENT,2464.48,C1785174797,13512.94,11048.46,M759609562,139.11,2603.59,0,0
540,CASH_IN,1722.66,C6022068560,18743.29,17020.63,C1464453155,149.99,1872.65,0,0
84,PAYMENT,579.47,C7366577585,79377.33,78797.86,M929238150,376.07,955.54,0,0
454,PAYMENT,295.9,C3639381279,4444.21,4148.31,M842856661,197.97,493.87,0,0
667,CASH_IN,301.85,C4777705408,16692.79,16390.94,C3967910026,104.78,406.63,0,0
629,CASH_IN,108.4,C2052385362,3229.37,3120.97,C2587683074,8949.42,9057.82,0,0
514,PAYMENT,487.3,C6093457275,15376.72,14889.42,M299013959,33.62,520.92,0,0
605,CASH_OUT,37.99,C8083179395,326.49,288.5,M212741361,1306.92,1344.91,0,0
678,CASH_OUT,1798.13,C5858610678,125.42,0.0,M650891875,109.39,1907.52,0,0
387,CASH_IN,255.42,C1360268092,211.0,0.0,C7838891960,1043.87,1299.29,0,0
350,CASH_IN,58.91,C8525183494,550.86,491.95,C8219310328,10781.49,10840.4,0,0
296,CASH_OUT,31.41,C9773105989,8424.78,8393.37,M705173233,0.14,31.55,0,0
258,PAYMENT,309.88,C4465970383,67680.11,67370.23,M170100283,50.78,360.66,0,0
81,CASH_OUT,332.21,C4823898146,241.56,0.0,M554522541,51.24,383.45,0,0
268,CASH_IN,143.15,C3073984453,609770.03,609626.88,C3169757502,270.82,413.97,0,0
419,CASH_OUT,1101.92,C3176242854,628.66,0.0,M144276212,3982.85,5084.77,0,0
235,CASH_OUT,809.88,C7237491779,1151.45,341.57,M171563644,40323.55,41133.43,0,0
311,CASH_OUT,451.94,C3016983466,2244.75,1792.81,M482062634,3824.49,4276.43,0,0
357,PAYMENT,63.31,C8964573031,226.46,163.15,M621491543,282.34,345.65,0,0
213,PAYMENT,91.83,C2183087525,314.09,222.26,M202127068,111.27,203.1,0,0
574,CASH_OUT,24.7,C8772984788,512.52,487.82,M981009804,17867.27,17891.97,0,0
49,TRANSFER,275.13,C8483535182,58.19,0.0,C4610126521,9.78,284.91,0,0
127,CASH_OUT,1238.29,C7852427841,141.29,0.0,M728722625,1083.41,2321.7,0,0
223,PAYMENT,35.8,C3915908293,904.04,868.24,M247164064,8061.66,8097.46,0,0
279,TRANSFER,131.33,C9206522123,396.94,265.61,C7476274889,190.96,322.29,0,0
408,PAYMENT,362.93,C4944293894,216.71,0.0,M634769155,886.74,1249.67,0,0
505,PAYMENT,1234.58,C6619024026,14228.27,12993.69,M999935486,14.09,1248.67,0,0
294,CASH_OUT,21.04,C8536008279,13.77,0.0,M281357038,,1415.35,0,0
277,CASH_IN,34193.69,C8387391655,4735.83,0.0,C3340730119,473.96,34667.65,0,0
438,PAYMENT,1817.48,C4192435827,1599.52,0.0,M932980415,,3389.33,0,0
107,CASH_IN,121.74,C9248308170,2226.64,2104.9,C3560814583,132.51,254.25,0,0
658,CASH_OUT,47.43,C4674074305,50.93,3.5,M418469449,25.04,72.47,0,0
420,PAYMENT,711.47,C3766695033,273.76,0.0,M372144660,6362.79,7074.26,0,0
611,CASH_IN,1036.8,C8633704125,2920.06,1883.26,C9848748606,6741.75,7778.55,0,0
429,TRANSFER,55.67,C8239230247,283.8,228.13,C1420181019,1657.65,1713.32,0,0
375,CASH_OUT,43.46,C2539824119,23.54,0.0,M406920785,1081.65,1125.11,0,0
73,CASH_IN,67.57,C5531741077,559.45,491.88,C4057240846,0.98,68.55,0,0
634,CASH_OUT,458.99,C8424450298,680.28,221.29,M371615643,8230.33,8689.32,0,0
30,PAYMENT,470.77,C4832475042,6789.45,6318.68,M862189754,1314.66,1785.43,0,0
188,CASH_OUT,30597.14,C6042648087,18762.49,0.0,M409943579,9562.88,40160.02,0,0
364,PAYMENT,5.31,C8975672426,1548.7,1543.39,M934216999,20.9,26.21,0,0
451,PAYMENT,105.28,C7811097318,3268.54,3163.26,M846896360,2080.78,2186.06,0,0
195,CASH_OUT,140.0,C7712502872,15354.11,15214.11,M790524491,1775.84,1915.84,0,0
156,CASH_OUT,1067.35,C2044978472,685.52,0.0,M787421270,0.08,1067.43,0,0
172,CASH_OUT,1156.72,C5078686117,4246.56,3089.84,M372262045,316.14,1472.86,0,0
41,TRANSFER,270.65,C4107280646,31.53,0.0,C6446135657,397.85,668.5,0,0
63,DEBIT,8281.18,C6512441878,268.71,0.0,M565489420,35.83,8317.01,0,0
23,CASH_IN,43.28,C1521875486,79651.67,79608.39,C8728812115,1320.85,1364.13,0,0
360,CASH_OUT,100.3,C1533861631,14197.94,14097.64,M538692799,712.97,813.27,0,0
75,PAYMENT,29.05,C9305134025,8861.15,8832.1,M232658051,79.66,108.71,0,0
560,CASH_IN,300.9,C3270901574,119.64,0.0,C5626793650,106.6,407.5,0,0
672,TRANSFER,207.8,C9120671807,24.32,0.0,C7877850080,6.23,214.03,0,0
118,PAYMENT,1943.95,C9274909628,99.86,0.0,M976255402,1223.33,3167.28,0,0
612,CASH_IN,16432.15,C3037786421,1419.68,0.0,C5890676670,884.93,17317.08,0,0
380,TRANSFER,7951.39,C5139614216,4137.73,0.0,C2466054439,293.44,8244.83,0,0
679,CASH_IN,34.96,C4331182685,57532.66,57497.7,C9120014058,201.01,235.97,0,0
290,CASH_OUT,448.86,C3144394961,53.93,0.0,M189943012,2584.8,3033.66,0,0
440,CASH_OUT,1898.39,C9080816491,265.91,0.0,M364459722,588.55,2486.94,0,0
668,PAYMENT,1535.95,C7096203467,64975.14,63439.19,M171103587,3149.0,4684.95,0,0
7,PAYMENT,41309.01,C4314653799,20.62,0.0,M500882439,676.35,41985.36,0,0
196,CASH_OUT,259.92,C2711157014,1897.85,1637.93,M845819479,4068.61,4328.53,0,0
421,CASH_OUT,471.63,C7121696956,8.93,0.0,M744388330,3438.78,3910.41,0,0
568,CASH_IN,35656.21,C8967445898,459.92,0.0,C5559742954,4390.31,40046.52,0,0
193,PAYMENT,934.33,C5882856569,149560.69,148626.36,M331100050,,1022.88,0,0
559,CASH_OUT,122.22,C3057388108,4329.06,4206.84,M584210839,2195.94,2318.16,0,0
148,PAYMENT,57.42,C5058364113,30089.0,30031.58,M753636724,406.03,463.45,0,0
669,PAYMENT,612.87,C4694996695,4291.9,3679.03,M507229088,292.15,905.02,0,0
202,CASH_IN,3405.71,C2332383972,4113.87,708.16,C1292050532,123.06,3528.77,0,0
444,CASH_OUT,3319.35,C5620252619,18.54,0.0,M841283311,935.47,4254.82,0,0
419,CASH_IN,70.51,C4275520754,191543.42,191472.91,C4483414348,3.12,73.63,0,0
427,PAYMENT,495.99,C5600071046,64605.5,64109.51,M348247376,952.62,1448.61,0,0
479,CASH_OUT,163.74,C6109965526,169.75,6.01,M572549543,944.45,1108.19,0,0
475,CASH_IN,300.1,C8119122293,50445.06,50144.96,C8358841532,5834.6,6134.7,0,0
126,PAYMENT,2467.94,C1003747599,15685.99,13218.05,M310784970,563.98,3031.92,0,0
395,CASH_OUT,365.1,C6075078606,5622.75,5257.65,M571601919,12540.67,12905.77,0,0
576,PAYMENT,1487.64,C1328763530,1866.1,378.46,M364863405,151.25,1638.89,0,0
325,CASH_OUT,1579.49,C7373281778,852.73,0.0,M352872713,112.49,1691.98,0,0
392,CASH_OUT,118.87,C8005158281,84999.65,84880.78,M647419502,21880.22,21999.09,0,0
688,CASH_IN,4712.0,C9789119505,1536.59,0.0,C6674003176,96.15,4808.15,0,0
628,CASH_OUT,45.13,C5887205384,3571.03,3525.9,M113257053,1.58,46.71,0,0
440,TRANSFER,32.24,C5004160113,69044.34,69012.1,C1029563514,22731.93,22764.17,0,0
204,PAYMENT,155.24,C6253229647,20068.82,19913.58,M304803213,27850.67,28005.91,0,0
486,CASH_OUT,57.39,C4211497369,50.02,0.0,M790061085,272.07,329.46,0,0
31,CASH_OUT,1353.72,C2381186308,254.42,0.0,M532670211,345.76,1699.48,0,0
388,PAYMENT,67982.1,C2047759677,140.35,0.0,M313702438,115.35,68097.45,0,0
625,PAYMENT,3851.16,C9569442999,3336.42,0.0,M786427010,44021.55,47872.71,0,0
434,CASH_OUT,78.73,C8154701709,328.54,249.81,M241208375,18874.84,18953.57,0,0
376,CASH_OUT,54.82,C3145416863,421.95,367.13,M626836500,103.8,158.62,0,0
344,CASH_IN,2849.62,C1937597955,610.24,0.0,C6952640067,578.72,3428.34,0,0
443,CASH_OUT,37.81,C5438629823,2772.1,2734.29,M990958614,36214.43,36252.24,0,0
579,CASH_IN,56.28,C9343548790,570.94,514.66,C3068475267,69942.83,69999.11,0,0
75,PAYMENT,843.99,C1351417142,12343.5,11499.51,M676907262,1161.18,2005.17,0,0
557,PAYMENT,136.49,C5445765177,71.78,0.0,M993131845,1706.93,1843.42,0,0
666,CASH_OUT,512.17,C9713462060,27.11,0.0,M311569061,464.94,977.11,0,0
155,CASH_OUT,208.29,C5957282632,214.64,6.35,M514923760,122.76,331.05,0,0
430,CASH_IN,381.55,C5511108565,86.32,0.0,C2643743674,2481.95,2863.5,0,0
363,CASH_OUT,2318.86,C2986656371,1260.58,0.0,M266701441,30594.9,32913.76,0,0
448,CASH_OUT,1398.34,C3633163436,403.69,0.0,M339217209,62.11,1460.45,0,0
234,PAYMENT,2525.02,C8911575893,42.66,0.0,M390064096,954.16,3479.18,0,0
563,CASH_OUT,1448.88,C4821780575,40.69,0.0,M694301348,,2303.6,0,0
262,PAYMENT,1663.8,C7763301821,1732.37,68.57,M732471513,20.06,1683.86,0,0
125,CASH_IN,401.68,C3554096873,10425.2,10023.52,C4734577666,623.25,1024.93,0,0
245,PAYMENT,22.0,C4088678780,187.85,165.85,M299338485,381.32,403.32,0,0
542,TRANSFER,325.47,C4317186710,881.52,556.05,C7569004769,195.92,521.39,0,0
485,CASH_IN,758.89,C2509424418,220.23,0.0,C9742239604,19021.98,19780.87,0,0
122,CASH_OUT,467.99,C1579696538,750.51,282.52,M863904024,208.09,676.08,0,0
125,PAYMENT,934.31,C6680931420,89820.18,88885.87,M606895131,60.96,995.27,0,0
549,PAYMENT,24883.32,C7753662494,567414.84,542531.52,M138040054,3227.41,28110.73,0,0
170,PAYMENT,147.96,C3652064200,359.31,211.35,M397664984,1194.27,1342.23,0,0
124,CASH_OUT,179.52,C5335456600,305.4,125.88,M188387836,715.37,894.89,0,0
35,TRANSFER,4525.0,C8406031461,3230.29,0.0,C6996394428,3394.57,7919.57,0,0
87,PAYMENT,517.57,C4630720524,1482.28,964.71,M887665282,422.75,940.32,0,0
646,PAYMENT,1001.54,C2086784410,6021.49,5019.95,M514831460,267.27,1268.81,0,0
708,PAYMENT,123.52,C7273117933,802.59,679.07,M152910959,87.3,210.82,0,0
201,PAYMENT,93.23,C9210487150,695.62,602.39,M113104397,4895.04,4988.27,0,0
369,CASH_IN,36.08,C7421696228,3307.48,3271.4,C5876968105,20434.2,20470.28,0,0
77,PAYMENT,569.51,C2478787069,2009.07,1439.56,M707342832,,197208.7,0,0
59,CASH_OUT,56.99,C7263214654,328.63,271.64,M563282806,3127.94,3184.93,0,0
431,CASH_OUT,44.58,C8600686682,1494.77,1450.19,M706404263,48595.36,48639.94,0,0
638,CASH_IN,1513.37,C8375250593,1504.76,0.0,C5928552283,115.71,1629.08,0,0
500,PAYMENT,113.35,C3132827715,1.11,0.0,M397078524,63.26,176.61,0,0
109,TRANSFER,36.58,C2506505163,950.75,914.17,C6853367734,29.52,66.1,0,0
736,CASH_OUT,29.76,C4157952877,10485.48,10455.72,M146109712,592.47,622.23,0,0
278,CASH_OUT,2498.5,C1855703670,366.33,0.0,M269880886,245.11,2743.61,0,0
68,CASH_OUT,326.03,C9064760272,170.7,0.0,M253169720,39124.05,39450.08,0,0
69,PAYMENT,181.52,C1884511573,172.35,0.0,M185624247,210.13,391.65,0,0
165,PAYMENT,568.46,C1382263215,2493.59,1925.13,M488323238,258.14,826.6,0,0
489,CASH_OUT,469.91,C9877620407,93.05,0.0,M588753537,4567.96,4567.96,1,0
305,PAYMENT,139.96,C1805926052,1988.49,1848.53,M227888699,9111.76,9251.72,0,0
674,PAYMENT,206.98,C1287504502,1631.69,1424.71,M833876381,2164.69,2371.67,0,0
365,CASH_OUT,1739.69,C1466607604,39.07,0.0,M576318586,3952.52,5692.21,0,0
379,PAYMENT,2099.69,C7381036646,11658.77,9559.08,M264186097,,6223.38,0,0
343,CASH_IN,75.46,C4428975074,25062.91,24987.45,C9745063316,79714.58,79790.04,0,0
554,CASH_OUT,5215.28,C9434154157,2055.98,0.0,M258525893,5.48,5220.76,0,0
354,CASH_OUT,22429.11,C6199822719,1207.84,0.0,M250402514,117.03,22546.14,0,0
416,CASH_OUT,225.27,C4050060793,313.53,88.26,M256402511,27029.28,27254.55,0,0
109,CASH_IN,214.73,C4666973216,345.19,130.46,C5024017869,471.04,685.77,0,0
563,CASH_IN,66.92,C7486627039,371.45,304.53,C5407191948,3612.72,3679.64,0,0
497,PAYMENT,105.93,C2411820100,7032.44,6926.51,M175252063,1.18,107.11,0,0
341,CASH_OUT,770.43,C2378325691,4591.46,3821.03,M581321181,84.99,855.42,0,0
383,CASH_IN,41519.06,C5931003773,7.94,0.0,C6883343308,5.28,41524.34,0,0
533,DEBIT,1731.39,C3451712362,27.0,0.0,M765821304,92.2,1823.59,0,0
300,PAYMENT,207.62,C1583242031,138.26,0.0,M969793982,211.39,419.01,0,0
139,TRANSFER,172.53,C8996762258,342.96,170.43,C9281289553,1023.55,1196.08,0,0
359,PAYMENT,106.94,C9975398447,3222.12,3115.18,M189518307,13021.82,13128.76,0,0
499,CASH_IN,3360.33,C9419110388,284.8,0.0,C7504559759,2971.93,6332.26,0,0
385,PAYMENT,248.03,C4469971753,3125.63,2877.6,M847140504,2332.41,2580.44,0,0
604,PAYMENT,1000.78,C7811942891,59338.48,58337.7,M415025147,150.99,1151.77,0,0
280,CASH_OUT,251.26,C6497849342,255.63,4.37,M942292393,24.34,275.6,0,0
637,CASH_IN,27891.72,C3847075298,111.32,0.0,C1086014240,331.1,28222.82,0,0
483,TRANSFER,138.6,C8140559745,65.52,0.0,C5594218862,57.47,196.07,0,0
111,PAYMENT,98.82,C1638995764,82.54,0.0,M430672979,44.72,143.54,0,0
139,CASH_OUT,153.94,C8134263280,4384.77,4230.83,M838109665,12.53,166.47,0,0
435,CASH_OUT,942.01,C5182534797,7305.85,6363.84,M676997365,515.62,1457.63,0,0
509,CASH_OUT,7110.94,C2055029445,5254.06,0.0,M138657722,653.15,7764.09,0,0
273,CASH_OUT,946.09,C1626928823,79.59,0.0,M699976472,9433.39,10379.48,0,0
99,PAYMENT,1657.64,C7273233638,420.47,0.0,M229955435,10366.36,12024.0,0,0
104,TRANSFER,1255.34,C8054970198,423.71,0.0,C5679358944,2169.39,3424.73,0,0
214,CASH_OUT,14.44,C9831188473,80106.24,80091.8,M588229086,528139.24,528153.68,0,0
664,CASH_OUT,390.62,C8628817002,2298.43,1907.81,M602183566,94.7,485.32,0,0
165,PAYMENT,213.97,C7089981264,1445.29,1231.32,M202520908,186.01,399.98,0,0
520,CASH_OUT,304.15,C8486196992,2197.22,1893.07,M957956392,258.83,562.98,0,0
284,CASH_IN,77.81,C2266902181,374.8,296.99,C4859413201,225.98,303.79,0,0
517,CASH_OUT,2290.71,C8676814236,3003.65,712.94,M640226964,7.47,2298.18,0,0
657,CASH_OUT,444.5,C5746417043,331.58,0.0,M804079478,99.41,543.91,0,0
613,CASH_OUT,439.16,C9532918257,38920.76,38481.6,M817042744,1246.57,1685.73,0,0
164,CASH_OUT,300.53,C2447511275,124.16,0.0,M556447744,7288.46,7588.99,0,0
659,PAYMENT,114.59,C4592364467,1758.75,1644.16,M365806668,18.2,132.79,0,0
64,CASH_OUT,11.43,C2249151254,5860.83,5849.4,M514478379,23.7,35.13,0,0
91,PAYMENT,694.62,C9711396641,897.87,203.25,M126864368,39.67,734.29,0,0
117,PAYMENT,506.32,C6377396484,1506.44,1000.12,M467721448,1470.94,1977.26,0,0
267,CASH_OUT,1174.37,C2277845144,663.19,0.0,M491149817,43.82,1218.19,0,0
685,CASH_OUT,466.21,C1572583833,111.86,0.0,M120200269,14.53,480.74,0,0
559,PAYMENT,46.59,C5407109900,83702.16,83655.57,M916918607,13.62,60.21,0,0
140,CASH_IN,82.3,C4900680243,447.45,365.15,C7707242770,245.53,327.83,0,0
246,TRANSFER,5877.62,C3350207222,41.92,0.0,C6553532094,456.72,6334.34,0,0
661,CASH_OUT,763.47,C6576339562,179.89,0.0,M893699550,3534.94,4298.41,0,0
395,CASH_OUT,2011.09,C1746460096,30389.95,28378.86,M469575874,2557.64,4568.73,0,0
487,CASH_OUT,2534.71,C2894096987,325403.72,322869.01,M858632577,6758.1,9292.81,0,0
476,PAYMENT,56.4,C9528423791,2777.39,2720.99,M463502052,439.07,495.47,0,0
517,PAYMENT,204.18,C6738371782,7897.77,7693.59,M371107217,54.05,258.23,0,0
184,CASH_IN,1575.03,C1430319656,110875.14,109300.11,C7906694593,931.87,2506.9,0,0
20,PAYMENT,78.96,C7677847720,99.25,20.29,M905378711,17.32,96.28,0,0
558,CASH_OUT,178.31,C4320457957,2924.42,2746.11,M436757313,1527.47,1705.78,0,0
524,PAYMENT,142.77,C6616418659,105520.02,105377.25,M490022167,1203.17,1345.94,0,0
582,TRANSFER,92.18,C4100092138,8938.33,8846.15,C6526039223,9888.18,9980.36,0,0
529,CASH_OUT,310.97,C7161143787,555.16,244.19,M569454893,5103.73,5414.7,0,0
147,PAYMENT,152.68,C8661245823,2708.87,2556.19,M530883444,1749.35,1902.03,0,0
666,TRANSFER,181.8,C5626482636,115454.64,115272.84,C1958413191,6.08,187.88,0,0
304,CASH_IN,690.16,C5123362204,1601.16,911.0,C3476784122,152.6,842.76,0,0
620,CASH_IN,2969.58,C5176128659,108.93,0.0,C5963347177,2246.41,5215.99,0,0
582,CASH_OUT,1861.54,C7435644650,5058.71,3197.17,M859819096,18163.59,20025.13,0,0
695,PAYMENT,574.11,C3906518018,114.59,0.0,M299019330,2547.81,3121.92,0,0
228,CASH_OUT,10708.12,C4042292036,174.91,0.0,M160223473,16.44,10724.56,0,0
102,PAYMENT,1507.21,C4351082225,342.71,0.0,M368137728,30090.92,31598.13,0,0
587,CASH_OUT,2016.26,C4766024168,1046.78,0.0,M582888666,577.88,2594.14,0,0
417,CASH_IN,291.17,C2354924161,132.44,0.0,C3842763832,1674.25,1965.42,0,0
216,CASH_IN,186.19,C9066506979,3061.37,2875.18,C9090158474,2070.4,2256.59,0,0
407,PAYMENT,855.82,C2765157988,460.21,0.0,M365876192,92.52,948.34,0,0
399,CASH_OUT,2471.13,C7341700155,8492.22,6021.09,M650244458,58.38,2529.51,0,0
715,CASH_OUT,571.86,C9195961106,1214.73,642.87,M514189160,872.76,1444.62,0,0
704,CASH_IN,113.71,C5068598494,746.15,632.44,C5511565237,60.55,174.26,0,0
499,PAYMENT,30.96,C7209959814,823.87,792.91,M165996791,117.83,148.79,0,0
465,CASH_IN,17.06,C3209165727,42180.76,42163.7,C4233144339,,223.96,0,0
691,CASH_OUT,439.26,C3204336907,9957.74,9518.48,M975065965,4.83,444.09,0,0
731,PAYMENT,2063.02,C1870086295,30.82,0.0,M563675118,2510.79,4573.81,0,0
82,CASH_IN,4.03,C7771158787,314.71,310.68,C1035842748,9564.13,9568.16,0,0
604,PAYMENT,119.71,C2900576688,1395.37,1275.66,M994092174,1852.36,1972.07,0,0
687,PAYMENT,86.38,C8599167764,4.76,0.0,M288678716,3.16,89.54,0,0
365,CASH_IN,861.38,C6667305621,3203.42,2342.04,C7055954047,1274.16,2135.54,0,0
163,CASH_OUT,106.31,C7310496364,131.46,25.15,M464090318,7454.75,7561.06,0,0
48,CASH_OUT,34.44,C7187789598,174.69,140.25,M582812256,146.42,180.86,0,0
511,PAYMENT,119.35,C1932492140,189.67,70.32,M417317867,994.58,1113.93,0,0
329,CASH_OUT,87.23,C6495273549,25523.86,25436.63,M584095637,1871.58,1958.81,0,0
116,CASH_IN,414.05,C7536743808,5029.06,4615.01,C3336243197,56.83,470.88,0,0
337,CASH_IN,262.54,C5014650993,355.5,92.96,C8884145165,52.13,314.67,0,0
737,CASH_IN,977.47,C1782619463,268.86,0.0,C2827276393,3.14,980.61,0,0
147,PAYMENT,398.42,C3317724185,1655.51,1257.09,M177255694,109.17,507.59,0,0
575,CASH_OUT,3071.54,C8972379312,59223.55,56152.01,M883851552,48.17,3119.71,0,0
323,CASH_OUT,164.7,C8698825745,576.9,412.2,M806430453,,389.67,0,0
443,CASH_IN,1394.39,C4205712467,10.41,0.0,C7708472752,4250.23,5644.62,0,0
13,CASH_OUT,761.81,C4897725831,1670.09,908.28,M101510823,3135.94,3897.75,0,0
494,CASH_IN,223.45,C3886999560,2170.63,1947.18,C1964287731,23.36,246.81,0,0
701,CASH_IN,1597.14,C7951622061,2759.95,1162.81,C3153284151,191.87,1789.01,0,0
287,CASH_OUT,81.09,C2503363385,997.56,916.47,M818570564,561.47,642.56,0,0
720,CASH_OUT,4815.88,C5855315687,1542.63,0.0,M934922777,0.65,4816.53,0,0
114,PAYMENT,85.39,C7559165066,94.54,9.15,M505497203,353.5,438.89,0,0
480,CASH_IN,27.62,C9502897519,16771.16,16743.54,C5128323841,223.34,250.96,0,0
22,CASH_OUT,23.63,C5192289212,296.1,272.47,M106489081,224.91,248.54,0,0
349,TRANSFER,484.05,C4298281190,575.67,91.62,C6143281788,921.98,1406.03,0,0
726,PAYMENT,130.54,C3979021348,2931.5,2800.96,M745583616,24.09,154.63,0,0
683,DEBIT,579.68,C3930709987,1862.76,1283.08,M161305923,1401.72,1981.4,0,0
566,CASH_OUT,44.46,C3837718231,56430.08,56385.62,M351341723,644.29,688.75,0,0
320,CASH_OUT,1068.46,C5230764266,28962.96,27894.5,M498830185,17111.3,18179.76,0,0
126,CASH_IN,582.97,C5424304604,319.49,0.0,C9007282745,416.03,999.0,0,0
277,CASH_IN,161.58,C1740185069,154109.92,153948.34,C6685273742,13807.95,13969.53,0,0
204,PAYMENT,1407.69,C3917931750,11770.4,10362.71,M374833681,17733.34,19141.03,0,0
194,CASH_IN,1274.26,C2373038380,1517.97,243.71,C7724648870,1032.79,2307.05,0,0
681,CASH_IN,485.0,C1186194222,209.09,0.0,C6302018624,325.24,810.24,0,0
664,CASH_OUT,2379.31,C8601095655,933.35,0.0,M163910562,72.75,2452.06,0,0
547,PAYMENT,3718.21,C1221827207,9.1,0.0,M293130821,843.71,4561.92,0,0
696,CASH_IN,83.34,C6739831382,4263.81,4180.47,C6801061734,36619.5,36702.84,0,0
286,PAYMENT,3885.13,C4923749668,40.55,0.0,M782778012,,4760.71,0,0
57,CASH_OUT,66.81,C7965734673,3715.16,3648.35,M126561911,1014.8,1081.61,0,0
734,CASH_IN,1887.64,C9054764282,331.1,0.0,C2861897027,19548.53,21436.17,0,0
303,CASH_OUT,2682.27,C1484870897,1508.63,0.0,M453153875,40434.59,43116.86,0,0
163,CASH_OUT,284.49,C7333233074,235.11,0.0,M953987376,408.94,693.43,0,0
19,TRANSFER,362.66,C9979398989,180.48,0.0,C5695926659,1189.67,1552.33,0,0
370,PAYMENT,221.84,C7468432108,6873.6,6651.76,M584242038,48.12,269.96,0,0
264,CASH_IN,77.57,C5781447862,229.66,152.09,C3526166886,732.61,810.18,0,0
113,CASH_IN,112.67,C3212028804,115.03,2.36,C8118464173,1585.52,1698.19,0,0
488,CASH_OUT,1089.24,C2973588657,79.43,0.0,M825172768,411.83,1501.07,0,0
327,CASH_OUT,2233.65,C8112811922,9295.54,7061.89,M426752777,84.66,2318.31,0,0
542,CASH_OUT,391.95,C6531121972,66.8,0.0,M692607036,55.82,447.77,0,0
647,CASH_OUT,53.51,C1698784735,1111.59,1058.08,M513915576,4335.33,4388.84,0,0
579,PAYMENT,40.75,C6894450706,276875.42,276834.67,M549261649,1235.03,1275.78,0,0
65,PAYMENT,326.28,C5830731000,196.2,0.0,M361033938,499.19,825.47,0,0
292,PAYMENT,140.44,C5394718805,155.53,15.09,M736146654,14.72,155.16,0,0
25,CASH_OUT,4326.12,C7974214132,16588.23,12262.11,M169042028,369.64,4695.76,0,0
549,PAYMENT,99.03,C1893088408,56.41,0.0,M975645646,173.71,272.74,0,0
1,PAYMENT,1332.43,C4595666612,16524.77,15192.34,M979106227,12.54,1344.97,0,0
549,PAYMENT,116.6,C7583931180,423.08,306.48,M430328422,4978.17,5094.77,0,0
141,CASH_OUT,228.84,C4164025098,10480.01,10251.17,M210602977,2663.77,2892.61,0,0
648,PAYMENT,569.23,C5532485810,3282.04,2712.81,M467006803,652.3,1221.53,0,0
188,CASH_OUT,1140.44,C3996999369,4613.79,3473.35,M420622623,9.27,1149.71,0,0
128,PAYMENT,939.29,C2292085653,362.53,0.0,M239666045,3840.93,4780.22,0,0
201,CASH_IN,131.66,C4286740329,411.64,279.98,C9404590189,682.09,813.75,0,0
127,CASH_OUT,493.09,C5342471885,297.9,0.0,M847867658,601.68,1094.77,0,0
257,PAYMENT,190.65,C3892137537,30408.08,30217.43,M728486378,648.12,838.77,0,0
676,CASH_OUT,23.05,C5383992452,1112.78,1089.73,M810385225,62.75,85.8,0,0
547,CASH_OUT,637.69,C4019813596,143186.5,142548.81,M440537405,433.24,1070.93,0,0
194,CASH_OUT,5041.25,C7469614067,1956.5,0.0,M213772417,6590.71,11631.96,0,0
703,TRANSFER,8851.72,C1245651990,691.04,0.0,C3630793327,9.04,8860.76,0,0
104,PAYMENT,761.1,C6159227182,638.69,0.0,M276344077,4877.72,5638.82,0,0
535,DEBIT,667.71,C8632687427,191.93,0.0,M350977302,1077.65,1745.36,0,0
265,PAYMENT,2.14,C6123857621,1921.23,1919.09,M176110136,1834.82,1836.96,0,0
384,PAYMENT,94339.54,C2772841139,879.08,0.0,M695224006,265.5,94605.04,0,0
260,PAYMENT,7058.14,C5666792018,236.12,0.0,M926220691,276.11,7334.25,0,0
414,CASH_OUT,1841.38,C6179818633,945.91,0.0,M148770869,15.58,1856.96,0,0
358,CASH_OUT,465.91,C6753926831,313.84,0.0,M766909613,171.57,637.48,0,0
75,CASH_OUT,4.66,C5842657724,2247.16,2242.5,M341303271,895.67,900.33,0,0
355,PAYMENT,580.92,C7204556042,6553.37,5972.45,M592592942,17018.36,17599.28,0,0
584,CASH_OUT,429.89,C2574828869,228.46,0.0,M150234308,774.27,1204.16,0,0
188,CASH_OUT,24.08,C2610784912,349.88,325.8,M189178028,13.9,37.98,0,0
685,CASH_OUT,988.63,C2721861206,114.43,0.0,M709184289,365.09,1353.72,0,0
290,PAYMENT,4784.94,C4298537268,18671.51,13886.57,M211349419,93.8,4878.74,0,0
45,PAYMENT,797.21,C4317324404,12.97,0.0,M676245759,344.43,1141.64,0,0
573,CASH_IN,792.01,C4094360437,211.43,0.0,C3329053204,522.21,1314.22,0,0
83,CASH_OUT,900.53,C8953934192,6457.36,5556.83,M885932331,57098.95,57999.48,0,0
123,CASH_OUT,211.55,C8939441250,226.32,14.77,M187657752,1050.38,1261.93,0,0
358,PAYMENT,1838.44,C6902930418,206.54,0.0,M580694062,1025.07,2863.51,0,0
528,CASH_IN,8498.03,C1436195637,5889.36,0.0,C3677156993,1293.12,9791.15,0,0
66,CASH_OUT,438.13,C2129173493,3.78,0.0,M434469055,91.88,530.01,0,0
657,PAYMENT,89.06,C7736971459,1179.47,1090.41,M869519943,17956.5,18045.56,0,0
375,PAYMENT,25.25,C6456060179,277.16,251.91,M752573266,1058.42,1083.67,0,0
162,CASH_OUT,1098.71,C2129941893,291.6,0.0,M637159785,222.58,1321.29,0,0
380,CASH_OUT,1378.07,C2868353479,15809.57,14431.5,M798921572,1826.25,3204.32,0,0
656,CASH_OUT,835.38,C3051179529,1041.81,206.43,M399256658,13545.03,14380.41,0,0
358,CASH_IN,251.83,C9494670487,61.24,0.0,C2245079348,959.8,1211.63,0,0
188,PAYMENT,702.23,C8721897290,27.15,0.0,M390930112,416.21,1118.44,0,0
322,PAYMENT,138.21,C2980625306,942.57,804.36,M167382171,461.68,599.89,0,0
450,PAYMENT,97.36,C4455545843,35.05,0.0,M188930695,2606.9,2704.26,0,0
474,PAYMENT,55.0,C7514558720,22370.38,22315.38,M471487778,1328.57,1383.57,0,0
13,PAYMENT,56.16,C5927527491,69.43,13.27,M367818462,746.02,802.18,0,0
184,CASH_OUT,1165.47,C3373852940,1063.46,0.0,M876060054,268.42,1433.89,0,0
111,CASH_OUT,235.44,C2271439253,8.47,0.0,M653617709,876.17,1111.61,0,0
508,CASH_OUT,103.26,C6429765443,9.6,0.0,M255556934,12.33,12.33,1,0
290,PAYMENT,26.47,C1148059212,649.34,622.87,M253533953,9803.17,9829.64,0,0
295,CASH_OUT,1543.99,C8659446344,3260693.71,3259149.72,M171816402,502.94,2046.93,0,0
451,PAYMENT,3427.16,C9111515893,269.07,0.0,M612890971,29.15,3456.31,0,0
215,CASH_OUT,52.02,C6213157470,6163.85,6111.83,M518443813,191.12,243.14,0,0
632,TRANSFER,314.41,C8557749554,319.42,5.01,C4686794620,2993.59,3308.0,0,0
567,CASH_OUT,62.48,C8829723137,13934.31,13871.83,M552110007,19670.63,19733.11,0,0
27,CASH_OUT,303.82,C4404001773,871.98,568.16,M637799077,1512.61,1816.43,0,0
630,TRANSFER,1360.78,C9529326055,48.61,0.0,C9537277209,2145.89,3506.67,0,0
733,PAYMENT,10266.85,C1847388001,587.91,0.0,M434769791,165.08,10431.93,0,0
231,TRANSFER,165.0,C4474281860,12.76,0.0,C4086824334,51417.18,51582.18,0,0
565,CASH_OUT,1635.7,C9920122399,118.89,0.0,M563896153,268.09,1903.79,0,0
321,CASH_OUT,1717.56,C7460103434,2846.09,1128.53,M223772897,498.24,2215.8,0,0
233,PAYMENT,298.19,C3879562010,213.44,0.0,M736805237,523.13,821.32,0,0
670,CASH_IN,4105.98,C4700827211,369.35,0.0,C7726366683,23607.59,27713.57,0,0
437,CASH_OUT,209.47,C3888704350,11460.31,11250.84,M751989684,1028.62,1238.09,0,0
533,TRANSFER,963.72,C6068718883,312.99,0.0,C6332698354,3477.17,4440.89,0,0
403,PAYMENT,128.09,C2649667183,3946.86,3818.77,M678153720,112.43,240.52,0,0
53,CASH_IN,1167.98,C9482484188,247.26,0.0,C1351026349,1287.88,2455.86,0,0
313,PAYMENT,955.68,C1507604869,10844.91,9889.23,M631626720,119.01,1074.69,0,0
281,CASH_OUT,4336.06,C1482231815,28966.09,24630.03,M592583873,101.28,4437.34,0,0
726,TRANSFER,15853.54,C4238032805,8.01,0.0,C5887889698,2186.87,18040.41,0,0
31,TRANSFER,2519.09,C9746921164,93.46,0.0,C6939778690,201.01,2720.1,0,0
337,PAYMENT,1542.75,C5242851214,608.69,0.0,M431586984,85.54,1628.29,0,0
183,CASH_OUT,184.68,C1685838409,198.02,13.34,M657521714,9350.12,9534.8,0,0
23,CASH_OUT,4.34,C1875818318,9360.98,9356.64,M795534612,56.61,60.95,0,0
544,PAYMENT,5413.26,C3288628378,1897.71,0.0,M641857308,50580.58,55993.84,0,0
446,CASH_OUT,16520.66,C4533606842,103.1,0.0,M779537394,5772.75,22293.41,0,0
74,PAYMENT,754.43,C5039687138,37944.11,37189.68,M238478848,30595.65,31350.08,0,0
10,CASH_OUT,53.94,C3449923640,36215.15,36161.21,M547944852,73.11,127.05,0,0
484,CASH_IN,6346.92,C3065434238,39.38,0.0,C1484208217,2331.76,8678.68,0,0
456,CASH_OUT,3678.15,C1079203189,241.28,0.0,M330596779,705.21,4383.36,0,0
566,PAYMENT,6.86,C8463290335,8830.54,8823.68,M635929499,4205.01,4211.87,0,0
564,PAYMENT,534.23,C2982314469,11181.94,10647.71,M723347043,102.55,636.78,0,0
660,PAYMENT,655.63,C2256569131,36658.42,36002.79,M199658210,6320.11,6975.74,0,0
160,PAYMENT,16.3,C7933942084,529654.45,529638.15,M339659988,1935.44,1951.74,0,0
14,CASH_OUT,46.63,C2666844998,3118.36,3071.73,M225246525,273.8,320.43,0,0
178,PAYMENT,3580.01,C6644626161,26679.28,23099.27,M542508161,9.28,3589.29,0,0
412,CASH_IN,463.81,C9066105975,871003.1,870539.29,C9775523396,5035.55,5499.36,0,0
53,CASH_IN,60.35,C8225159956,1057.37,997.02,C8317031955,293.7,354.05,0,0
408,TRANSFER,105.76,C9913047340,154.43,48.67,C8286523743,53.5,,0,0
22,CASH_IN,36.52,C1254530444,2074.05,2037.53,C9940384398,129.16,165.68,0,0
30,CASH_IN,469.11,C9291434182,58869.24,58400.13,C6750688669,1997.25,2466.36,0,0
703,CASH_OUT,1816.39,C7547661142,102022.88,100206.49,M278519139,279.24,2095.63,0,0
260,PAYMENT,4244.36,C8354415778,1581.95,0.0,M632163596,596.91,4841.27,0,0
205,PAYMENT,106.06,C2208852978,725.75,619.69,M461701957,814.4,920.46,0,0
59,CASH_OUT,198.83,C3378546634,45.34,0.0,M434660382,34.48,233.31,0,0
471,PAYMENT,1099.18,C2151921454,1338.86,239.68,M984494227,1758.03,2857.21,0,0
466,CASH_OUT,2711.39,C2180391454,57.61,0.0,M529567375,2000.53,4711.92,0,0
12,PAYMENT,846.88,C3527586786,96.54,0.0,M566541843,80913.63,81760.51,0,0
631,PAYMENT,5090.17,C9650768542,1979.42,0.0,M825129025,2136.3,7226.47,0,0
290,PAYMENT,15272.53,C5179960049,44.99,0.0,M203910031,962.69,16235.22,0,0
354,TRANSFER,15.49,C4954968764,2666.09,2650.6,C6117770612,6.65,22.14,0,0
639,PAYMENT,8417.21,C5793738308,11759.18,3341.97,M533264630,2166.83,10584.04,0,0
75,PAYMENT,5416.14,C1896313597,78.84,0.0,M154096247,41367.02,46783.16,0,0
716,CASH_OUT,38.43,C4221472157,251.5,213.07,M717441183,106.23,144.66,0,0
561,CASH_IN,1020.0,C3354114049,29.48,0.0,C3504977255,9.91,,0,0
591,PAYMENT,1439.35,C8946111171,4837.25,3397.9,M792118297,69.34,1508.69,0,0
441,PAYMENT,45.62,C7398216029,26.6,0.0,M805250694,2679.96,2725.58,0,0
241,CASH_OUT,357.03,C3586217989,6304.04,5947.01,M634229862,152.34,509.37,0,0
154,PAYMENT,551.59,C3746202872,2263.17,1711.58,M600145133,61.79,613.38,0,0
96,CASH_OUT,46.53,C8556080513,242099.29,242052.76,M353576095,839.38,885.91,0,0
726,CASH_IN,204.83,C2187571535,71690.39,71485.56,C1553692026,708.5,913.33,0,0
294,CASH_IN,6649.89,C6948778831,56.38,0.0,C2350804645,13167.79,19817.68,0,0
209,CASH_IN,11691.86,C4211924187,105103.58,93411.72,C4327978476,139.59,11831.45,0,0
343,CASH_IN,44.38,C6974381976,288.08,243.7,C7019346128,530.18,574.56,0,0
88,PAYMENT,1.96,C8091770254,145.9,143.94,M561270377,2.19,4.15,0,0
390,CASH_IN,4792.06,C9484164949,308.08,0.0,C4725500275,106.07,4898.13,0,0
325,PAYMENT,15441.68,C5563935195,533.68,0.0,M659143053,837.84,16279.52,0,0
157,PAYMENT,2329.78,C4585388926,242282.53,239952.75,M550597939,210.81,2540.59,0,0
668,CASH_OUT,227.24,C6776293431,0.96,0.0,M359094272,1.54,228.78,0,0
651,CASH_OUT,46.18,C7084757213,112489.65,112443.47,M225023648,1897.21,1943.39,0,0
633,PAYMENT,1385.13,C4086962024,8723.24,7338.11,M924206992,1497.17,2882.3,0,0
577,PAYMENT,3325.44,C8493895254,1668.23,0.0,M592077727,41.25,3366.69,0,0
619,CASH_OUT,107.81,C2384235297,245.41,137.6,M443233831,2341.84,2449.65,0,0
659,CASH_IN,699.33,C4873678223,870.02,170.69,C2519837172,16.42,715.75,0,0
137,CASH_OUT,169.11,C2194932145,9211.95,9042.84,M695343017,65.37,234.48,0,0
674,CASH_OUT,1822.33,C1707620777,12148.51,10326.18,M211485086,13231.29,15053.62,0,0
428,CASH_IN,6.57,C9409318667,137.21,130.64,C7604057382,10400.13,10406.7,0,0
452,PAYMENT,891.89,C1018572886,7583.45,6691.56,M806085274,2227.28,3119.17,0,0
612,CASH_IN,194.05,C2319172745,252.07,58.02,C3106588975,87.06,281.11,0,0
141,PAYMENT,15742.79,C9729520650,706.1,0.0,M885013624,1242.48,16985.27,0,0
83,TRANSFER,752.94,C3958450848,29182.05,28429.11,C2500287453,1423.12,2176.06,0,0
177,PAYMENT,1661.51,C3254428845,7974.87,6313.36,M142733286,5.19,1666.7,0,0
198,CASH_OUT,61.17,C3863298828,19.17,0.0,M707957637,28.87,90.04,0,0
624,PAYMENT,259.08,C8361124516,1536.65,1277.57,M694095544,6064.52,6323.6,0,0
568,CASH_OUT,888.04,C4665810828,3128.87,2240.83,M355165130,0.63,888.67,0,0
691,TRANSFER,196.6,C9360846579,1590.61,1394.01,C7388615389,496.57,693.17,0,0
421,CASH_OUT,248.51,C2485762531,2.03,0.0,M286515537,357.68,606.19,0,0
401,PAYMENT,682.61,C7624552221,37.09,0.0,M193852035,55.21,737.82,0,0
698,CASH_OUT,13.11,C7052341031,13.02,0.0,M420652767,411.14,424.25,0,0
471,CASH_IN,141.34,C4278877920,224.68,83.34,C1780247106,398.85,540.19,0,0
218,CASH_OUT,1953.92,C5435162765,1547.97,0.0,M690997018,576.46,2530.38,0,0
729,DEBIT,183.59,C2953866172,297.26,113.67,M578927170,286.28,469.87,0,0
632,CASH_OUT,43180.51,C3364985388,232.19,0.0,M640811309,1631.84,44812.35,0,0
175,CASH_OUT,483.71,C2232917783,14.12,0.0,M234255066,2551.73,3035.44,0,0
23,CASH_OUT,9.93,C7281409726,48.33,38.4,M205320116,47.31,57.24,0,0
725,CASH_IN,980.19,C5180175550,100.6,0.0,C7210773615,4852.05,5832.24,0,0
235,CASH_IN,48.82,C2927827423,9938.41,9889.59,C8752253796,259.79,308.61,0,0
13,CASH_OUT,796.31,C9686693759,3222.2,2425.89,M182002232,2.38,798.69,0,0
101,CASH_OUT,130.13,C7343428608,7784.4,7654.27,M425653020,130.6,260.73,0,0
536,CASH_IN,148.58,C4630475669,3480.22,3331.64,C9602955108,351.58,,0,0
523,CASH_OUT,3198.11,C6782998828,8567.76,5369.65,M453232013,10.66,3208.77,0,0
452,CASH_OUT,17.0,C1645271119,36.06,19.06,M604372071,297.71,314.71,0,0
431,CASH_OUT,152.86,C1333074315,30961.37,30808.51,M418390750,177.66,330.52,0,0
606,CASH_OUT,122.24,C5162803246,15064.75,14942.51,M993949308,931.77,1054.01,0,0
713,CASH_OUT,5849.31,C6689125728,430.66,0.0,M441448765,135.38,5984.69,0,0
533,CASH_OUT,200.77,C7427278183,12393.8,12193.03,M599786388,290.72,491.49,0,0
723,PAYMENT,61.37,C9584016757,22915.38,22854.01,M765031986,4531.36,4592.73,0,0
652,CASH_IN,640.65,C6529292680,960.58,319.93,C8813851714,859.44,1500.09,0,0
293,CASH_OUT,67.45,C2213852465,4200.84,4133.39,M351597168,825.68,893.13,0,0
101,CASH_IN,90.13,C4173945374,299.51,209.38,C5612174086,173.58,263.71,0,0
502,CASH_OUT,1603.97,C5447196516,29728.1,28124.13,M527506186,34.12,1638.09,0,0
304,PAYMENT,1.31,C7583194245,354.15,352.84,M379899614,1633.82,1635.13,0,0
540,CASH_OUT,58.67,C1355839793,2403.26,2344.59,M826054678,31.0,89.67,0,0
553,CASH_IN,104.22,C5829632812,984.78,880.56,C9265514102,20966.48,21070.7,0,0
355,CASH_OUT,8868.44,C7188182139,255.62,0.0,M185059913,28.42,8896.86,0,0
303,CASH_IN,983.05,C2487380309,15.46,0.0,C2330176621,226.9,1209.95,0,0
496,CASH_OUT,378.63,C1012576668,10050.98,9672.35,M538045205,4813.73,5192.36,0,0
658,PAYMENT,328.19,C6476803076,1003.63,675.44,M281338070,334.07,662.26,0,0
227,TRANSFER,516.43,C2855424901,106864.82,106348.39,C1951767372,1068.68,1585.11,0,0
236,PAYMENT,659.32,C1805604010,22966.71,22307.39,M916551814,588.79,1248.11,0,0
455,PAYMENT,518.57,C3945287313,22160.15,21641.58,M761040412,10.0,528.57,0,0
13,TRANSFER,19794.27,C7274279316,6860.27,0.0,C1122927880,35.62,19829.89,0,0
210,CASH_OUT,167.6,C8414552853,7227.14,7059.54,M395089147,209.89,377.49,0,0
741,CASH_OUT,571.79,C7832076031,1621.45,1049.66,M942251097,314.15,885.94,0,0
397,DEBIT,435.28,C7638457400,8615.25,8179.97,M692903301,2486.99,2922.27,0,0
100,CASH_OUT,2640.06,C6671856300,357.89,0.0,M144577312,490.29,3130.35,0,0
31,CASH_IN,100.84,C6993480011,2.45,0.0,C2522063186,283.68,384.52,0,0
528,CASH_OUT,193.71,C4811344847,6433.76,6240.05,M967803935,151.28,344.99,0,0
649,CASH_IN,19.62,C3473600524,6804.57,6784.95,C1287641272,3107.79,3127.41,0,0
329,PAYMENT,2904.54,C1228197981,40.29,0.0,M477921808,75.49,2980.03,0,0
166,TRANSFER,19.19,C8176414349,3961.22,3942.03,C5724530642,23.12,42.31,0,0
459,PAYMENT,1186.92,C3946422522,3810.83,2623.91,M593375306,264.79,1451.71,0,0
100,CASH_OUT,11639.87,C3966347366,16278.89,4639.02,M737178939,3280.53,14920.4,0,0
621,PAYMENT,18986.26,C9981730573,842.0,0.0,M454316963,91.65,19077.91,0,0
173,CASH_OUT,218.78,C6585412801,24.41,0.0,M682403445,690.03,908.81,0,0
162,CASH_IN,202.0,C2594403713,327.03,125.03,C9876567905,38.91,240.91,0,0
728,CASH_IN,347.85,C8844744447,324.09,0.0,C5174933727,61.64,409.49,0,0
263,PAYMENT,2444.21,C5211957336,817.98,0.0,M765843536,14827.41,17271.62,0,0
274,CASH_IN,309.76,C3380617508,1488.15,1178.39,C8996303091,2.27,312.03,0,0
3,CASH_OUT,233.35,C9621447897,605.91,372.56,M751704510,62.82,296.17,0,0
28,PAYMENT,3447.52,C5614943358,2951.78,0.0,M665311146,5.23,3452.75,0,0
326,PAYMENT,440.25,C3334326070,70.43,0.0,M918618793,55.68,495.93,0,0
149,PAYMENT,297.03,C3842891400,2696.21,2399.18,M345550575,3080.28,3377.31,0,0
540,CASH_OUT,69.95,C6096894338,164.46,94.51,M575870890,17248.39,17318.34,0,0
488,CASH_IN,3146.55,C9428282133,662.76,0.0,C4863051793,17.67,3164.22,0,0
438,CASH_OUT,661.27,C8613107412,11.33,0.0,M990382857,2421.74,3083.01,0,0
65,PAYMENT,394.08,C2129550103,11605.77,11211.69,M623125380,14.68,408.76,0,0
356,CASH_OUT,9.74,C6501742901,510.15,500.41,M128447141,77.93,87.67,0,0
533,CASH_IN,2721.66,C2091699600,2558.05,0.0,C1418099371,778.9,3500.56,0,0
252,CASH_OUT,41.74,C6707217081,140.76,99.02,M163689856,4.77,46.51,0,0
235,PAYMENT,996.09,C4987049804,270.57,0.0,M369575732,72.76,1068.85,0,0
227,CASH_OUT,85.02,C5111901019,97.99,12.97,M411658283,326.2,411.22,0,0
525,CASH_IN,47.17,C6684567234,1631.1,1583.93,C4681998378,2.23,49.4,0,0
313,CASH_OUT,2581.96,C7440217567,4619.99,2038.03,M287474345,50.74,2632.7,0,0
49,CASH_IN,494.39,C3012889522,89.75,0.0,C5734865006,110.74,605.13,0,0
118,CASH_OUT,437.94,C5437431500,1555.89,1117.95,M418726586,64.41,502.35,0,0
54,CASH_IN,19950.69,C9447039134,594.53,0.0,C5655447990,107.02,20057.71,0,0
650,CASH_OUT,19342.72,C3442739997,1781.66,0.0,M461656082,900.72,20243.44,0,0
565,CASH_OUT,246.19,C7128116340,116.03,0.0,M345827043,670.66,916.85,0,0
44,PAYMENT,29.54,C6709226150,3507.12,3477.58,M539597311,9551.61,9581.15,0,0
53,CASH_OUT,6820.06,C6814897802,546.14,0.0,M193398780,212.33,7032.39,0,0
586,CASH_OUT,27.41,C6481427798,775.84,748.43,M485154559,9.03,36.44,0,0
558,TRANSFER,1043.56,C7927015711,381292.52,380248.96,C2806933515,2.02,1045.58,0,0
525,TRANSFER,236.09,C3369513091,13.4,0.0,C4550576896,11269.26,11505.35,0,0
677,CASH_IN,469.66,C1788374093,4232.83,3763.17,C1904491287,345.58,815.24,0,0
102,CASH_OUT,4687.16,C1475999052,3255.54,0.0,M988885068,854.03,5541.19,0,0
398,CASH_OUT,83.62,C5566756986,5304.72,5221.1,M840746992,3106.05,3189.67,0,0
138,PAYMENT,119.54,C1835463357,4742.2,4622.66,M790256176,668.57,788.11,0,0
675,CASH_OUT,1837.4,C3988811122,1777.88,0.0,M940010331,8232.36,10069.76,0,0
387,TRANSFER,14438.26,C6006058051,3044.11,0.0,C3819495513,2586.03,17024.29,0,0
111,CASH_OUT,56860.03,C9712502707,903881.91,847021.88,M228779536,4762.15,61622.18,0,0
614,DEBIT,22.16,C3438985096,712.8,690.64,M796327448,51.83,73.99,0,0
17,PAYMENT,174.3,C9151983094,694.57,520.27,M800236862,2767.12,2941.42,0,0
182,CASH_IN,51.26,C5569021120,76.13,24.87,C8963563370,1171.64,1222.9,0,0
536,CASH_OUT,2193.17,C7870019015,139.44,0.0,M868067357,36.15,2229.32,0,0
541,CASH_IN,455.65,C8524705505,1917.89,1462.24,C6943334093,21442.86,21898.51,0,0
171,CASH_OUT,2334.55,C9755034239,2758.52,423.97,M907861412,312.03,2646.58,0,0
409,PAYMENT,183.05,C5071997602,827.38,644.33,M187773940,4.94,187.99,0,0
740,CASH_IN,1634.44,C7424639588,5603.29,3968.85,C5108680623,2435.43,4069.87,0,0
378,CASH_OUT,282.06,C6092473752,402.57,120.51,M797911368,1398.71,1680.77,0,0
188,PAYMENT,536.18,C6216759822,547517.91,546981.73,M937487637,201.02,737.2,0,0
230,PAYMENT,127.42,C7161367427,1606.34,1478.92,M213627306,1701.08,1828.5,0,0
119,CASH_OUT,6124.71,C8472032494,5911.85,0.0,M315006437,50.07,6174.78,0,0
156,PAYMENT,32.28,C3691292324,1642.26,1609.98,M262883955,,1340.12,0,0
687,CASH_OUT,321.35,C7796573283,243.31,0.0,M313478888,2649.03,2970.38,0,0
465,PAYMENT,14210.95,C6220020796,308.61,0.0,M180443072,957.58,15168.53,0,0
104,PAYMENT,5176.91,C8342045301,62.37,0.0,M276602294,422.06,5598.97,0,0
604,PAYMENT,74.71,C3807997447,14.79,0.0,M760690578,274.64,349.35,0,0
698,CASH_OUT,82.7,C9297890921,11784.12,11701.42,M687133131,14250.19,14332.89,0,0
502,CASH_IN,1127.94,C8778304531,239.1,0.0,C7621872586,102.72,1230.66,0,0
693,CASH_IN,1480.1,C8285700197,933.93,0.0,C4042221374,518.47,1998.57,0,0
682,PAYMENT,4358.17,C3062359594,50609.49,46251.32,M895235247,313.99,4672.16,0,0
699,PAYMENT,24.08,C6413108668,20380.5,20356.42,M726645678,942.61,966.69,0,0
175,PAYMENT,5605.97,C5448080014,1595.35,0.0,M345355728,9379.86,14985.83,0,0
734,CASH_IN,66.5,C4215102073,647.63,581.13,C9930251559,8467.28,8533.78,0,0
674,PAYMENT,5821.7,C1701350281,747.32,0.0,M785710695,2122.5,7944.2,0,0
421,CASH_OUT,15.95,C6640042088,270019.44,270003.49,M614020566,756.88,772.83,0,0
134,PAYMENT,43.47,C6962484965,1687.46,1643.99,M480928306,1119.07,1162.54,0,0
391,CASH_OUT,12607.3,C2005021026,1943045.62,1930438.32,M235805650,14007.01,26614.31,0,0
736,CASH_OUT,14073.87,C9130291449,42.45,0.0,M154424369,26.4,14100.27,0,0
501,CASH_IN,493.08,C4102178042,1233.21,740.13,C8497261108,190.51,683.59,0,0
665,PAYMENT,208.81,C8769772903,20219.83,20011.02,M302850608,72.64,281.45,0,0
33,PAYMENT,390.68,C6901338407,16321.65,15930.97,M209024379,2164.56,2555.24,0,0
55,PAYMENT,924.69,C1582419671,5318.71,4394.02,M233751668,224.98,1149.67,0,0
519,TRANSFER,1107.24,C7279463011,238.46,0.0,C7428569767,7.56,1114.8,0,0
638,PAYMENT,223.75,C9237213064,41.16,0.0,M493176958,85.69,309.44,0,0
12,PAYMENT,8.41,C5388104105,701.33,692.92,M778819735,597.31,605.72,0,0
528,CASH_OUT,135.99,C2186594703,14885.46,14749.47,M570245321,1301.33,1437.32,0,0
720,CASH_OUT,17.99,C5401074326,76884.28,76866.29,M267590853,267.56,285.55,0,0
555,CASH_OUT,1866.13,C8840919509,1446.81,0.0,M225017537,38.13,1904.26,0,0
373,PAYMENT,843.69,C9831994771,858.09,14.4,M340655228,14397.82,15241.51,0,0
484,CASH_IN,322.95,C4162233862,1848.15,1525.2,C7118503313,1450.86,1773.81,0,0
647,CASH_OUT,244.32,C6086238796,1901.37,1657.05,M378487383,1220.93,1465.25,0,0
228,PAYMENT,20582.75,C5333231564,21302.25,719.5,M342929099,808.37,21391.12,0,0
623,CASH_OUT,3994.95,C7262747247,436.63,0.0,M445115287,24.66,4019.61,0,0
307,CASH_OUT,608.28,C9200337426,815.91,207.63,M420710727,542.19,1150.47,0,0
457,TRANSFER,137.54,C8182940043,3480.81,3343.27,C1848873132,1.3,138.84,0,0
160,PAYMENT,5324.08,C6697401793,225.75,0.0,M612192521,1120.78,6444.86,0,0
331,CASH_OUT,503.21,C3539159513,110.12,0.0,M159860067,0.1,503.31,0,0
225,CASH_IN,110.32,C5873503867,36641.74,36531.42,C4703460358,59.16,169.48,0,0
729,CASH_IN,123.82,C1651094888,1032.82,909.0,C5318842345,444.89,568.71,0,0
504,PAYMENT,1515.84,C6355378886,10164.29,8648.45,M270449634,773.34,2289.18,0,0
456,CASH_OUT,2709.83,C8361199565,6159.15,3449.32,M939028895,16.98,2726.81,0,0
45,PAYMENT,1438.28,C4624271785,35.22,0.0,M203973553,74.08,1512.36,0,0
214,CASH_OUT,1502.84,C9943826437,214.6,0.0,M522117494,16.39,1519.23,0,0
59,CASH_IN,219.52,C4634561590,1286.25,1066.73,C2751517686,,7495.26,0,0
644,PAYMENT,135.86,C4721409318,600.97,465.11,M615263313,68.95,204.81,0,0
616,PAYMENT,543.03,C4618095201,2022.29,1479.26,M293427814,342.75,885.78,0,0
195,CASH_OUT,342.39,C7274091405,1744.1,0.0,M699967829,687.0,687.0,1,0
489,CASH_OUT,54.51,C9329191178,7816.73,7762.22,M424928406,2144.88,2199.39,0,0
157,CASH_OUT,378.23,C6948370166,983.26,605.03,M394915176,1430.0,1808.23,0,0
610,TRANSFER,1603.48,C8423922395,1304.56,0.0,C4415367820,1743.96,3347.44,0,0
226,CASH_OUT,184.79,C8820690912,30.16,0.0,M213572885,21.59,206.38,0,0
412,CASH_OUT,9647.98,C8466296563,244.0,0.0,M262501439,1134.03,10782.01,0,0
205,TRANSFER,33.0,C9741888440,276.16,243.16,C1407267970,12.73,45.73,0,0
79,PAYMENT,77.61,C8469604517,361.37,283.76,M146583826,1094.58,1172.19,0,0
124,CASH_IN,128.31,C1100058878,433.7,305.39,C7326715035,9419.69,9548.0,0,0
471,CASH_OUT,2090.13,C4603259817,4914.4,2824.27,M508715678,26.05,2116.18,0,0
218,PAYMENT,616.93,C3587333947,92058.87,91441.94,M802870200,11.42,628.35,0,0
516,PAYMENT,68.57,C1789466749,37.54,0.0,M291956652,25696.91,25765.48,0,0
602,CASH_IN,9.54,C7512080488,664.72,655.18,C6819473010,93.04,102.58,0,0
104,CASH_OUT,37.58,C2394866871,125.82,88.24,M453364869,1706.76,1744.34,0,0
393,PAYMENT,12.1,C4745970253,38.63,26.53,M984954104,7.06,19.16,0,0
631,CASH_IN,2314.51,C3224483126,293.07,0.0,C5714147330,3969.87,6284.38,0,0
645,PAYMENT,48.51,C9295249211,78.93,30.42,M825212930,5815.95,5864.46,0,0
608,PAYMENT,1573.61,C9739712579,1961.56,387.95,M314842930,21112.99,22686.6,0,0
434,CASH_OUT,1197.04,C9312272972,730.3,0.0,M216094477,34756.14,35953.18,0,0
331,CASH_OUT,4372.88,C4563735565,520.01,0.0,M468207204,40.36,4413.24,0,0
143,PAYMENT,96.61,C8875945933,2367.58,2270.97,M912591591,8920.13,9016.74,0,0
540,PAYMENT,906.37,C3006236949,30.59,0.0,M284469230,1424.57,2330.94,0,0
278,TRANSFER,514.59,C7765355300,87.18,0.0,C3891039491,352.57,867.16,0,0
233,CASH_IN,517.46,C3162421720,2664.34,2146.88,C8967534255,741.65,1259.11,0,0
529,PAYMENT,388.37,C1331401469,84.88,0.0,M814427591,70314.48,70702.85,0,0
571,CASH_IN,2172.93,C7966835119,6.66,0.0,C8882767283,41.49,2214.42,0,0
90,CASH_OUT,1746.08,C8898065265,60230.52,58484.44,M722651250,632.89,2378.97,0,0
492,PAYMENT,401.4,C2861397577,2579.64,2178.24,M617521440,7286.14,7687.54,0,0
199,CASH_OUT,160.97,C1213823162,13908.21,13747.24,M710312553,889.86,1050.83,0,0
362,CASH_OUT,127.9,C6040736965,178.87,50.97,M872538539,15.1,143.0,0,0
441,CASH_IN,433.05,C5953215003,34.59,0.0,C6897801566,512.91,945.96,0,0
26,PAYMENT,628.69,C7946115602,2251.51,1622.82,M446508934,5.39,634.08,0,0
25,PAYMENT,335.99,C2768660493,69.81,0.0,M562107058,147.39,483.38,0,0
394,PAYMENT,30.46,C6687456045,14019.01,13988.55,M208243668,18.3,48.76,0,0
507,PAYMENT,219.35,C4253308114,1990.84,1771.49,M488429629,83.29,302.64,0,0
301,CASH_OUT,140.59,C5536064137,1786.05,1645.46,M839600357,5036.08,5176.67,0,0
339,PAYMENT,415.78,C8089725805,1835.52,1419.74,M151583755,109.58,525.36,0,0
267,PAYMENT,64364.42,C1990329899,177087.37,112722.95,M313597506,347.49,64711.91,0,0
461,CASH_IN,953.66,C5546402300,5637.76,4684.1,C7861691338,23524.14,24477.8,0,0
693,CASH_OUT,5036.58,C1660926134,660.87,0.0,M404448422,836.55,5873.13,0,0
456,CASH_OUT,102.7,C2248432358,1543.43,1440.73,M454954381,349.81,452.51,0,0
360,PAYMENT,421.48,C6707389842,124.62,0.0,M396370409,189.44,610.92,0,0
68,CASH_IN,4709.57,C7421821393,295.75,0.0,C2670940431,1007.94,5717.51,0,0
412,PAYMENT,17.1,C7528945760,25048.43,25031.33,M548832347,11069.32,11086.42,0,0
491,CASH_IN,252.94,C2424435039,1219.57,966.63,C8215775556,36.9,289.84,0,0
49,DEBIT,1395.92,C5950833744,7382.24,5986.32,M444002848,1030.51,2426.43,0,0
687,DEBIT,348.92,C8913752545,118.65,0.0,M436744564,16.64,365.56,0,0
564,CASH_IN,129.57,C7118992723,9101.5,8971.93,C4522104480,4.14,133.71,0,0
102,CASH_IN,144.97,C2610067426,668.85,523.88,C3695027475,867.86,1012.83,0,0
216,CASH_OUT,758.08,C7915458601,1935.84,1177.76,M502961046,595.78,1353.86,0,0
438,CASH_IN,17.44,C7217200362,1275.63,1258.19,C1049273313,3.43,20.87,0,0
700,PAYMENT,517.63,C7267830332,1729.04,1211.41,M110568143,42.53,560.16,0,0
569,TRANSFER,1722.8,C1000735550,834.52,0.0,C9598583102,98.67,1821.47,0,0
559,CASH_OUT,195.53,C3372801855,27189.93,26994.4,M727417475,1179.84,1375.37,0,0
159,PAYMENT,17.82,C5136295220,25.46,7.64,M872454227,14586.99,14604.81,0,0
489,PAYMENT,144.88,C6757091909,4161.64,4016.76,M908415033,16.07,160.95,0,0
686,PAYMENT,314.97,C6598993219,206.23,0.0,M408069298,214.74,529.71,0,0
242,CASH_OUT,46.85,C5712934133,100.42,53.57,M441450986,29996.72,30043.57,0,0
5,PAYMENT,428.92,C8719022533,229940.69,229511.77,M769739579,9524.54,9953.46,0,0
596,CASH_IN,569.12,C1701095116,101.76,0.0,C1430795495,,570.4,0,0
361,PAYMENT,4470.13,C6261400344,11.67,0.0,M173106815,161.63,4631.76,0,0
459,CASH_OUT,290.08,C9041522248,11964.2,11674.12,M460820303,1111.47,1401.55,0,0
248,CASH_IN,504.44,C4569800389,319.48,0.0,C8226520174,2482.96,2987.4,0,0
566,CASH_OUT,134.03,C8823586693,26542.73,26408.7,M930904781,6711.75,6845.78,0,0
673,CASH_OUT,155.35,C6190965226,3.94,0.0,M437223002,5.24,160.59,0,0
422,CASH_IN,1649.75,C9840145113,112901.63,111251.88,C7373500152,677.59,2327.34,0,0
738,CASH_IN,252.4,C6315094542,11597.97,11345.57,C4400356356,734.93,987.33,0,0
15,PAYMENT,2107.39,C1607877464,651.95,0.0,M304953089,6782.07,8889.46,0,0
736,PAYMENT,367.39,C6576105518,14.42,0.0,M470639618,1427.5,1794.89,0,0
573,CASH_OUT,40.95,C5943937593,39.3,0.0,M827967272,1320.46,1361.41,0,0
122,PAYMENT,100.91,C4748553725,194.75,93.84,M117494165,1016.67,1117.58,0,0
277,CASH_OUT,50857.35,C2807812316,6529.15,0.0,M186658109,409.24,51266.59,0,0
558,TRANSFER,329.99,C1074253082,127.11,0.0,C3897256751,7825.12,8155.11,0,0
453,CASH_IN,15.95,C1519931965,6.52,0.0,C7007684978,33.78,49.73,0,0
390,PAYMENT,41.4,C1015883163,1938.55,1897.15,M609869444,8898.85,8940.25,0,0
294,PAYMENT,96.96,C2927964503,13236.56,13139.6,M809154947,249.67,346.63,0,0
574,CASH_IN,67.59,C4130708064,266376.06,266308.47,C4067523872,103.45,171.04,0,0
598,PAYMENT,44.77,C8460705005,84.42,39.65,M678714704,241.24,286.01,0,0
446,CASH_OUT,7515.57,C1445584751,109.92,0.0,M931319089,253.69,7769.26,0,0
210,CASH_OUT,1524.35,C7552713500,0.62,0.0,M492579186,37061.13,38585.48,0,0
590,PAYMENT,270.52,C6676741410,22.9,0.0,M755446791,18.89,289.41,0,0
714,TRANSFER,124.64,C2426442520,76.27,0.0,C6112507826,15.61,140.25,0,0
302,CASH_OUT,291.96,C1788804889,117.52,0.0,M792606242,28.12,320.08,0,0
223,CASH_OUT,14207.83,C8184738226,288.77,0.0,M933699051,227.98,14435.81,0,0
734,PAYMENT,71.52,C5460018364,4814.82,4743.3,M511644142,55.87,127.39,0,0
3,CASH_IN,17.21,C1628205317,3939.22,3922.01,C3198881215,1.0,18.21,0,0
518,CASH_OUT,1532.58,C7936991616,303.55,0.0,M814157672,72.35,1604.93,0,0
93,CASH_OUT,3029.85,C4239284778,1139.18,0.0,M254655002,21.8,3051.65,0,0
520,PAYMENT,7355.98,C9174587922,36.8,0.0,M527364141,4821.36,12177.34,0,0
428,PAYMENT,199.4,C5590383394,266.73,67.33,M982128161,1926.23,2125.63,0,0
493,CASH_OUT,203.62,C8373485573,43.38,0.0,M489717694,974.93,1178.55,0,0
235,CASH_OUT,22574.18,C7198550362,172.51,0.0,M612785143,5.39,22579.57,0,0
620,PAYMENT,1327.43,C7039389083,113460.42,112132.99,M373141231,13861.08,15188.51,0,0
161,PAYMENT,340.31,C8816366009,1577.04,1236.73,M995633114,51.64,391.95,0,0
721,TRANSFER,1104.04,C6736419243,248.24,0.0,C4037664374,3108.37,4212.41,0,0
331,PAYMENT,168.68,C3549135546,3621.44,3452.76,M219814295,1844.16,2012.84,0,0
333,CASH_OUT,736.9,C1645387664,408.66,0.0,M935571728,53.31,790.21,0,0
50,PAYMENT,713.36,C4460390480,73845.05,73131.69,M839323131,933.97,1647.33,0,0
523,PAYMENT,2139.54,C4144075019,2648.06,508.52,M754222123,509.09,2648.63,0,0
668,CASH_OUT,56.27,C1194623438,60.24,3.97,M907044801,5789.63,5845.9,0,0
492,TRANSFER,821.27,C8872057373,29659.62,28838.35,C3886013351,77.12,898.39,0,0
582,CASH_IN,39.13,C7550393189,5157.59,5118.46,C4412686288,611.9,651.03,0,0
681,CASH_OUT,17172.06,C3014993949,3526.91,0.0,M758059512,32.26,17204.32,0,0
272,CASH_OUT,174.44,C4666533199,8657.42,8482.98,M517965466,8886.37,9060.81,0,0
580,CASH_OUT,14.73,C1083681066,6783.62,6768.89,M325773949,297.78,312.51,0,0
252,CASH_OUT,104268.2,C2034879721,3943.51,0.0,M577937962,39.27,104307.47,0,0
560,PAYMENT,142.29,C8522867949,732.32,590.03,M941918795,1875.0,2017.29,0,0
696,PAYMENT,487.81,C2258418054,10573.3,10085.49,M314024952,5714.86,6202.67,0,0
699,TRANSFER,13.59,C4179684132,713.02,699.43,C5348958889,123.72,137.31,0,0
90,CASH_OUT,362.85,C5238344587,30346.6,29983.75,M878148835,73152.52,73515.37,0,0
446,PAYMENT,11446.37,C6364614711,3808.28,0.0,M872802096,17835.49,29281.86,0,0
332,CASH_IN,1652.23,C9427616824,1751.79,99.56,C1066290517,449.66,2101.89,0,0
139,PAYMENT,13.44,C5316750263,5331.01,5317.57,M565727118,136.62,150.06,0,0
357,CASH_OUT,87.68,C7544199976,1628.07,1540.39,M260753494,15.26,102.94,0,0
601,CASH_OUT,2530.98,C2733045168,26561.15,24030.17,M897915489,27.44,2558.42,0,0
274,CASH_OUT,1441.28,C6772502636,11757.03,10315.75,M528942754,3.63,1444.91,0,0
19,TRANSFER,152.62,C1493095570,1315.91,1163.29,C8755252572,1776.46,1929.08,0,0
311,TRANSFER,892.6,C7441787833,0.32,0.0,C7368956654,334.85,1227.45,0,0
154,TRANSFER,36.73,C8466763523,9488.0,9451.27,C2967145162,105.31,142.04,0,0
390,CASH_IN,29.55,C6932394848,3107.38,3077.83,C7807679655,0.32,29.87,0,0
260,PAYMENT,2.75,C3900010991,473539.4,473536.65,M123217349,1521.87,1524.62,0,0
620,CASH_IN,2567.72,C6679507996,42.59,0.0,C9164317808,359.93,2927.65,0,0
571,TRANSFER,326.9,C3899600630,635.15,308.25,C4311834922,,745.88,0,0
125,PAYMENT,406.85,C2963952509,22.97,0.0,M833644499,404.0,810.85,0,0
354,CASH_OUT,1.0,C8868735729,177.72,176.72,M290550916,5198.94,5199.94,0,0
273,PAYMENT,365.3,C7747639120,53900.28,53534.98,M790890490,6.92,372.22,0,0
619,CASH_OUT,1214.53,C8607400694,17.09,0.0,M797370007,141672.01,142886.54,0,0
245,CASH_OUT,6.18,C4644314562,33.75,27.57,M683979049,14.73,20.91,0,0
450,TRANSFER,440.72,C8821649306,4674.69,4233.97,C8301659094,224.47,665.19,0,0
247,TRANSFER,353.18,C2583797422,1779.77,1426.59,C2107892734,0.46,353.64,0,0
520,CASH_OUT,159.08,C4732616729,481.47,322.39,M440194295,589.49,748.57,0,0
141,PAYMENT,5515.1,C1614610522,1.79,0.0,M784050201,180.72,5695.82,0,0
362,CASH_IN,3413.03,C5850804801,25992.74,22579.71,C7278250833,382.73,3795.76,0,0
8,PAYMENT,307236.81,C8712511549,609.26,0.0,M805762211,1000.99,308237.8,0,0
478,PAYMENT,35.66,C7949853701,85.53,49.87,M232215056,112.78,148.44,0,0
352,CASH_IN,950.78,C1495578267,2449.71,1498.93,C2639216645,19557.0,20507.78,0,0
495,CASH_IN,8101.03,C9264347610,25342.14,17241.11,C9448945460,110.77,8211.8,0,0
606,TRANSFER,101.05,C5636293292,563.61,462.56,C5528193014,1519.29,1620.34,0,0
427,PAYMENT,11878.81,C7177655199,216.31,0.0,M856610251,44.69,11923.5,0,0
39,CASH_OUT,836.99,C4526215823,1198.44,361.45,M267541386,5109.65,5946.64,0,0
593,TRANSFER,12.26,C7883226049,2855.54,2843.28,C7567807089,29.66,41.92,0,0
187,CASH_OUT,30.82,C7748181225,3605.49,3574.67,M687265575,213.86,244.68,0,0
596,CASH_IN,126.38,C8266890690,592.93,466.55,C8177613111,83.39,209.77,0,0
600,CASH_OUT,338.17,C1998676456,23779.25,23441.08,M571857261,856.14,1194.31,0,0
93,PAYMENT,4802.45,C9671115409,122.17,0.0,M154180628,44.29,4846.74,0,0
86,PAYMENT,337.19,C5841274990,712.01,374.82,M544042239,70.26,407.45,0,0
44,CASH_OUT,4440.79,C6004341100,703.76,0.0,M742676950,259.58,4700.37,0,0
137,TRANSFER,500.65,C5466864941,23.31,0.0,C8801337645,132.8,633.45,0,0
421,CASH_OUT,413.54,C4210565524,2717.83,2304.29,M899310239,429.09,842.63,0,0
74,CASH_IN,225.0,C1810130564,1385.1,1160.1,C9063324793,55.14,280.14,0,0
548,CASH_IN,2875.69,C3604660596,680.71,0.0,C3603312118,61.28,2936.97,0,0
613,CASH_OUT,522.67,C3235975754,3885.39,3362.72,M314125485,366.37,889.04,0,0
512,CASH_IN,93.21,C8816683439,673.61,580.4,C8366107730,12848.67,12941.88,0,0
156,CASH_OUT,783.8,C8485848183,37235.18,36451.38,M800977553,183.84,967.64,0,0
255,CASH_IN,161.64,C7496303877,3556.2,3394.56,C3110184967,2385.35,2546.99,0,0
171,PAYMENT,144.72,C7489902861,2799.31,2654.59,M633268505,1078.95,1223.67,0,0
728,CASH_OUT,4295.39,C1658477580,203.39,0.0,M198181268,53.01,4348.4,0,0
170,PAYMENT,293.32,C9873302254,9.77,0.0,M593295663,2446.87,2740.19,0,0
322,PAYMENT,28830.56,C2368120849,8160.34,0.0,M314907753,315.19,29145.75,0,0
567,CASH_IN,1755.53,C3086227146,9.77,0.0,C9789702698,4926.22,6681.75,0,0
456,CASH_OUT,87.22,C7981731652,561.28,474.06,M234626945,261701.3,261788.52,0,0
603,PAYMENT,76.03,C6070880770,9913.65,9837.62,M974630548,447.35,523.38,0,0
613,CASH_OUT,33.73,C5778230546,125.42,91.69,M201618237,8239.87,8273.6,0,0
155,CASH_IN,1355.45,C1707929296,346.24,0.0,C9535732948,5445.68,6801.13,0,0
349,CASH_OUT,72.73,C6740784742,33.6,0.0,M654116144,134.61,207.34,0,0
451,PAYMENT,4.34,C1644937585,109.41,105.07,M346723834,127.98,132.32,0,0
653,CASH_OUT,14.84,C3905203176,150.19,135.35,M317100363,,29.78,0,0
173,PAYMENT,44.33,C1635779409,345.2,300.87,M460536105,7078.22,7122.55,0,0
10,CASH_IN,791.32,C1263741908,1515.01,723.69,C3842943885,43.2,834.52,0,0
740,CASH_IN,341.98,C2306758521,1955.51,1613.53,C4873753467,92.28,434.26,0,0
265,CASH_IN,2658.94,C1113677278,40709.9,38050.96,C8205799719,46757.95,49416.89,0,0
438,PAYMENT,65.73,C1131957668,325.06,259.33,M117068515,111.74,177.47,0,0
247,CASH_IN,210.88,C3485635856,4410.02,4199.14,C3618480575,24181.84,24392.72,0,0
667,PAYMENT,13288.67,C9223261471,223.87,0.0,M650868394,52800.56,66089.23,0,0
546,TRANSFER,203.9,C9853908881,72383.5,72179.6,C9286826350,45.16,249.06,0,0
499,PAYMENT,632.01,C2764346438,1493.38,861.37,M724745069,2557.91,3189.92,0,0
129,PAYMENT,108.57,C7636315532,653.54,544.97,M281239175,1321.67,1430.24,0,0
672,CASH_OUT,256.96,C7241665322,151.54,0.0,M233465787,2923.06,3180.02,0,0
601,PAYMENT,1043.71,C5243639968,10563.54,9519.83,M605881849,7504.46,8548.17,0,0
605,CASH_OUT,1501.45,C1109569699,1516.83,15.38,M945786727,4.31,1505.76,0,0
327,CASH_IN,510.94,C5513990467,1828.51,1317.57,C6225897221,1727.27,2238.21,0,0
404,PAYMENT,239.93,C5060042468,78.24,0.0,M460883657,2285.6,2525.53,0,0
629,DEBIT,523.43,C4103072613,155.15,0.0,M595050124,120.64,644.07,0,0
606,CASH_OUT,92.55,C4097936805,13.41,0.0,M723817446,4249.87,4249.87,1,0
675,CASH_OUT,262.17,C4026126026,306.93,44.76,M870873037,8900.85,9163.02,0,0
611,CASH_IN,784.21,C9923699983,330.79,0.0,C4233817503,120.02,904.23,0,0
625,PAYMENT,2904.4,C3647011392,38.04,0.0,M953855824,15.57,2919.97,0,0
359,PAYMENT,65.17,C5210569926,915.1,849.93,M304608336,42017.93,42083.1,0,0
603,CASH_IN,283.04,C4404791008,459.17,176.13,C2331114752,51.45,334.49,0,0
718,PAYMENT,54.05,C7237311220,178.6,124.55,M129741554,14.38,68.43,0,0
17,CASH_OUT,165.86,C1363627917,128.58,0.0,M686428032,662.25,828.11,0,0
274,CASH_IN,2983.97,C4333867345,1659.79,0.0,C7475999458,1.4,2985.37,0,0
685,CASH_OUT,137.96,C9368990372,156.74,18.78,M244615323,493.62,631.58,0,0
116,CASH_IN,332.96,C6038640908,66902.67,66569.71,C8114046217,3266.64,3599.6,0,0
693,CASH_OUT,34.0,C6312053057,692.89,658.89,M486053172,99.99,133.99,0,0
91,PAYMENT,131.34,C3741570180,10894.75,10763.41,M308741039,1516.14,1647.48,0,0
82,CASH_OUT,18.23,C9584213086,62.56,44.33,M858252569,1339.43,1357.66,0,0
324,CASH_IN,704.48,C8503135101,731.18,26.7,C5500078305,1428.49,2132.97,0,0
114,CASH_OUT,842.34,C1679685602,101.2,0.0,M700388180,147.07,989.41,0,0
58,CASH_IN,791.38,C5423877215,3181.74,2390.36,C3805368953,443.4,1234.78,0,0
154,PAYMENT,899.83,C6198179839,938.14,38.31,M279293091,640.75,1540.58,0,0
404,CASH_OUT,794.27,C7009678215,154271.42,153477.15,M688110939,484.89,1279.16,0,0
628,CASH_IN,19.06,C5659399595,425.87,406.81,C4658053291,267.26,286.32,0,0
266,PAYMENT,83.47,C7496381186,13.45,0.0,M943910480,36880.48,36963.95,0,0
315,CASH_OUT,4.54,C4354234623,944.66,940.12,M756426056,908.2,912.74,0,0
715,CASH_OUT,159.63,C5435036154,1798.25,1638.62,M225390486,1139.85,1299.48,0,0
41,PAYMENT,70.71,C6306469226,229.11,158.4,M689597144,18.9,89.61,0,0
105,CASH_OUT,373.39,C5859735449,166.47,0.0,M681285290,126917.82,127291.21,0,0
193,CASH_OUT,55211.43,C4841130666,54.94,0.0,M230405465,3638.77,58850.2,0,0
401,CASH_OUT,1928.61,C2604221514,3654.41,1725.8,M767682804,929.88,2858.49,0,0
278,PAYMENT,8596.92,C7886222551,4812.26,0.0,M740732437,29765.3,38362.22,0,0
354,PAYMENT,2085.64,C1377884284,478732.18,476646.54,M360508144,21.2,2106.84,0,0
733,CASH_OUT,330.25,C2499156852,722.63,392.38,M280854033,25.83,356.08,0,0
580,TRANSFER,395.68,C4627655573,1606.42,1210.74,C1736037094,5658.94,6054.62,0,0
709,CASH_IN,2273.72,C8399157120,599.17,0.0,C6158884956,9357.2,11630.92,0,0
256,CASH_OUT,662.95,C5324711469,952936.04,952273.09,M657133618,3.92,666.87,0,0
651,CASH_OUT,226.8,C5797378837,5137.81,4911.01,M250455535,34.18,260.98,0,0
661,TRANSFER,6994.86,C9342530134,1102.76,0.0,C9980470542,9.16,7004.02,0,0
99,PAYMENT,981.87,C5720300123,210464.41,209482.54,M305531792,4540.74,5522.61,0,0
588,CASH_OUT,23.33,C3562775740,945.05,921.72,M982499558,512.47,535.8,0,0
282,PAYMENT,281.25,C6110998556,7688509.76,7688228.51,M602231646,1272.62,1553.87,0,0
403,CASH_IN,446.07,C9350817435,70243.84,69797.77,C1359751404,30.0,476.07,0,0
109,CASH_OUT,179.7,C2401005355,1040.12,860.42,M483950479,778.21,957.91,0,0
700,CASH_IN,186.73,C8823538441,3950.26,3763.53,C4317258871,8.52,195.25,0,0
199,CASH_IN,175.11,C7525162346,1506.08,1330.97,C4122433482,3173.83,3348.94,0,0
303,PAYMENT,11.37,C2142506264,7223.74,7212.37,M907140690,36232.3,36243.67,0,0
327,CASH_IN,7.96,C7670027178,257.5,249.54,C1433424457,1.39,9.35,0,0
154,CASH_OUT,109.2,C4652702932,207310.24,207201.04,M501430917,12659.87,12769.07,0,0
552,PAYMENT,181.09,C7961016886,214.48,33.39,M620144158,315.58,496.67,0,0
645,PAYMENT,27.7,C1094913712,2072.99,2045.29,M975206671,979.69,1007.39,0,0
405,PAYMENT,52.02,C2309039739,2747.25,2695.23,M869908837,154.39,206.41,0,0
462,CASH_OUT,243.17,C9009993051,498.43,255.26,M932306500,28.02,271.19,0,0
132,PAYMENT,3172.0,C2031809290,43.69,0.0,M344944428,26518.39,29690.39,0,0
84,CASH_OUT,2781.09,C6875206774,2003.31,0.0,M398294249,84.39,,0,0
399,CASH_OUT,2973.93,C6968349779,2037.31,0.0,M720758026,19056.21,22030.14,0,0
628,CASH_OUT,53.48,C3915164402,481.97,428.49,M591451396,2977.96,3031.44,0,0
109,CASH_IN,258.64,C9780083813,531.9,273.26,C5985499650,226.38,485.02,0,0
221,CASH_OUT,4775.65,C9580372272,1612.38,0.0,M216654419,29280.54,34056.19,0,0
553,PAYMENT,11.83,C1607800586,24680.13,24668.3,M425203801,365.97,377.8,0,0
368,CASH_OUT,160.95,C8196357862,20672.63,20511.68,M372001816,10998.09,11159.04,0,0
147,CASH_OUT,629.13,C4619741202,3655.35,3026.22,M918217725,9341.06,9970.19,0,0
112,CASH_OUT,13.33,C7594760255,375.41,362.08,M367819374,17.25,30.58,0,0
615,CASH_OUT,951.2,C8087829835,468.7,0.0,M494229071,59.08,1010.28,0,0
558,PAYMENT,8901.6,C9382873887,596.26,0.0,M872974004,249.27,9150.87,0,0
494,PAYMENT,4671.19,C1502515795,355.8,0.0,M532334517,262.74,4933.93,0,0
505,TRANSFER,282.73,C8752446454,69.8,0.0,C8671886405,1280.94,1563.67,0,0
475,TRANSFER,2056.56,C9712548289,156.21,0.0,C5845109152,5.66,2062.22,0,0
271,PAYMENT,13.03,C3487463065,4943.84,4930.81,M115626441,363.06,376.09,0,0
421,CASH_IN,703.95,C5786901342,220.29,0.0,C3552935900,,2325.41,0,0
707,CASH_OUT,219.35,C6121791208,1200.02,980.67,M615807553,3533.73,3753.08,0,0
367,PAYMENT,299.21,C9059003012,1099.63,800.42,M137135511,95.01,394.22,0,0
280,CASH_IN,496.54,C9723402495,3454.39,2957.85,C9895748405,31.72,528.26,0,0
283,CASH_OUT,875.91,C3960138579,210.47,0.0,M131171667,179.33,1055.24,0,0
40,CASH_OUT,22.11,C9437681386,0.28,0.0,M748630616,1587.96,1610.07,0,0
189,CASH_OUT,56.77,C3754076653,234.8,178.03,M818823238,20.29,77.06,0,0
164,PAYMENT,241.65,C4502997056,108.83,0.0,M705000793,202.61,444.26,0,0
536,PAYMENT,11.5,C9168049910,5.75,0.0,M132540648,131.47,142.97,0,0
536,PAYMENT,530.86,C8365000498,274.98,0.0,M714658950,8.71,539.57,0,0
4,PAYMENT,2133.32,C3834003240,198.05,0.0,M279868335,7.76,2141.08,0,0
290,PAYMENT,6530.81,C5372133868,1023.94,0.0,M286514300,16767.9,23298.71,0,0
433,CASH_IN,489.23,C3228611651,4067.93,3578.7,C9364728829,3082.06,3571.29,0,0
471,CASH_OUT,17549.31,C7152456419,118943.0,101393.69,M654548515,5068.61,22617.92,0,0
181,CASH_IN,376.12,C9113322463,1384.29,1008.17,C9410818356,172.87,548.99,0,0
248,PAYMENT,32.67,C5121274439,1182.38,1149.71,M987777557,583.81,616.48,0,0
628,CASH_IN,360.72,C7866210249,161895.28,161534.56,C5349798577,1697.29,2058.01,0,0
279,CASH_IN,267.38,C2603569087,45.94,0.0,C2498480455,20777.35,21044.73,0,0
581,PAYMENT,1132.65,C2398816240,54.19,0.0,M734950887,1075.46,2208.11,0,0
254,CASH_OUT,693.15,C4972207449,4942.8,4249.65,M220447808,75.84,768.99,0,0
181,PAYMENT,600.97,C2501699666,29394.98,28794.01,M339698395,2114.44,2715.41,0,0
681,TRANSFER,2790.07,C6871598060,39343.54,36553.47,C4434607955,0.34,2790.41,0,0
509,PAYMENT,170.73,C9090075243,12.04,0.0,M597186349,44.02,214.75,0,0
700,CASH_OUT,1184.94,C8839944029,12.95,0.0,M623201306,525.27,1710.21,0,0
566,CASH_OUT,707.5,C9490298085,818.3,110.8,M794198862,2022.75,2730.25,0,0
326,DEBIT,506.69,C3753166965,6453.7,5947.01,M869518262,2293.14,2799.83,0,0
357,CASH_OUT,353.75,C2393714842,422.69,68.94,M641407885,148.83,502.58,0,0
650,CASH_OUT,31.74,C1454908916,57.81,26.07,M607941932,290.13,321.87,0,0
680,PAYMENT,242.78,C8069260473,45.46,0.0,M954448111,177.94,420.72,0,0
391,TRANSFER,276.0,C1971550546,14623.21,14347.21,C5206529226,2261.44,2537.44,0,0
615,CASH_OUT,95.06,C2199204944,15778.11,15683.05,M522638593,1522.97,1618.03,0,0
85,PAYMENT,26.69,C4049313891,5305.31,5278.62,M407008389,318.63,345.32,0,0
317,PAYMENT,132.55,C4539568167,967.48,834.93,M132517850,82.69,215.24,0,0
212,CASH_OUT,156.51,C8900291630,125.3,0.0,M874323207,1067.0,1223.51,0,0
515,CASH_IN,27.64,C8809794573,9.3,0.0,C6158545127,513.07,540.71,0,0
384,PAYMENT,27.59,C8882800801,25.64,0.0,M146751953,17505.82,17533.41,0,0
691,PAYMENT,6.15,C1677160783,6.72,0.57,M668662328,358.08,364.23,0,0
342,CASH_IN,727.89,C6394743442,517.77,0.0,C3242964770,235.6,963.49,0,0
38,TRANSFER,2852.85,C4078323435,3513.16,660.31,C2512803274,50.64,2903.49,0,0
511,PAYMENT,416.63,C1166051202,1292.7,876.07,M882168741,18371.95,18788.58,0,0
420,CASH_OUT,179.71,C2545238605,37812.39,37632.68,M699736621,496.3,676.01,0,0
169,CASH_IN,25.03,C2521106464,1714.8,1689.77,C4065926532,735.38,760.41,0,0
343,PAYMENT,4.9,C3074388636,18.0,13.1,M897893138,29044.61,29049.51,0,0
306,TRANSFER,377.68,C4760151740,779.13,401.45,C4571913099,7368.47,7746.15,0,0
542,TRANSFER,1382.07,C9830824049,840.76,0.0,C7634431781,12.67,12.67,1,0
702,CASH_OUT,76.34,C1496501421,3823.09,3746.75,M514849239,8118.32,8194.66,0,0
537,TRANSFER,3330.31,C6301316305,9125.11,5794.8,C5880358679,7327.32,,0,0
112,PAYMENT,101.72,C1178648329,3569.86,3468.14,M457911615,5.13,106.85,0,0
411,PAYMENT,3533.33,C6000361045,324.82,0.0,M244777061,17704.31,21237.64,0,0
206,CASH_OUT,84.64,C4306188488,34567.6,34482.96,M472795819,94.99,179.63,0,0
185,CASH_IN,1.96,C6883341918,8881.7,8879.74,C7144531614,2682.38,2684.34,0,0
382,PAYMENT,1411.93,C5780868850,1.69,0.0,M850724149,111.7,1523.63,0,0
496,PAYMENT,63.71,C4458694679,7391.46,7327.75,M558920068,118666.93,118730.64,0,0
379,CASH_IN,18.45,C1603042762,119.88,101.43,C9312268986,679.37,,0,0
47,PAYMENT,1057.0,C2643605686,13.64,0.0,M519073662,3869.44,4926.44,0,0
740,PAYMENT,68.12,C2126476466,2058.14,1990.02,M940048372,595.18,663.3,0,0
551,CASH_IN,23.91,C3584954670,365333.42,365309.51,C6355703096,29.14,53.05,0,0
528,CASH_IN,5557.03,C6000854428,960.34,0.0,C8789772352,325.3,5882.33,0,0
504,TRANSFER,267.87,C3743145752,532.4,264.53,C7585446308,12.03,279.9,0,0
22,TRANSFER,22.87,C9026921083,1396.03,1373.16,C1789714856,847.49,870.36,0,0
213,PAYMENT,159.77,C2368770762,431987.16,431827.39,M673892196,240.33,400.1,0,0
310,PAYMENT,28713.6,C6874859095,561.13,0.0,M687354592,12.54,28726.14,0,0
661,CASH_OUT,505.08,C2075683449,12816.27,12311.19,M508210996,130.01,635.09,0,0
272,PAYMENT,111.76,C2611914515,405.34,293.58,M587274654,26.88,138.64,0,0
571,PAYMENT,1099.66,C2224523277,256.79,0.0,M587829261,128.48,1228.14,0,0
202,CASH_IN,162.6,C7885162831,37441.18,37278.58,C7475800772,276.62,439.22,0,0
32,CASH_OUT,145.65,C9382886521,69.67,0.0,M297918208,2476.93,2622.58,0,0
443,CASH_OUT,108.56,C5584945343,7090.65,6982.09,M720296572,44.95,153.51,0,0
162,CASH_OUT,2225.86,C4146624489,466.65,0.0,M361404311,51.5,2277.36,0,0
254,CASH_OUT,595.56,C9307493764,165.18,0.0,M738653336,945.21,1540.77,0,0
521,PAYMENT,6936.05,C8152803372,385.67,0.0,M405619870,469.94,7405.99,0,0
651,CASH_OUT,745.29,C9568943703,3.94,0.0,M869476553,2638.97,3384.26,0,0
480,CASH_OUT,8562.96,C2504479493,79.42,0.0,M179854899,241.35,8804.31,0,0
10,CASH_OUT,1480.56,C7016378535,1533.07,52.51,M998734480,1599.89,3080.45,0,0
726,CASH_IN,239.87,C9096881406,590.51,350.64,C9429555931,0.29,240.16,0,0
505,CASH_IN,307.74,C4116848853,103.07,0.0,C9989976723,64.38,372.12,0,0
560,CASH_OUT,15611.21,C2236406221,44540.11,28928.9,M521370892,438.64,16049.85,0,0
436,CASH_IN,5473.29,C8898768428,91.52,0.0,C8080106059,307.05,5780.34,0,0
111,PAYMENT,8897.41,C7618852910,39853.1,30955.69,M977720492,580.04,9477.45,0,0
153,CASH_OUT,53.79,C4251450667,1583.34,1529.55,M475741070,3642.83,3696.62,0,0
635,PAYMENT,9.48,C3084470621,567.68,558.2,M715441593,108.11,117.59,0,0
102,CASH_OUT,74.71,C2956576311,1385.79,0.0,M540653821,855.06,855.06,1,0
191,CASH_IN,561.7,C8032035524,2285.1,1723.4,C7272234165,225.08,786.78,0,0
729,CASH_OUT,110.93,C4967165665,100.58,0.0,M915695992,1291.64,1402.57,0,0
563,TRANSFER,426.16,C2288286243,107.64,0.0,C8546417327,1370.38,1796.54,0,0
81,CASH_OUT,163.63,C3016899706,664.5,500.87,M185572491,25.75,189.38,0,0
489,PAYMENT,11.83,C3959757094,3269.84,3258.01,M647999454,952.99,964.82,0,0
88,CASH_IN,951.26,C4453340253,5763.14,4811.88,C1204075560,1776.49,2727.75,0,0
194,CASH_OUT,429.12,C3014015433,24678.83,24249.71,M444836407,581.65,1010.77,0,0
104,PAYMENT,5760.07,C9311307394,50.83,0.0,M586378307,1031.38,6791.45,0,0
96,PAYMENT,555.41,C5019176435,2675.34,2119.93,M191448996,610.93,1166.34,0,0
423,PAYMENT,1930.05,C6765883891,1061.68,0.0,M559016886,57.37,1987.42,0,0
198,CASH_OUT,78.37,C2684765816,289.46,211.09,M329137210,125.65,204.02,0,0
1,CASH_OUT,807.56,C7951112009,164249.9,163442.34,M722845700,616.51,1424.07,0,0
407,PAYMENT,2032.78,C5862390198,3229.99,1197.21,M703353016,330.84,2363.62,0,0
378,PAYMENT,1227.49,C2564364557,39039.49,37812.0,M221669835,77.51,1305.0,0,0
167,PAYMENT,256.44,C8868184268,0.24,0.0,M940299876,71.95,328.39,0,0
509,CASH_OUT,813.14,C3129916285,15028.01,14214.87,M362226044,339.54,1152.68,0,0
638,CASH_OUT,1401.77,C5107425306,4188.98,2787.21,M420752060,12.39,1414.16,0,0
313,PAYMENT,4459.43,C6113000245,6339.45,1880.02,M339566847,116.64,4576.07,0,0
593,PAYMENT,131.34,C1740126988,527.11,395.77,M653327417,9071.68,9203.02,0,0
418,PAYMENT,43.22,C2626489880,214638.65,214595.43,M861264333,794.94,838.16,0,0
681,CASH_OUT,76.51,C9374512175,670.36,593.85,M247991674,130.43,206.94,0,0
477,CASH_OUT,539.59,C8455813103,1046.55,506.96,M736806237,128.85,668.44,0,0
73,CASH_OUT,406.99,C5016520435,95.02,0.0,M897130006,164755.33,165162.32,0,0
141,CASH_OUT,1414.65,C8141528382,993.97,0.0,M799802366,370.33,1784.98,0,0
582,CASH_OUT,2125.06,C8835501780,708.77,0.0,M477956641,1545.99,3671.05,0,0
262,PAYMENT,9.3,C2021913505,15996.3,15987.0,M692981668,66.34,75.64,0,0
340,PAYMENT,154.14,C4442462877,5360.21,5206.07,M636658517,1379.15,1533.29,0,0
308,PAYMENT,616.75,C5141308844,20604.7,19987.95,M168482686,12.98,629.73,0,0
245,CASH_OUT,3753.18,C6964029085,837.64,0.0,M509397294,148.87,3902.05,0,0
515,CASH_OUT,362.58,C7831333390,469.48,106.9,M353295106,196.39,558.97,0,0
337,PAYMENT,6191.32,C9608727966,9999.61,3808.29,M640029779,1.84,6193.16,0,0
575,TRANSFER,1215.32,C3694448336,1627.62,412.3,C7147261254,1294.7,2510.02,0,0
561,PAYMENT,863.98,C8467943150,3.0,0.0,M281463585,115.3,979.28,0,0
76,CASH_IN,323.61,C4420811294,353.66,30.05,C5490116138,3143.43,3467.04,0,0
175,CASH_IN,384.05,C8357103902,4.64,0.0,C9373465300,212.33,596.38,0,0
109,PAYMENT,781.77,C7051576363,142.76,0.0,M294117348,35.14,816.91,0,0
183,CASH_OUT,272.94,C9478193100,14259.07,13986.13,M456366591,1507.37,1780.31,0,0
192,PAYMENT,3733.58,C4963208332,472.86,0.0,M678562721,286.24,4019.82,0,0
65,CASH_OUT,2342.93,C5237572675,559.09,0.0,M462946349,446.84,2789.77,0,0
474,PAYMENT,4429.27,C9140924908,674.92,0.0,M436970525,1475.23,5904.5,0,0
100,CASH_IN,50.41,C4307268752,1127.21,1076.8,C8509534920,692.56,742.97,0,0
544,CASH_IN,47.21,C1599506795,474.88,427.67,C7717029072,82.64,129.85,0,0
128,CASH_OUT,1070.42,C4312401304,102915.78,101845.36,M611013331,5.71,1076.13,0,0
452,PAYMENT,343.36,C3451593946,15.51,0.0,M631233334,37.34,380.7,0,0
369,PAYMENT,677.01,C8744768084,1943.58,1266.57,M181281391,254.03,931.04,0,0
43,CASH_IN,43.17,C9753346096,4404.87,4361.7,C7605916281,379.88,423.05,0,0
419,CASH_IN,21.85,C1871566578,117.1,95.25,C4601989087,14974.48,14996.33,0,0
488,TRANSFER,642.37,C4252744698,5508.96,4866.59,C1846362648,73332.95,73975.32,0,0
78,CASH_OUT,88.25,C4729754127,206.5,118.25,M669566509,300.18,388.43,0,0
270,PAYMENT,1682.8,C4687375707,3639.41,1956.61,M195952442,1197.16,2879.96,0,0
674,CASH_OUT,117.83,C6333809013,46.78,0.0,M984869568,127.25,127.25,1,0
701,CASH_OUT,68.38,C5692735353,1364.78,1296.4,M893412567,74.87,143.25,0,0
728,TRANSFER,4.33,C4909812739,289090.85,289086.52,C8244441833,235.71,240.04,0,0
315,DEBIT,4890.71,C6698233369,114.14,0.0,M667728137,89.62,4980.33,0,0
168,CASH_OUT,1627.99,C4121692957,388.15,0.0,M212501428,61.25,1689.24,0,0
339,CASH_OUT,20.26,C3739072371,67795.56,67775.3,M478095325,102.49,122.75,0,0
193,CASH_OUT,7.43,C4430466785,24128.45,24121.02,M848131591,72.82,80.25,0,0
453,CASH_IN,122.22,C2617580490,86797.02,86674.8,C5284241617,414.88,537.1,0,0
283,CASH_OUT,2682.87,C8534811975,435.64,0.0,M666665939,582.82,3265.69,0,0
336,CASH_OUT,140.59,C6739403574,2610.42,2469.83,M442865762,23.11,163.7,0,0
390,CASH_OUT,266.6,C2245558742,3473.53,3206.93,M791454957,973.91,1240.51,0,0
525,PAYMENT,2925.36,C8598015295,157.2,0.0,M887779746,325.81,3251.17,0,0
240,TRANSFER,55.89,C7007163594,67.08,11.19,C3790581214,241.35,297.24,0,0
483,CASH_OUT,103.11,C7638355211,49.3,0.0,M859456119,916.06,1019.17,0,0
659,PAYMENT,625.89,C5655101063,313.02,0.0,M186962086,17400.51,18026.4,0,0
716,CASH_OUT,230.35,C3000105540,44.94,0.0,M578403679,284.09,514.44,0,0
592,PAYMENT,69.8,C1473052105,201.89,132.09,M973089805,39.27,109.07,0,0
555,CASH_IN,1659.88,C1587127381,88.71,0.0,C4990144583,1466.39,3126.27,0,0
458,CASH_OUT,1136.46,C1385273112,3946.12,2809.66,M297229165,1569.93,2706.39,0,0
89,CASH_OUT,2131.02,C3419539079,2943.95,812.93,M920492269,777.77,2908.79,0,0
660,CASH_IN,296.9,C8842150408,262.81,0.0,C4903159039,374.7,671.6,0,0
95,CASH_OUT,11.92,C4915334083,466.77,454.85,M968898691,25.82,37.74,0,0
452,PAYMENT,412.2,C4943588877,4860.0,4447.8,M905285955,22.98,435.18,0,0
428,PAYMENT,38.72,C7631471982,451.56,412.84,M495418686,154.86,193.58,0,0
151,CASH_OUT,7.0,C1902184321,247.52,240.52,M542470121,31.33,38.33,0,0
514,PAYMENT,232.89,C2328675673,39.53,0.0,M252987358,3036.41,3269.3,0,0
376,CASH_IN,494.49,C9720997910,28666.56,28172.07,C2693878115,7.9,502.39,0,0
22,PAYMENT,9863.1,C8675482611,19.06,0.0,M896926608,347.2,10210.3,0,0
313,CASH_OUT,36.19,C6226040979,498.3,462.11,M242683306,280.53,316.72,0,0
519,PAYMENT,1562.6,C3293880137,119.9,0.0,M140495554,1638.62,3201.22,0,0
206,PAYMENT,16.48,C8513386877,1577.57,1561.09,M835337537,2433.45,2449.93,0,0
375,PAYMENT,5116.49,C7255920830,358.38,0.0,M790873932,58.58,5175.07,0,0
451,PAYMENT,99.36,C7451810147,1352.14,1252.78,M701280058,10083.76,10183.12,0,0
626,CASH_OUT,206.51,C7724999387,134.07,0.0,M481802745,28.97,235.48,0,0
595,PAYMENT,211.87,C7214193090,352.83,140.96,M745753047,3482.17,3694.04,0,0
179,PAYMENT,1840.73,C2231769335,37.79,0.0,M206429334,1787.59,3628.32,0,0
210,CASH_OUT,22.18,C3440773820,88.18,66.0,M612283222,4.3,26.48,0,0
500,PAYMENT,282.93,C7287037521,344.54,61.61,M217636705,28.48,311.41,0,0
464,CASH_OUT,111.87,C9045584471,1653.63,1541.76,M244875100,3861.67,3973.54,0,0
124,CASH_OUT,32731.58,C6613649663,759.45,0.0,M749148404,611.8,33343.38,0,0
113,TRANSFER,46.06,C5825986809,33159.15,33113.09,C4226755633,474.1,520.16,0,0
12,CASH_OUT,2.31,C9175110942,24.95,22.64,M790698073,0.63,2.94,0,0
126,CASH_OUT,11958.42,C4708758172,570.21,0.0,M449782160,262.64,12221.06,0,0
565,PAYMENT,1077.8,C6299106202,3.73,0.0,M351361867,75.8,1153.6,0,0
331,TRANSFER,83.53,C9805708993,723.76,640.23,C8978751740,18.01,101.54,0,0
283,TRANSFER,378.26,C2486102266,204.96,0.0,C2909146071,2214.06,2592.32,0,0
140,PAYMENT,81.29,C7489462828,301.84,220.55,M978961669,450.56,531.85,0,0
401,CASH_OUT,8.05,C1239991825,199.44,191.39,M509778582,47.33,55.38,0,0
97,CASH_IN,290.46,C2088399132,3252.84,2962.38,C8325494503,59.79,350.25,0,0
517,PAYMENT,286.33,C1452684165,2208.02,1921.69,M717530276,526.31,812.64,0,0
569,PAYMENT,795.28,C1329200025,53.79,0.0,M393495190,1283.11,2078.39,0,0
69,CASH_IN,57.63,C3559136853,624.01,566.38,C5101010084,2612.2,2669.83,0,0
118,PAYMENT,85.67,C9365869226,24.49,0.0,M247582259,1529.91,1615.58,0,0
59,CASH_OUT,189.97,C8876534736,15.34,0.0,M161773140,373.7,563.67,0,0
33,CASH_IN,56.73,C4157151454,2985.56,2928.83,C4669620193,49.01,105.74,0,0
318,PAYMENT,3918.74,C5105914905,63.87,0.0,M141754796,945.81,4864.55,0,0
50,CASH_OUT,2204.48,C8637753716,236.31,0.0,M873538834,34.24,2238.72,0,0
489,CASH_OUT,143.77,C4074965765,1897.27,1753.5,M179981629,520.33,664.1,0,0
19,PAYMENT,1175.17,C2311165549,1049.37,0.0,M546301982,269.35,1444.52,0,0
726,CASH_OUT,33.9,C5686523969,36663.55,36629.65,M140529215,2971.69,3005.59,0,0
197,CASH_OUT,160.34,C5693832218,47.35,0.0,M903872786,2453.16,2613.5,0,0
450,PAYMENT,7533.81,C4162217245,23127.08,15593.27,M859231694,1738.4,9272.21,0,0
559,CASH_IN,1468.14,C5416832097,4657.33,3189.19,C6080206075,1336.33,2804.47,0,0
679,PAYMENT,719.22,C4506451008,7331.27,6612.05,M393254640,319.31,1038.53,0,0
452,CASH_IN,196.94,C8315498500,411.98,215.04,C5496518872,19498.07,19695.01,0,0
289,CASH_IN,370.97,C6040652533,101.52,0.0,C2948962325,1764.61,2135.58,0,0
141,PAYMENT,21.4,C4782497388,1391.05,1369.65,M504241782,16498.5,16519.9,0,0
84,CASH_OUT,211.29,C4242165352,100.31,0.0,M724908045,5656.25,5867.54,0,0
694,CASH_IN,855.82,C4146692876,92.6,0.0,C2715040628,141.58,997.4,0,0
391,PAYMENT,382.66,C1026965533,1597.83,1215.17,M522657233,100.02,482.68,0,0
591,CASH_OUT,382.67,C6505480223,15219.93,14837.26,M163016669,1380.61,1763.28,0,0
215,CASH_OUT,108.98,C9297932625,19.89,0.0,M708782805,20.44,129.42,0,0
526,CASH_IN,65.66,C5297787015,28777.56,28711.9,C4682175100,167.09,232.75,0,0
215,CASH_OUT,54.68,C6207372319,49.2,0.0,M962426377,73.07,127.75,0,0
403,CASH_OUT,243.77,C2308608374,509.63,265.86,M587000618,378.81,622.58,0,0
128,CASH_IN,1751.95,C2499193947,529.94,0.0,C3246763760,2.0,1753.95,0,0
477,CASH_IN,72.45,C4121615301,326.86,254.41,C6332876507,84856.84,84929.29,0,0
404,PAYMENT,437.7,C8789868457,606.52,168.82,M772749865,2326.1,2763.8,0,0
29,CASH_OUT,416.11,C4733196162,1534.16,1118.05,M329232666,5364.98,5781.09,0,0
338,CASH_OUT,2592.19,C2910198800,26401.02,23808.83,M858150531,593.91,3186.1,0,0
714,PAYMENT,414.37,C4083047433,661.77,247.4,M758518131,8098.72,8513.09,0,0
361,CASH_OUT,20.58,C4801962622,112.02,91.44,M512293520,1639.2,1659.78,0,0
569,PAYMENT,28275.6,C4903723258,75.77,0.0,M210264769,3174.36,31449.96,0,0
392,CASH_OUT,2816.87,C6821083255,2435.27,0.0,M688937501,1370.04,4186.91,0,0
218,CASH_IN,1060.38,C9161237049,8463.0,7402.62,C9583838410,12018.16,13078.54,0,0
574,PAYMENT,127.61,C8717401010,216.5,88.89,M416425376,70.3,197.91,0,0
669,CASH_OUT,213.18,C9197610377,10843.99,10630.81,M941024052,19999.76,20212.94,0,0
202,CASH_IN,23.46,C5512624048,248125.86,248102.4,C3647663396,269.88,293.34,0,0
17,CASH_OUT,206.96,C1873909848,29690.26,29483.3,M748105819,54.59,261.55,0,0
322,CASH_OUT,573.29,C3862894734,179.26,0.0,M940886085,1204.81,1778.1,0,0
518,CASH_IN,383.59,C1272262170,14446.83,14063.24,C3069116458,25.49,409.08,0,0
570,CASH_OUT,13428.22,C9671794329,11075.22,0.0,M412055764,119.79,13548.01,0,0
325,PAYMENT,1543.76,C3770060938,1284.17,0.0,M370112237,202.08,1745.84,0,0
412,CASH_OUT,2827.66,C5330870282,10333.99,7506.33,M817310937,233.59,3061.25,0,0
318,CASH_OUT,1188.36,C8525645373,7345.24,6156.88,M639460776,4582.39,5770.75,0,0
681,CASH_OUT,558.51,C9808391358,24794.82,24236.31,M573137497,3187.53,3746.04,0,0
82,CASH_IN,1001.87,C7458250617,4661.45,3659.58,C2135742949,186.14,1188.01,0,0
474,PAYMENT,7.63,C5558425982,7237.46,7229.83,M525519942,1217.83,1225.46,0,0
468,CASH_OUT,239.67,C3773574570,85.56,0.0,M483794872,78424.37,78664.04,0,0
425,CASH_OUT,24.64,C1527416176,1090.82,1066.18,M529987689,19.79,44.43,0,0
731,TRANSFER,38.1,C7599359326,168.22,130.12,C5094631169,32.73,70.83,0,0
689,TRANSFER,4390.71,C2434183562,21777.85,17387.14,C9231562695,454.36,4845.07,0,0
204,PAYMENT,46.85,C1967957413,36.77,0.0,M504215680,354557.28,354604.13,0,0
583,CASH_IN,28.58,C1587915386,4.61,0.0,C5303764421,51.35,79.93,0,0
387,CASH_IN,879.33,C7607079694,31.83,0.0,C9132650119,93.55,972.88,0,0
98,CASH_OUT,351.65,C7350651122,620.53,268.88,M806900389,1634.78,1986.43,0,0
345,CASH_OUT,984.89,C5940425272,6.97,0.0,M563075594,4316.06,5300.95,0,0
208,CASH_OUT,13518.45,C4743127476,9.66,0.0,M517815957,410.86,13929.31,0,0
514,CASH_IN,1268.41,C8555749660,5780.89,4512.48,C9611363469,713.1,1981.51,0,0
636,CASH_IN,18.15,C1934437421,33.7,15.55,C5379710855,389.29,407.44,0,0
586,PAYMENT,2606.58,C8372824660,13526.44,10919.86,M961888557,632.83,3239.41,0,0
166,CASH_OUT,259.86,C2144307336,40.25,0.0,M511759263,10.7,270.56,0,0
22,PAYMENT,564.47,C5260188998,5.25,0.0,M453384278,623.99,1188.46,0,0
154,CASH_IN,14.78,C6052576093,83.77,68.99,C3414703014,441.38,456.16,0,0
439,CASH_IN,1103.79,C6992421255,43.8,0.0,C5113265098,1002.04,2105.83,0,0
295,CASH_OUT,29.88,C2224749537,43.25,13.37,M598419905,104.49,134.37,0,0
219,PAYMENT,1174.38,C2787729653,833.95,0.0,M490708429,1410.86,2585.24,0,0
669,CASH_OUT,95.04,C8093875702,1678.39,1583.35,M894848829,3076.9,3171.94,0,0
495,CASH_IN,1710.14,C5125503637,34733.58,33023.44,C2308215404,222260.27,223970.41,0,0
230,PAYMENT,30.26,C5237426971,442.92,412.66,M462544100,125.24,155.5,0,0
20,CASH_OUT,17.79,C1431234506,2244.91,2227.12,M999133461,34.92,52.71,0,0
553,CASH_IN,136.62,C8047651660,39.53,0.0,C6056798059,626.6,763.22,0,0
148,CASH_OUT,687.21,C4583127924,113.36,0.0,M932107816,1477.34,2164.55,0,0
108,CASH_IN,40.84,C7983764202,28296.98,28256.14,C9221002889,543.16,584.0,0,0
403,CASH_OUT,606.47,C3405322021,36739.61,36133.14,M757714649,555.07,1161.54,0,0
596,PAYMENT,2318.82,C6573307306,58025.45,55706.63,M918666456,100.91,2419.73,0,0
483,TRANSFER,28.58,C2321289003,800.83,772.25,C7565956708,8.18,36.76,0,0
367,CASH_OUT,608.35,C4657498904,40.01,0.0,M123626865,9075.76,9684.11,0,0
414,PAYMENT,1187.46,C5828318153,155.52,0.0,M684790319,22786.46,23973.92,0,0
309,PAYMENT,274.31,C6901779350,483.21,208.9,M226551675,64.36,338.67,0,0
134,CASH_OUT,342.08,C1294605726,266.96,0.0,M458783634,88.5,430.58,0,0
719,PAYMENT,24.1,C9390845842,1455.79,1431.69,M969461211,7.73,31.83,0,0
283,CASH_IN,967.69,C5406766796,7173.89,6206.2,C3951591320,149.52,1117.21,0,0
73,TRANSFER,455.97,C3212243633,83.72,0.0,C2241654627,948.51,1404.48,0,0
481,CASH_IN,545.3,C9567167545,132420.62,131875.32,C9509876606,80.51,625.81,0,0
352,PAYMENT,25068.05,C2429453727,1321.04,0.0,M237215410,2644.04,27712.09,0,0
560,CASH_IN,266.85,C1606507617,32686.3,32419.45,C6474621773,38.48,305.33,0,0
326,CASH_IN,769.17,C3764040939,3160.74,2391.57,C3596759650,1941.37,2710.54,0,0
443,PAYMENT,5304.04,C8116707172,240503.1,235199.06,M452071802,874.36,6178.4,0,0
100,CASH_OUT,366.29,C8830678662,59.87,0.0,M717462390,171.09,537.38,0,0
59,PAYMENT,96.24,C2756035786,303.6,207.36,M119454026,214.22,310.46,0,0
508,CASH_IN,894.94,C1086475837,306.11,0.0,C3728532095,2388.17,3283.11,0,0
258,PAYMENT,102.51,C9382573269,1732.06,1629.55,M452395558,364507.18,364609.69,0,0
413,CASH_IN,4441.2,C9664101852,1501.72,0.0,C2289300490,294.32,4735.52,0,0
452,CASH_OUT,1129.4,C9966726633,2899.01,1769.61,M483586162,4851.48,5980.88,0,0
65,TRANSFER,72.09,C3641158170,1556.04,1483.95,C8124287545,23774.14,23846.23,0,0
595,PAYMENT,33.3,C8422957975,4417.79,4384.49,M291271062,77.71,111.01,0,0
154,PAYMENT,551.53,C7174372247,327.12,0.0,M365865688,44.1,595.63,0,0
266,CASH_OUT,672.5,C9989088028,3529.6,2857.1,M315598747,414.26,1086.76,0,0
79,CASH_OUT,33.47,C5571725022,1248588.26,1248554.79,M505044462,628.61,662.08,0,0
315,CASH_IN,1942.03,C3173834900,1109.06,0.0,C9859631291,1426.08,3368.11,0,0
662,TRANSFER,1526.15,C6808105000,29.64,0.0,C6161294262,55.03,1581.18,0,0
560,CASH_OUT,798.81,C7269892115,228.66,0.0,M181737394,2600.95,3399.76,0,0
248,CASH_OUT,1836.5,C7425890363,347.64,0.0,M303823178,24.78,1861.28,0,0
610,PAYMENT,55.73,C6866201270,119.74,64.01,M686629499,385.48,441.21,0,0
414,CASH_OUT,62.62,C7402151212,1488.54,1425.92,M901110468,887.2,949.82,0,0
25,CASH_OUT,239.98,C4217557854,8082.95,7842.97,M273009691,13.06,253.04,0,0
284,CASH_IN,113.42,C5484404400,42.5,0.0,C7170894523,1174.74,1288.16,0,0
449,TRANSFER,1101.38,C3623757749,15.87,0.0,C2218710695,229.54,1330.92,0,0
301,CASH_OUT,2020.36,C8750382589,532305.9,530285.54,M522551528,129.4,2149.76,0,0
68,PAYMENT,98.79,C3551086899,105.19,6.4,M131395131,867.75,966.54,0,0
7,CASH_OUT,71.12,C7620918846,37555.5,37484.38,M246713183,10.45,81.57,0,0
137,CASH_OUT,2229.64,C3281554099,7352.92,5123.28,M444792139,1101.09,3330.73,0,0
164,CASH_OUT,56.6,C7476592438,242.52,185.92,M520422309,20.0,76.6,0,0
83,PAYMENT,227.9,C4342808173,153.01,0.0,M733690890,977.14,1205.04,0,0
650,CASH_OUT,53.53,C2861216503,241.93,188.4,M859566561,528.38,581.91,0,0
420,PAYMENT,123.51,C3270428168,363.23,239.72,M915020641,17286.38,17409.89,0,0
73,CASH_OUT,19.83,C7094347551,5157.13,5137.3,M150133246,17341.59,17361.42,0,0
237,CASH_OUT,5241.43,C2020404810,33.73,0.0,M640524819,2765.98,8007.41,0,0
46,CASH_OUT,3055.25,C5830724606,27028.49,23973.24,M315265465,336.39,3391.64,0,0
618,CASH_IN,80.31,C6567514147,221.87,141.56,C7468088451,391.16,471.47,0,0
262,CASH_IN,1018.53,C3932937133,28.27,0.0,C1721438447,23.19,1041.72,0,0
176,CASH_IN,22.84,C2085594550,1741.76,1718.92,C4349444159,4.52,27.36,0,0
166,PAYMENT,1399.0,C1612264816,446316.63,444917.63,M552347112,5972.24,7371.24,0,0
657,CASH_OUT,68.85,C5393754644,134.4,65.55,M159161165,136.56,205.41,0,0
370,PAYMENT,4606.17,C2189243584,1513.48,0.0,M578196846,44.17,4650.34,0,0
54,CASH_OUT,1120.94,C9781309967,1561.69,440.75,M602807255,4.8,1125.74,0,0
690,CASH_IN,194.2,C5392609248,122192.37,121998.17,C2982523704,560.67,754.87,0,0
419,CASH_OUT,178.32,C4709556409,104.95,0.0,M774126138,207.4,385.72,0,0
507,CASH_OUT,538.6,C7760151168,11391.52,10852.92,M904854658,73.08,611.68,0,0
341,PAYMENT,63.57,C2744024342,31.24,0.0,M692534776,64.41,127.98,0,0
127,PAYMENT,3826.93,C6379519536,1911.81,0.0,M296872392,774.58,4601.51,0,0
409,TRANSFER,743.94,C2807606704,6920.13,6176.19,C9211863090,453.58,1197.52,0,0
367,PAYMENT,2775.89,C6731795295,13491.45,10715.56,M775953079,5.43,2781.32,0,0
271,PAYMENT,3.01,C8111383110,35.86,32.85,M529317142,42.98,45.99,0,0
644,CASH_OUT,416.61,C5069232301,7.15,0.0,M391606525,3453.73,3870.34,0,0
605,DEBIT,662.57,C3803704429,669.4,6.83,M170463801,59.94,722.51,0,0
379,PAYMENT,400.65,C8859074015,263.85,0.0,M333526296,3947.7,4348.35,0,0
73,PAYMENT,422.0,C2104878040,31.55,0.0,M785434449,399.4,821.4,0,0
248,CASH_OUT,212.24,C1476303560,41.93,0.0,M457617949,117.93,330.17,0,0
43,CASH_IN,36854.63,C9322730231,331.88,0.0,C2785008968,144.24,36998.87,0,0
377,CASH_OUT,656.23,C5857617156,78666.99,78010.76,M929736579,1684.73,2340.96,0,0
41,PAYMENT,515.4,C3682756700,50.43,0.0,M253907676,37.79,553.19,0,0
170,CASH_IN,2625.81,C8591201148,10185.73,7559.92,C9612021635,13.88,2639.69,0,0
212,TRANSFER,131.88,C8511701910,27.71,0.0,C6913816867,64.62,196.5,0,0
493,PAYMENT,30.71,C2727110324,166.65,135.94,M718560917,17.01,47.72,0,0
680,CASH_IN,2475.9,C5276834962,23.79,0.0,C6133268718,27.33,2503.23,0,0
39,CASH_OUT,207.05,C8869166141,250645.82,250438.77,M397408429,26.23,233.28,0,0
369,CASH_IN,6133.05,C4224846203,11980.99,5847.94,C4175690763,559.1,6692.15,0,0
151,PAYMENT,5410.09,C7027301393,6332.4,922.31,M593477809,2.9,5412.99,0,0
111,PAYMENT,3.88,C4370640991,5573.83,5569.95,M199058869,507.03,510.91,0,0
480,CASH_IN,466.22,C8522944666,145.72,0.0,C4848432141,293.26,759.48,0,0
436,CASH_IN,3474.52,C6968229477,1198.67,0.0,C6570898038,2356.26,5830.78,0,0
47,CASH_OUT,12.06,C3003337573,80.38,68.32,M688236669,850.45,862.51,0,0
575,CASH_IN,838.92,C8974748992,922999.74,922160.82,C3990840001,774.32,1613.24,0,0
737,CASH_OUT,1503.87,C9558119463,65.91,0.0,M387929226,32.22,1536.09,0,0
366,CASH_IN,361.57,C2183054413,127.55,0.0,C4720985708,138.11,499.68,0,0
69,PAYMENT,366.84,C9601098731,60420.94,60054.1,M783953743,8.68,375.52,0,0
299,CASH_OUT,4432.1,C1536970141,843.95,0.0,M810074930,7336.97,11769.07,0,0
296,PAYMENT,20.31,C4249181506,4963.56,4943.25,M678033249,11413.32,11433.63,0,0
203,PAYMENT,2126.47,C9276415373,894.42,0.0,M222852317,1225.64,3352.11,0,0
61,PAYMENT,1010.86,C6451489568,195.71,0.0,M106523030,18.49,1029.35,0,0
314,CASH_OUT,5450.36,C1793510840,196.14,0.0,M809227011,1925.91,1925.91,1,0
161,CASH_OUT,60.57,C3759769217,9475.92,9415.35,M552990506,121.65,182.22,0,0
331,CASH_IN,7734.34,C4166072540,1936.09,0.0,C2452481798,6.03,7740.37,0,0
528,CASH_OUT,25.11,C9553713635,22192.88,22167.77,M366042200,153.57,178.68,0,0
338,PAYMENT,208.35,C8083620214,21504.11,21295.76,M839968239,5053.68,5262.03,0,0
606,CASH_IN,39.39,C2605640808,4639.99,4600.6,C1149755498,227.16,266.55,0,0
304,CASH_OUT,1718.95,C1045468043,15051.2,13332.25,M220100705,511.68,2230.63,0,0
503,PAYMENT,87.89,C1128035391,4199.63,4111.74,M630942567,19.38,107.27,0,0
650,PAYMENT,3902.78,C3877989897,2838.82,0.0,M320495663,213.21,4115.99,0,0
338,PAYMENT,13.79,C3678344646,487.92,474.13,M699687431,199.29,213.08,0,0
550,PAYMENT,165.58,C4944352596,15.95,0.0,M106994049,30.09,195.67,0,0
639,PAYMENT,14356.18,C5969157589,224.43,0.0,M627760311,613.4,14969.58,0,0
275,CASH_OUT,88.11,C4842952915,40864.13,40776.02,M295030548,197.79,285.9,0,0
164,CASH_IN,3356.59,C1035264575,2254.86,0.0,C1706694347,1520.56,4877.15,0,0
443,CASH_OUT,1623.95,C5422235112,401.46,0.0,M684273474,105.05,1729.0,0,0
319,TRANSFER,29.52,C9121453368,22120.43,22090.91,C7464630157,556.83,586.35,0,0
589,PAYMENT,615.68,C7925751832,358.01,0.0,M918979778,61.46,677.14,0,0
504,CASH_IN,8581.41,C3754968339,6434.41,0.0,C1502843803,7.17,8588.58,0,0
686,PAYMENT,177.68,C9807104167,30464.87,30287.19,M219478599,5610.87,5788.55,0,0
387,CASH_OUT,101.51,C6200738198,5005.57,4904.06,M701324792,118.92,220.43,0,0
603,CASH_IN,778.15,C9158169174,15590.42,14812.27,C7878070410,39.32,817.47,0,0
691,CASH_OUT,262.55,C4537833385,3574.36,3311.81,M664275790,1425.36,1687.91,0,0
494,CASH_OUT,20.25,C9845689911,9.38,0.0,M856240631,398.59,418.84,0,0
490,CASH_OUT,258.89,C4491744472,29057.38,28798.49,M525732974,14.17,273.06,0,0
721,TRANSFER,152.84,C7113819417,8151.45,7998.61,C6255174054,227.69,,0,0
73,PAYMENT,308.56,C1465597917,512.43,203.87,M153180701,6.09,314.65,0,0
509,PAYMENT,3.3,C2712163131,252.44,249.14,M327007869,72.68,75.98,0,0
390,CASH_IN,836.02,C3875430552,1493.68,657.66,C9553103069,11416.22,12252.24,0,0
619,PAYMENT,15.37,C1135059467,54.7,39.33,M910024576,27.43,42.8,0,0
295,CASH_IN,1796.12,C1693641766,11582.2,9786.08,C3374532131,65.45,1861.57,0,0
369,PAYMENT,3443.41,C4812781761,751.77,0.0,M436463778,648.4,4091.81,0,0
694,CASH_IN,7.6,C9167780844,115.82,108.22,C2284299198,26.7,34.3,0,0
549,CASH_OUT,5377.8,C4463883631,5774.59,396.79,M820197848,64.61,5442.41,0,0
649,CASH_OUT,319.34,C8903391051,3593.48,0.0,M925135979,5181.54,5181.54,1,0
568,PAYMENT,3476.99,C3382120712,8451.75,4974.76,M398686128,38.68,3515.67,0,0
187,PAYMENT,2597.48,C3568086866,44.2,0.0,M434200978,208.53,2806.01,0,0
445,PAYMENT,22.41,C6373577552,6918.6,6896.19,M924434912,66.11,88.52,0,0
570,PAYMENT,73.25,C2648847637,95449.21,95375.96,M124238085,108.68,181.93,0,0
363,CASH_OUT,10182.49,C4909961042,985.21,0.0,M462777253,558.25,10740.74,0,0
123,PAYMENT,33.75,C4444167121,840.59,806.84,M187344920,401.5,435.25,0,0
188,PAYMENT,830.35,C7879134371,33.93,0.0,M659780765,87.99,918.34,0,0
742,CASH_OUT,88.96,C9664784601,1346.4,1257.44,M409423130,293.94,382.9,0,0
680,PAYMENT,66.16,C8526867590,84.94,18.78,M336917947,3991.61,4057.77,0,0
420,CASH_OUT,388.64,C4540073174,20311.34,19922.7,M619812846,312.76,701.4,0,0
626,PAYMENT,32297.1,C3551427411,472615.8,440318.7,M527052087,384.32,32681.42,0,0
252,CASH_OUT,1874.66,C2866958543,503520.5,501645.84,M365173329,63.68,1938.34,0,0
619,TRANSFER,49.04,C6598979054,129.01,79.97,C5547194524,1449.44,1498.48,0,0
549,PAYMENT,596.39,C7138535361,173.43,0.0,M336353624,32.21,628.6,0,0
335,CASH_OUT,9.79,C1500671784,4978.59,4968.8,M515037014,11069.76,11079.55,0,0
92,PAYMENT,4.44,C5404630337,617.14,612.7,M219806647,300.98,305.42,0,0
530,CASH_IN,565.81,C3244587435,1135.75,569.94,C8241723742,185.94,751.75,0,0
63,PAYMENT,1685.63,C5797976485,506792.31,505106.68,M781206758,7703.14,9388.77,0,0
662,CASH_IN,9154.82,C7738325934,73.01,0.0,C5389131991,2330.34,11485.16,0,0
512,CASH_OUT,850.51,C5414734736,2135.95,1285.44,M933227032,13282.82,14133.33,0,0
139,CASH_IN,408.62,C4275895753,2840.8,2432.18,C5157561433,3804.75,4213.37,0,0
698,PAYMENT,204.84,C7583597157,15140.87,14936.03,M680995350,88.62,293.46,0,0
185,CASH_OUT,1159.33,C5070513104,126.9,0.0,M211087953,115.04,1274.37,0,0
205,PAYMENT,35.45,C2096902253,44734.57,44699.12,M108294134,716.04,751.49,0,0
214,TRANSFER,103.9,C7965716373,2113.47,2009.57,C1622640202,176.15,280.05,0,0
256,CASH_IN,37.96,C4674614971,138.11,100.15,C6267199747,4439.41,4477.37,0,0
135,PAYMENT,141.41,C6720542243,698.13,556.72,M704479593,38.1,179.51,0,0
573,CASH_OUT,94.68,C7990286728,13444.46,13349.78,M154458141,285.86,380.54,0,0
88,PAYMENT,82.68,C4658449769,200094.29,200011.61,M457318018,157.69,240.37,0,0
207,CASH_OUT,112.2,C7181747283,455.57,343.37,M384003886,149.72,261.92,0,0
129,CASH_OUT,615.0,C7233155203,217545.26,216930.26,M148748028,374.97,989.97,0,0
3,PAYMENT,5105.08,C6025082247,24486.26,19381.18,M570902781,142.54,5247.62,0,0
121,CASH_IN,718.05,C2428433495,305.94,0.0,C1455681455,148.04,866.09,0,0
385,PAYMENT,128.18,C7465164311,4944.8,4816.62,M222339913,25.2,153.38,0,0
614,CASH_OUT,968.76,C7340912790,9702.88,8734.12,M566264062,350.51,1319.27,0,0
38,PAYMENT,502.94,C2323472931,602.31,99.37,M670954607,67.19,570.13,0,0
341,TRANSFER,565.97,C2210796263,219.0,0.0,C1485494097,62.86,628.83,0,0
645,CASH_IN,385.18,C7461558361,785.27,400.09,C2007740247,302.95,688.13,0,0
714,PAYMENT,12727.04,C5500843745,416.39,0.0,M174201373,764.6,13491.64,0,0
21,TRANSFER,491.56,C3120466002,2186.55,1694.99,C6783697906,29313.76,29805.32,0,0
242,CASH_IN,131.27,C1285767288,256934.72,256803.45,C8773884499,78.9,210.17,0,0
455,CASH_OUT,85.25,C7186397559,3452.05,3366.8,M707260210,2411.19,2496.44,0,0
621,CASH_OUT,2447.55,C7005499714,100915.46,98467.91,M333675120,201.77,2649.32,0,0
303,TRANSFER,37.6,C2598171264,4541.79,4504.19,C8131876992,16159.45,16197.05,0,0
596,PAYMENT,6087.44,C6103947590,1518728.4,1512640.96,M469758757,53464.94,59552.38,0,0
595,CASH_OUT,8.73,C7904161416,143.46,134.73,M233755494,34.95,43.68,0,0
69,PAYMENT,4687.08,C7087862444,6.27,0.0,M477619373,568.13,5255.21,0,0
129,CASH_IN,1987.16,C3349309495,2171.07,183.91,C2614853582,956.44,2943.6,0,0
196,DEBIT,167.48,C3725374880,2975.94,2808.46,M877217423,13051.58,13219.06,0,0
140,CASH_OUT,89.98,C6158986465,56416.99,56327.01,M256068612,39.39,129.37,0,0
444,PAYMENT,4742.4,C1538827458,128174.87,123432.47,M869354116,5057.46,9799.86,0,0
283,CASH_IN,14749.53,C4571888094,22.25,0.0,C8923506232,446.53,15196.06,0,0
312,PAYMENT,118.25,C9282907301,712.97,594.72,M664694642,4.04,122.29,0,0
535,CASH_OUT,1288.04,C3908245939,1552.39,264.35,M938834634,328.92,1616.96,0,0
665,TRANSFER,2861.19,C1834339181,61.31,0.0,C1490226510,2187.03,5048.22,0,0
277,PAYMENT,1347.32,C1898757157,773.02,0.0,M704820030,12218.78,13566.1,0,0
61,PAYMENT,449.72,C3801623344,16766.68,16316.96,M687160551,603.46,1053.18,0,0
319,PAYMENT,185.0,C6992649827,20049.27,19864.27,M473572782,341.33,526.33,0,0
52,CASH_OUT,703.47,C9865608214,2796.87,2093.4,M646480346,4.5,707.97,0,0
153,TRANSFER,6.23,C5055748237,76119.23,76113.0,C4691207367,930.8,937.03,0,0
311,PAYMENT,5892.82,C9271282427,2620.79,0.0,M688338650,80.58,5973.4,0,0
544,PAYMENT,13.28,C8366465243,26846.56,26833.28,M396545572,195.18,208.46,0,0
567,CASH_OUT,75.42,C3491198439,134.83,59.41,M782324332,3688.17,3763.59,0,0
389,PAYMENT,205.48,C9712455675,159.07,0.0,M881126282,1542.27,1747.75,0,0
548,CASH_IN,54.74,C5599707616,197375.62,197320.88,C5497678144,1314.99,1369.73,0,0
622,CASH_IN,42.25,C7399169302,323.89,281.64,C8348904428,43.56,85.81,0,0
177,TRANSFER,6761.18,C2283621778,13823.24,7062.06,C7826789345,11.79,6772.97,0,0
362,PAYMENT,14657.68,C3070433259,293.7,0.0,M205708005,69.58,14727.26,0,0
314,CASH_IN,8928.76,C4042934217,2908.72,0.0,C2920655612,17.46,8946.22,0,0
97,PAYMENT,2145.3,C1228171389,780.97,0.0,M289040390,6086.57,8231.87,0,0
213,CASH_IN,55776.36,C4789889720,6570.43,0.0,C3251292927,640.02,56416.38,0,0
137,CASH_IN,236.84,C8099880874,6483.98,6247.14,C9907386385,41167.44,41404.28,0,0
6,PAYMENT,195.48,C7525951432,209.8,14.32,M104908102,1223.65,1419.13,0,0
109,CASH_OUT,412.62,C1497053815,7149.04,6736.42,M984820861,14109.52,14522.14,0,0
547,CASH_OUT,7030.98,C3865018251,63.04,0.0,M499347897,1178.48,8209.46,0,0
39,PAYMENT,1302.51,C4488651401,81996.37,80693.86,M833447064,6420.32,7722.83,0,0
662,TRANSFER,12771.17,C2633335881,2692.16,0.0,C1618987794,416.9,13188.07,0,0
425,CASH_OUT,459.73,C7150021379,0.57,0.0,M413201823,9287.17,9287.17,1,0
630,CASH_OUT,20.14,C2074431471,41.63,21.49,M535424267,3522.81,3542.95,0,0
261,CASH_OUT,104.95,C5770218599,6069.18,5964.23,M522592844,12.59,117.54,0,0
426,CASH_IN,3132.11,C2661154105,12107.47,8975.36,C7378910944,3794.44,6926.55,0,0
87,PAYMENT,150.02,C8318606877,412.9,262.88,M805620854,2209.73,2359.75,0,0
465,CASH_OUT,488.2,C7013904172,1623.87,1135.67,M591663771,3.24,491.44,0,0
76,PAYMENT,660.85,C8152993180,6728.43,6067.58,M321065044,288.8,949.65,0,0
471,PAYMENT,15008.43,C9698279632,29080.67,14072.24,M457378780,5624.26,20632.69,0,0
414,PAYMENT,2342.34,C3035259516,10610.87,8268.53,M429561000,1.76,2344.1,0,0
726,CASH_IN,1582.25,C8171532366,270.16,0.0,C3257110955,2172.94,3755.19,0,0
457,CASH_OUT,553.33,C3339413785,33213.52,32660.19,M353853137,1019.7,1573.03,0,0
285,PAYMENT,76.56,C8601174766,4.79,0.0,M734444195,458.44,535.0,0,0
239,CASH_OUT,655.36,C1386708137,544.83,0.0,M505276559,1103463.32,1104118.68,0,0
677,CASH_OUT,31302.99,C5925071079,5167.32,0.0,M412624524,2450.6,2450.6,1,0
599,PAYMENT,1126.04,C3321248520,53.78,0.0,M491110581,105.98,1232.02,0,0
653,CASH_OUT,133.91,C8620467372,1258.18,1124.27,M641025650,195.02,328.93,0,0
672,PAYMENT,174.65,C9989681455,4373.28,4198.63,M719634137,3858.86,4033.51,0,0
558,CASH_OUT,6886.15,C3433043652,157.68,0.0,M156534827,1844.17,8730.32,0,0
372,CASH_OUT,139.07,C3087652167,1765.38,1626.31,M222506249,210.48,349.55,0,0
495,CASH_IN,269.99,C1803798699,51.56,0.0,C2334707765,4977.43,5247.42,0,0
624,PAYMENT,41.1,C2940176308,13549.08,13507.98,M762449635,29.95,71.05,0,0
45,CASH_IN,231.39,C8174027659,4160.32,3928.93,C4759544941,3754.18,3985.57,0,0
401,CASH_IN,1038.99,C5695846123,6952.46,5913.47,C6620084546,128.47,1167.46,0,0
247,PAYMENT,222.95,C8891914820,922.02,699.07,M633831165,2080.23,2303.18,0,0
616,CASH_IN,423.8,C5243514410,17.03,0.0,C6703710539,37327.73,37751.53,0,0
597,PAYMENT,40.21,C9598831297,786.96,746.75,M972885769,3.89,44.1,0,0
450,CASH_OUT,132.41,C4984639584,82073.51,81941.1,M768192877,166.79,299.2,0,0
485,CASH_OUT,28691.52,C5892212878,13917.91,0.0,M696178002,1.72,28693.24,0,0
646,PAYMENT,308.61,C1603112232,86099.49,85790.88,M644147049,1973.73,2282.34,0,0
620,CASH_OUT,833.68,C9389426906,1259.29,425.61,M953704911,7383.21,8216.89,0,0
18,CASH_OUT,81.11,C1132349695,194.46,113.35,M457861558,76.72,157.83,0,0
606,CASH_OUT,447.4,C1646794561,4753.09,4305.69,M553953855,1214.94,1662.34,0,0
662,CASH_OUT,234.8,C2247607150,678.4,443.6,M850172995,916.95,1151.75,0,0
289,CASH_OUT,3643.03,C1914936276,271.81,0.0,M186453381,971.15,4614.18,0,0
414,CASH_OUT,3312.95,C8080492088,14.34,0.0,M968035589,2064.71,5377.66,0,0
721,CASH_OUT,4092.32,C1136697510,2529.18,0.0,M875195570,1605.08,5697.4,0,0
638,CASH_OUT,473.71,C1441749936,11413.6,10939.89,M627247650,130.04,603.75,0,0
235,PAYMENT,23853.76,C8317866791,59.62,0.0,M565783920,163.8,24017.56,0,0
416,CASH_OUT,2013.38,C4989924253,45389.06,43375.68,M930428570,,2023.11,0,0
499,CASH_IN,23.13,C3322634297,2047.04,2023.91,C5156496620,1.97,25.1,0,0
634,CASH_IN,8821.6,C9116628707,1444.97,0.0,C7821934651,369.22,9190.82,0,0
650,PAYMENT,398.81,C2008606377,52.01,0.0,M530401619,28859.03,29257.84,0,0
115,CASH_IN,3932.1,C7697481937,4100.05,167.95,C1673237663,35.22,3967.32,0,0
674,PAYMENT,49.13,C9248480571,61.45,12.32,M182145194,93.04,142.17,0,0
713,CASH_OUT,349.87,C5490271432,100.75,0.0,M348660551,471.48,821.35,0,0
234,CASH_IN,1807.88,C6130629676,16.76,0.0,C8654451491,172.71,1980.59,0,0
540,CASH_OUT,657.17,C2487411225,937534.0,936876.83,M353167859,373.6,1030.77,0,0
11,TRANSFER,299.22,C6150399579,972.16,672.94,C5841671028,970.36,1269.58,0,0
206,PAYMENT,2.95,C8830951314,238.84,235.89,M433184437,676.62,679.57,0,0
679,CASH_OUT,91.86,C5932097801,987.7,895.84,M783100060,36.8,128.66,0,0
247,PAYMENT,57.15,C6416713699,312.6,255.45,M724602296,28.76,85.91,0,0
559,PAYMENT,9.75,C8851344202,700.69,690.94,M619083169,686.87,696.62,0,0
127,CASH_OUT,97.63,C3106752736,2778.36,2680.73,M413267535,13.59,111.22,0,0
147,PAYMENT,16604.52,C7217274730,397.14,0.0,M578997161,6053.5,22658.02,0,0
118,CASH_IN,4085.66,C5875883939,1495.19,0.0,C1152029557,826.46,4912.12,0,0
382,PAYMENT,75.92,C3190186180,374140.32,374064.4,M727127962,6756.2,6832.12,0,0
412,CASH_OUT,124.38,C7269136568,11.21,0.0,M546611834,1436.06,1560.44,0,0
664,CASH_OUT,124.89,C2019207104,63.69,0.0,M311285901,335.71,460.6,0,0
584,CASH_IN,1830.06,C5729859443,3766.27,1936.21,C3106802262,5039.45,6869.51,0,0
363,PAYMENT,906.87,C2207172561,33559.85,32652.98,M917442414,380.99,1287.86,0,0
509,PAYMENT,97.1,C6025294431,1944619.41,1944522.31,M489356645,145.58,242.68,0,0
137,TRANSFER,122.33,C5465740064,3091.09,2968.76,C9394090201,6.52,128.85,0,0
175,CASH_OUT,3507.2,C7222733527,52.06,0.0,M402618046,277.94,3785.14,0,0
289,PAYMENT,8508.06,C4290247626,47256.33,38748.27,M371984214,54.2,8562.26,0,0
481,CASH_IN,67.14,C1980865813,1497.43,1430.29,C4800151663,62.87,130.01,0,0
19,CASH_IN,319.24,C8221326290,1359.52,1040.28,C9610888618,115.3,434.54,0,0
195,CASH_OUT,521.56,C1224292732,8.52,0.0,M319398695,1473.36,1994.92,0,0
330,CASH_OUT,276.44,C8408482728,20360.1,20083.66,M938483751,30.81,307.25,0,0
175,CASH_IN,3868.13,C4870292510,109.61,0.0,C2951540120,15.29,3883.42,0,0
449,CASH_OUT,297.5,C4995274338,4524.46,4226.96,M801489629,4.56,302.06,0,0
354,TRANSFER,18329.53,C3942883259,1297.46,0.0,C4012626143,1171.16,19500.69,0,0
499,CASH_OUT,4455.77,C5987542134,1805.78,0.0,M458591524,2198.14,6653.91,0,0
141,CASH_OUT,102.23,C2127341554,1248.49,1146.26,M427062484,104.41,206.64,0,0
93,CASH_OUT,461.12,C3282080956,166.48,0.0,M461590684,122.15,583.27,0,0
239,CASH_IN,57.22,C6953875861,133.95,76.73,C6835050569,3539.45,3596.67,0,0
205,CASH_IN,184.38,C3822373502,11723.24,11538.86,C3275448673,276.95,461.33,0,0
560,PAYMENT,2301.62,C4328695179,1054.14,0.0,M904478533,1025.44,3327.06,0,0
433,TRANSFER,659.5,C4209549159,213.34,0.0,C6041490018,718.86,1378.36,0,0
245,CASH_OUT,27585.57,C4582958005,304.61,0.0,M160277187,33.15,27618.72,0,0
317,CASH_OUT,35.03,C1283152526,6124.09,6089.06,M609950894,1161.58,1196.61,0,0
295,CASH_IN,377.69,C9674929550,201.29,0.0,C1481743951,609.84,987.53,0,0
640,CASH_IN,146.71,C4194420746,59261.06,59114.35,C2266492455,96.63,243.34,0,0
282,CASH_IN,214.38,C1262241000,743.22,528.84,C1267388810,171.89,386.27,0,0
17,CASH_IN,438.7,C7932413137,457.67,18.97,C7315510545,12.96,451.66,0,0
71,PAYMENT,104.18,C1781675860,5139.27,5035.09,M278218102,2969.53,3073.71,0,0
269,CASH_OUT,2740.28,C5310346565,538.96,0.0,M884650481,647.27,3387.55,0,0
325,TRANSFER,13397.51,C2662917687,2847.77,0.0,C2517508838,557.81,13955.32,0,0
305,CASH_OUT,3.78,C3277379336,954.22,950.44,M632111470,494.18,497.96,0,0
451,PAYMENT,6540.75,C4840617430,14.3,0.0,M270301520,1062.31,7603.06,0,0
7,CASH_IN,61919.08,C4991130235,76.08,0.0,C4335847491,9.46,61928.54,0,0
314,CASH_OUT,589.6,C1226938159,2280.31,1690.71,M490399466,387849.66,388439.26,0,0
103,CASH_IN,118.96,C5096077025,355.12,236.16,C6094516653,2423.46,2542.42,0,0
193,CASH_OUT,128.46,C1265432226,188509.18,188380.72,M236128398,998.16,1126.62,0,0
574,CASH_IN,217.98,C5308071696,153.38,0.0,C1593869596,41028.02,41246.0,0,0
529,PAYMENT,954.15,C4758121014,41.55,0.0,M445937353,969.84,1923.99,0,0
171,PAYMENT,171.6,C5801892279,1210.91,1039.31,M194253495,49726.1,49897.7,0,0
537,PAYMENT,343.88,C8779969643,2053.65,1709.77,M634424659,80933.59,81277.47,0,0
251,CASH_OUT,59.63,C6283949228,9985.07,9925.44,M898208681,12197.72,12257.35,0,0
387,PAYMENT,161.81,C6938678516,2.09,0.0,M129705299,399.15,560.96,0,0
207,PAYMENT,176.9,C3335823675,47510.91,47334.01,M626739800,340.28,517.18,0,0
541,PAYMENT,375.64,C4013038852,41.59,0.0,M566886022,,538.93,0,0
629,CASH_OUT,21.97,C8143737717,16698.19,16676.22,M341552004,3057.97,3079.94,0,0
416,CASH_OUT,208.57,C4634029326,146351.02,146142.45,M303442734,30.8,239.37,0,0
380,CASH_OUT,262.71,C9253188262,7092.55,6829.84,M738269405,277.12,539.83,0,0
144,CASH_IN,583.8,C9395562764,62.37,0.0,C5832846060,1.71,585.51,0,0
25,CASH_OUT,6614.9,C4427226977,676.88,0.0,M712690581,29.72,6644.62,0,0
668,CASH_IN,329.41,C1734367426,7251.62,6922.21,C9556799303,517.17,846.58,0,0
73,CASH_IN,35.36,C1688924296,1191.61,1156.25,C4557794457,1749.0,1784.36,0,0
632,CASH_IN,525.39,C9952985771,79.6,0.0,C1340230266,5009.12,5534.51,0,0
93,CASH_IN,97.75,C6357350621,1407.54,1309.79,C2628812713,489.45,587.2,0,0
505,CASH_OUT,92.82,C7929288891,301.34,208.52,M950534329,100.73,193.55,0,0
598,CASH_IN,223.22,C1133747878,4938.87,4715.65,C6936869773,92.45,315.67,0,0
336,PAYMENT,142.75,C1343474481,77.14,0.0,M840290970,78.73,221.48,0,0
425,CASH_IN,47.94,C8266973200,8.71,0.0,C1448793496,65196.15,65244.09,0,0
499,CASH_IN,152.87,C4641738617,86.36,0.0,C7727104612,138.03,290.9,0,0
364,CASH_OUT,1003.65,C1715036490,15.43,0.0,M703673043,1059.67,2063.32,0,0
630,PAYMENT,437.5,C2769655231,227.97,0.0,M738873980,225.22,662.72,0,0
199,PAYMENT,55.4,C7053642251,5870.84,5815.44,M719719761,1787.54,1842.94,0,0
718,PAYMENT,72.18,C4852762296,409.59,337.41,M683142335,35.27,107.45,0,0
413,CASH_OUT,516.21,C7018161409,1032.05,515.84,M903111456,105.67,621.88,0,0
339,CASH_OUT,56.02,C6361599248,88.9,32.88,M886427329,1251.99,1308.01,0,0
659,PAYMENT,67.12,C2997873869,1152.4,1085.28,M870644518,75.76,142.88,0,0
429,PAYMENT,128.76,C1795817591,100.48,0.0,M275319941,2173.45,2302.21,0,0
139,TRANSFER,57.76,C9604846319,56.15,0.0,C7052820909,1507.1,1564.86,0,0
693,CASH_IN,493.47,C6275063649,623.56,130.09,C5568576653,406.83,900.3,0,0
542,PAYMENT,218.03,C4529014592,202.14,0.0,M520052963,235.67,453.7,0,0
57,CASH_OUT,6690.77,C3365444265,0.97,0.0,M541017107,254.42,6945.19,0,0
232,CASH_OUT,39.5,C5925284184,899.33,0.0,M837477521,3124.94,3124.94,1,0
658,PAYMENT,4030.12,C8808926434,95.99,0.0,M850108270,1473.38,5503.5,0,0
435,CASH_IN,648.51,C2917081630,80.88,0.0,C5924579493,20487.16,21135.67,0,0
384,PAYMENT,7959.41,C8538866335,35946.02,27986.61,M702109025,17.91,7977.32,0,0
560,PAYMENT,6067.6,C8978462751,9270.0,3202.4,M659293590,11.07,6078.67,0,0
194,CASH_IN,171.72,C5553160480,2799.63,2627.91,C1814739641,166.47,338.19,0,0
736,TRANSFER,24.1,C5099247406,1274.91,1250.81,C6134225290,228.91,253.01,0,0
648,CASH_OUT,300.34,C8410151820,4987.5,4687.16,M458113999,329.3,629.64,0,0
534,CASH_OUT,7.74,C8758679534,411.11,403.37,M120510587,18081.92,18089.66,0,0
518,CASH_OUT,1509.18,C9359040043,1336.53,0.0,M179568427,934.94,2444.12,0,0
716,CASH_IN,546.28,C4587798327,399.72,0.0,C5855811878,699.12,1245.4,0,0
185,TRANSFER,121.77,C8610853048,1451.92,1330.15,C1174646787,101.49,223.26,0,0
292,CASH_OUT,164.17,C2783207263,2238.81,2074.64,M872030937,280.02,444.19,0,0
335,CASH_OUT,52.24,C2321168531,1915.81,1863.57,M891429997,577.95,630.19,0,0
732,CASH_IN,378.42,C5250415262,437.62,59.2,C5011726178,281.06,659.48,0,0
116,CASH_IN,55.48,C8153309927,6166.36,6110.88,C1298855566,,667.32,0,0
49,DEBIT,374.57,C2372699184,661.17,286.6,M113872544,1140.42,1514.99,0,0
685,PAYMENT,817.46,C5654773880,619.93,0.0,M784302299,4012.68,4830.14,0,0
82,PAYMENT,1480.38,C8134045675,11.55,0.0,M128695087,4026.1,5506.48,0,0
333,CASH_OUT,983.33,C2492436756,130.53,0.0,M195889435,1013.81,1997.14,0,0
557,CASH_OUT,222.2,C3254190743,9554.5,9332.3,M602302547,9434.02,9656.22,0,0
335,PAYMENT,980.65,C1190837063,7778.6,6797.95,M803622171,903.45,1884.1,0,0
532,PAYMENT,528.6,C9290216706,1037.92,509.32,M613633652,57.05,585.65,0,0
221,CASH_OUT,519.9,C7317036173,271.62,0.0,M598844238,7.29,527.19,0,0
635,CASH_IN,51.78,C4692191865,1601.49,1549.71,C5040616311,12700.93,12752.71,0,0
733,CASH_OUT,33.23,C4700040963,2.76,0.0,M542231714,97.72,130.95,0,0
323,CASH_IN,675.81,C5547134616,1555.06,879.25,C3931063817,4046.45,4722.26,0,0
3,CASH_OUT,1067.08,C4147641462,48.55,0.0,M560486925,16781.23,17848.31,0,0
694,CASH_IN,116.5,C1185514868,873.84,757.34,C1781251393,39.85,156.35,0,0
206,CASH_OUT,4223.73,C8020331208,1865.11,0.0,M755563185,50.17,4273.9,0,0
40,CASH_IN,33752.86,C6014520362,457.57,0.0,C4484206382,4106.04,37858.9,0,0
59,CASH_OUT,13453.99,C5823665698,7089.99,0.0,M565211436,1198.92,14652.91,0,0
574,PAYMENT,236.68,C3413655644,225.86,0.0,M849245425,213.4,450.08,0,0
644,CASH_IN,169.69,C9842625841,177.41,7.72,C4739314240,863.55,1033.24,0,0
507,CASH_OUT,1946.25,C6001101541,5222.81,3276.56,M484267792,2602.2,4548.45,0,0
572,CASH_OUT,1568.27,C9368538520,445.68,0.0,M935743915,3413.71,4981.98,0,0
122,CASH_IN,43.54,C8493604955,31787.1,31743.56,C2233718781,,16144.34,0,0
479,CASH_IN,248.53,C1938518254,1134.37,885.84,C4940483993,82.18,330.71,0,0
619,CASH_OUT,1514.9,C7209789691,4351.19,2836.29,M867719767,7984.12,9499.02,0,0
96,CASH_OUT,67.19,C8533605716,11250.28,11183.09,M515244614,55016.13,55083.32,0,0
414,CASH_OUT,90.99,C5311844818,916.87,825.88,M693695658,1548.81,1639.8,0,0
235,CASH_OUT,123.05,C8278600126,24.1,0.0,M512562521,18888.17,19011.22,0,0
62,TRANSFER,181.54,C1623314782,5264.5,5082.96,C2988736203,258.44,439.98,0,0
256,PAYMENT,17.49,C9183528995,21635.07,21617.58,M200111660,661.13,678.62,0,0
561,PAYMENT,1612.99,C3988105908,564.58,0.0,M208299146,1487.0,3099.99,0,0
348,TRANSFER,92.92,C2959355845,13117.49,13024.57,C2129265570,633.32,726.24,0,0
671,PAYMENT,604.71,C4139315797,59.14,0.0,M341117599,70.81,675.52,0,0
124,PAYMENT,487.93,C3081203366,1594.07,1106.14,M787774385,26.73,514.66,0,0
482,CASH_OUT,53.33,C2618628659,536.65,483.32,M940702496,4713.6,4766.93,0,0
317,PAYMENT,11.79,C3567149773,21.28,9.49,M348425796,3808.96,3820.75,0,0
504,PAYMENT,482.15,C7601250034,2968.03,2485.88,M724637728,6.08,488.23,0,0
719,CASH_OUT,168.76,C7423944898,119.08,0.0,M746483705,2337.92,2506.68,0,0
48,CASH_OUT,1003.23,C2591492971,2810.34,1807.11,M515808231,1074.63,2077.86,0,0
409,CASH_OUT,2047.64,C2394465399,90.48,0.0,M222881164,108.56,2156.2,0,0
136,CASH_OUT,6.84,C4303583292,16.7,9.86,M137057504,1034.32,1041.16,0,0
201,PAYMENT,254.14,C6505852118,183.91,0.0,M519471394,37.59,291.73,0,0
250,PAYMENT,3240.56,C2289996214,14586.72,11346.16,M729164306,144.55,3385.11,0,0
314,PAYMENT,7147.7,C4252773711,735.23,0.0,M945369953,52.94,7200.64,0,0
368,CASH_OUT,10.33,C5500456530,1198.89,1188.56,M223720353,3767.64,3777.97,0,0
429,PAYMENT,4039.76,C2831029800,1554.76,0.0,M615500997,184.74,4224.5,0,0
480,CASH_OUT,53.57,C8968700913,1414.2,1360.63,M536794932,122.65,176.22,0,0
314,PAYMENT,1655.53,C9392773296,118840.77,117185.24,M544171993,71.06,1726.59,0,0
500,CASH_IN,134.58,C1973031544,988.45,853.87,C9524834595,2616.05,2750.63,0,0
721,CASH_OUT,1796.11,C5942408135,9.36,0.0,M297725149,1927.21,3723.32,0,0
355,CASH_IN,195.68,C7124543958,432.78,237.1,C7691476070,164.33,360.01,0,0
485,CASH_IN,22.72,C1310303156,1300.92,1278.2,C1115210682,1222.38,1245.1,0,0
211,CASH_OUT,126.11,C2435363568,46.89,0.0,M367844928,0.29,126.4,0,0
704,CASH_OUT,1188.41,C7566954889,604.89,0.0,M175809406,50.25,1238.66,0,0
44,TRANSFER,173.33,C5603402927,624.37,451.04,C2523010422,8178.22,8351.55,0,0
541,CASH_OUT,47.16,C7416923777,92940.6,92893.44,M449634630,226.73,273.89,0,0
571,CASH_IN,31.73,C2358996917,201.52,169.79,C4281039548,23.65,55.38,0,0
583,PAYMENT,79.94,C5457413908,11778.55,11698.61,M587702516,33222.43,33302.37,0,0
92,CASH_OUT,78.57,C9750588659,761.36,682.79,M924200079,6.9,85.47,0,0
265,CASH_OUT,1272.08,C5343487654,9416.68,8144.6,M854653917,18.96,1291.04,0,0
220,PAYMENT,182.98,C3507220596,35926.3,35743.32,M826995135,45.5,228.48,0,0
442,PAYMENT,221.99,C2374950700,2844.2,2622.21,M731062715,65.56,287.55,0,0
401,CASH_IN,281.56,C2951724551,949.81,668.25,C9083173805,11992.44,12274.0,0,0
400,CASH_IN,1188.21,C6612170989,19367.74,18179.53,C3286260132,248.94,1437.15,0,0
727,CASH_IN,1442.79,C3235118617,28.27,0.0,C8972752594,134798.21,136241.0,0,0
576,CASH_OUT,140.64,C2839701358,1691.1,1550.46,M367914117,3.15,143.79,0,0
490,CASH_IN,237.95,C1924232900,48.62,0.0,C5247857418,4991.65,5229.6,0,0
485,CASH_IN,1458.21,C9159824489,8100.27,6642.06,C6003087719,149.92,1608.13,0,0
470,TRANSFER,100.32,C7724770410,1402.41,1302.09,C8558359008,150.32,250.64,0,0
574,PAYMENT,134.98,C8959465702,915.14,780.16,M853400014,125.88,260.86,0,0
682,CASH_IN,1452.15,C5013365581,434.82,0.0,C7139289308,196.14,1648.29,0,0
445,PAYMENT,128.01,C9912209865,5953.86,5825.85,M455952514,3743.36,3871.37,0,0
269,CASH_OUT,661.92,C4379746277,12.58,0.0,M373003549,78.23,740.15,0,0
267,DEBIT,17.13,C9445228947,127589.21,127572.08,M345646642,406.72,423.85,0,0
54,CASH_OUT,1296.61,C5110618679,768.35,0.0,M365738636,6211.64,7508.25,0,0
528,CASH_OUT,269.96,C6568696168,42.53,0.0,M887853401,2.07,272.03,0,0
520,CASH_IN,910.17,C4940476382,1.53,0.0,C3333024792,67661.15,68571.32,0,0
616,CASH_OUT,3784.92,C7837111672,720.06,0.0,M731559772,8672.2,12457.12,0,0
59,CASH_IN,206.98,C3188997029,1949.94,1742.96,C6748418732,1403.49,1610.47,0,0
40,CASH_IN,18.78,C5402497320,2352.8,2334.02,C1160120223,1125.75,1144.53,0,0
237,CASH_OUT,195.63,C7636881263,29.2,0.0,M334247842,764.5,960.13,0,0
386,PAYMENT,4578.53,C9310154600,50.67,0.0,M829036600,92.1,4670.63,0,0
606,CASH_IN,566.62,C5531518872,32542.03,31975.41,C5737074818,3572.71,4139.33,0,0
734,PAYMENT,48.0,C8011953918,22.61,0.0,M469385507,258.6,306.6,0,0
716,TRANSFER,273.83,C2142309698,1448.49,0.0,C1092124574,34.46,34.46,1,0
650,CASH_IN,1070.21,C7050292564,418.57,0.0,C7333726058,10175.38,11245.59,0,0
300,CASH_OUT,313.88,C5361903240,287.21,0.0,M954176338,47.37,361.25,0,0
395,CASH_OUT,297.27,C6646986221,552.82,255.55,M758192684,3905.4,4202.67,0,0
207,TRANSFER,96.8,C1633364697,284.58,187.78,C5338729759,277.11,373.91,0,0
336,PAYMENT,113.66,C2231311210,261.82,148.16,M296047601,1729.45,1843.11,0,0
593,CASH_OUT,629.5,C8746509530,13315.46,12685.96,M781814445,37.78,667.28,0,0
730,CASH_IN,1080.25,C9234989042,399.62,0.0,C1734756075,35.4,1115.65,0,0
514,CASH_IN,285.25,C9175238239,52.11,0.0,C2914692194,2777.43,3062.68,0,0
178,PAYMENT,150.22,C2472777016,889.18,738.96,M725172101,19347.12,19497.34,0,0
396,PAYMENT,1831.19,C9713782198,77.71,0.0,M145930046,8360.99,10192.18,0,0
371,PAYMENT,172.88,C2480523256,72.39,0.0,M945172779,927.31,1100.19,0,0
658,CASH_IN,719.55,C5761248082,41694.23,40974.68,C1267432131,25.62,745.17,0,0
318,CASH_IN,1171.5,C8713011896,693.71,0.0,C3249195099,1.82,1173.32,0,0
736,TRANSFER,32.2,C4941991866,44.99,12.79,C9630538458,46464.31,46496.51,0,0
369,PAYMENT,533.51,C4559126905,847.8,314.29,M801983729,105.33,638.84,0,0
384,CASH_IN,1.83,C2574330590,1286.32,1284.49,C2598820568,11262.74,11264.57,0,0
62,TRANSFER,328.74,C9108394253,653.48,324.74,C8891657030,1749.39,2078.13,0,0
505,CASH_OUT,1285.62,C4429336604,323.38,0.0,M243203658,2.12,1287.74,0,0
239,CASH_OUT,791.43,C4251874421,34.19,0.0,M257308509,268.67,1060.1,0,0
195,CASH_IN,1998.21,C2453137320,387.96,0.0,C6569785019,1286.14,3284.35,0,0
678,CASH_OUT,813.15,C2033508992,150.67,0.0,M467404712,6.23,819.38,0,0
222,CASH_OUT,136.36,C8632065909,808.33,671.97,M688756562,152.04,288.4,0,0
61,CASH_OUT,18.57,C5320913993,3154.76,3136.19,M331759257,27.27,45.84,0,0
129,PAYMENT,505.88,C9326207616,87425.55,86919.67,M846000377,14192.54,14698.42,0,0
685,CASH_OUT,1051.12,C3909237192,7608.73,6557.61,M874369422,52.65,1103.77,0,0
156,CASH_OUT,12.0,C2404249034,1.24,0.0,M341699873,1221.11,1233.11,0,0
378,TRANSFER,904.88,C1996369805,1912.09,1007.21,C7870043377,50.85,955.73,0,0
622,CASH_IN,480.81,C1759594434,48505.1,48024.29,C3495184485,76.25,557.06,0,0
586,CASH_IN,194.54,C6483774725,768.04,573.5,C3139953094,270.73,465.27,0,0
437,CASH_OUT,972.16,C8674642636,53581.67,52609.51,M972771061,528.27,1500.43,0,0
207,CASH_IN,232.58,C2038822907,69.29,0.0,C6073892767,456.97,689.55,0,0
388,CASH_IN,204.6,C4014125261,122.27,0.0,C2437819513,6.15,210.75,0,0
480,PAYMENT,31.74,C6976972473,718.71,686.97,M318843172,4021.08,4052.82,0,0
340,CASH_OUT,906.37,C9619973762,760.91,0.0,M123872392,19331.75,20238.12,0,0
340,PAYMENT,29.6,C6634554134,8881.97,8852.37,M956602100,641.26,670.86,0,0
204,CASH_IN,102.7,C6110814473,1101.96,999.26,C1882168335,292.89,395.59,0,0
161,PAYMENT,1003.83,C3336642505,835.15,0.0,M376474242,6404.61,7408.44,0,0
540,CASH_IN,288.6,C4675372467,535366.66,535078.06,C5797731401,1610.73,1899.33,0,0
392,PAYMENT,12309.87,C5018075497,156.96,0.0,M592329440,400.77,12710.64,0,0
677,PAYMENT,1320.43,C9590583949,27492.15,26171.72,M596778126,137.38,,0,0
575,CASH_IN,1812.88,C4176543221,3099.58,1286.7,C9642559721,440.78,2253.66,0,0
534,CASH_OUT,2225.81,C7459470441,438.62,0.0,M537599243,4.83,2230.64,0,0
70,PAYMENT,248.98,C4676854934,2094.45,1845.47,M749771508,823.31,1072.29,0,0
405,DEBIT,139.26,C2152256599,142.05,2.79,M870426075,17183.13,17322.39,0,0
608,CASH_IN,35.6,C2874597230,1360.49,1324.89,C4236370978,2.34,37.94,0,0
675,CASH_OUT,22.04,C2726511166,1085.8,1063.76,M582203776,1.34,23.38,0,0
591,CASH_OUT,4002.85,C1556491861,3607.66,0.0,M921206883,3414.58,7417.43,0,0
517,PAYMENT,116.23,C4521640419,819.04,702.81,M899113181,97370.09,97486.32,0,0
120,CASH_IN,2411.08,C9704178252,70645.2,68234.12,C7552564089,61535.48,63946.56,0,0
690,PAYMENT,21.25,C6262881136,120.81,99.56,M552909684,245.15,266.4,0,0
688,PAYMENT,279.97,C3866757155,196.05,0.0,M894670281,2188.02,2467.99,0,0
217,CASH_OUT,5091.9,C7551680119,1994.35,0.0,M461296494,9265.0,14356.9,0,0
56,CASH_IN,686.88,C5293903159,146.35,0.0,C5728057072,12.06,698.94,0,0
366,CASH_IN,724.16,C7109217910,5898.29,5174.13,C5258430130,4.71,728.87,0,0
699,TRANSFER,124.89,C5790768717,29317.1,29192.21,C1354145366,254.07,378.96,0,0
504,CASH_OUT,66.33,C8133098306,299.17,232.84,M693694223,45.95,112.28,0,0
455,CASH_IN,368.73,C9637458593,1366.9,998.17,C4547154797,966.19,1334.92,0,0
104,PAYMENT,42.46,C5699442883,5635.02,5592.56,M798423112,176.42,,0,0
77,PAYMENT,325.41,C9179774328,9979.68,9654.27,M412750093,41948.05,42273.46,0,0
230,CASH_IN,2871.16,C7699454475,6547254.67,6544383.51,C1726801037,2548.45,5419.61,0,0
258,CASH_OUT,32.01,C1204940750,36.82,4.81,M481278558,293.64,325.65,0,0
264,CASH_OUT,1457.32,C6117157893,45956.38,44499.06,M794734982,2.56,1459.88,0,0
331,CASH_IN,2956.67,C8635064839,220.03,0.0,C4265290667,1359.29,4315.96,0,0
182,PAYMENT,239.73,C2697979778,244.59,4.86,M709638152,939.13,1178.86,0,0
550,CASH_OUT,431.27,C1812054384,1567.89,1136.62,M389128380,246.76,678.03,0,0
688,PAYMENT,154.63,C4883953972,1280.84,1126.21,M739006029,103.82,258.45,0,0
27,PAYMENT,217.0,C6401588600,25011.52,24794.52,M898465467,114.64,331.64,0,0
276,CASH_IN,2071.94,C4949169247,27.76,0.0,C9274880841,18337.95,20409.89,0,0
652,CASH_OUT,1719.85,C4241855728,0.64,0.0,M927116078,13098.06,14817.91,0,0
299,CASH_IN,886.14,C5326909236,137938.64,137052.5,C7329599977,190.11,1076.25,0,0
91,CASH_OUT,1360.82,C6443155556,29.96,0.0,M186840700,1269.9,2630.72,0,0
480,CASH_OUT,601.88,C3331113201,13529.64,12927.76,M498481397,1498.18,2100.06,0,0
573,CASH_OUT,34.68,C5975263058,35841.82,35807.14,M696689667,18.82,53.5,0,0
458,CASH_IN,3388.0,C9921571154,18705.24,15317.24,C2072786429,78.38,3466.38,0,0
451,CASH_OUT,67.56,C5506322496,3938.59,3871.03,M777604501,12676.99,12744.55,0,0
365,CASH_IN,330.21,C1839082976,7076.69,6746.48,C3795411486,35.94,366.15,0,0
675,PAYMENT,2222.75,C1719492771,296.93,0.0,M947144651,110.66,2333.41,0,0
351,DEBIT,24.47,C4317258067,9.15,0.0,M605364064,272.17,296.64,0,0
655,CASH_IN,1406.8,C6023282082,459.94,0.0,C8774338683,256.64,1663.44,0,0
400,CASH_IN,37.18,C8549926220,281.73,244.55,C4974576303,43.77,80.95,0,0
253,CASH_IN,1325.42,C9164969811,103.39,0.0,C9883787168,180.79,1506.21,0,0
459,PAYMENT,4470.86,C2187638713,1241.27,0.0,M640689874,3.49,4474.35,0,0
699,CASH_IN,92.29,C5417120010,8.39,0.0,C5264266180,2138.4,2230.69,0,0
499,CASH_OUT,71.15,C7188761639,25237.83,25166.68,M997019326,334.23,405.38,0,0
508,CASH_OUT,469.69,C3529644145,921.46,451.77,M755689012,11.96,481.65,0,0
304,PAYMENT,66.82,C8995953296,318.88,252.06,M775262834,98.14,164.96,0,0
501,PAYMENT,5.18,C6274494607,505.82,500.64,M906748991,1.98,7.16,0,0
598,PAYMENT,383.52,C4889754300,741.66,358.14,M964644383,24.19,407.71,0,0
166,PAYMENT,788.58,C5646571907,82.21,0.0,M150678975,5.77,794.35,0,0
415,PAYMENT,209.15,C5383702480,81.46,0.0,M626044584,130850.38,131059.53,0,0
462,PAYMENT,505.82,C8571617527,41.72,0.0,M189698770,841.77,1347.59,0,0
114,CASH_OUT,3287.1,C8972966119,31.55,0.0,M886963501,465.85,3752.95,0,0
433,TRANSFER,197.21,C2034141812,129.0,0.0,C6382332821,41.37,238.58,0,0
356,TRANSFER,256.4,C3667922860,758.73,502.33,C5962354275,857.32,1113.72,0,0
695,TRANSFER,387.81,C1648683967,17199.95,16812.14,C7370306124,626.93,1014.74,0,0
207,PAYMENT,215.31,C7725535276,21.31,0.0,M262449503,2990.19,3205.5,0,0
235,PAYMENT,215.42,C3577582545,10812.72,10597.3,M879746114,127.51,342.93,0,0
442,TRANSFER,12298.32,C2058678466,19.67,0.0,C9726169841,93.58,12391.9,0,0
355,CASH_IN,518.77,C7726133544,1395.65,876.88,C1547973855,87.77,606.54,0,0
515,CASH_IN,222.82,C5518867606,24.71,0.0,C5922666647,223.38,446.2,0,0
208,PAYMENT,6429.18,C6808717815,46.46,0.0,M114714191,624.8,7053.98,0,0
709,PAYMENT,3536.13,C8692988088,2418.11,0.0,M855442020,11060.37,14596.5,0,0
125,CASH_IN,1406.05,C7500205644,2349.87,943.82,C1138921394,9480.65,10886.7,0,0
138,CASH_OUT,119.18,C4224360226,7132.59,7013.41,M828681528,253.99,373.17,0,0
339,PAYMENT,95294.2,C7605679676,106.81,0.0,M875871684,213328.87,308623.07,0,0
537,CASH_IN,17.61,C1725359016,13249.13,13231.52,C8583210007,1438.37,1455.98,0,0
68,CASH_IN,11.45,C5982502915,54627.93,54616.48,C9706667273,1756.63,1768.08,0,0
573,PAYMENT,867.66,C2902029421,1964.25,1096.59,M946742212,3293.67,4161.33,0,0
541,PAYMENT,197.59,C4261275277,12.59,0.0,M918031148,9907.39,10104.98,0,0
383,TRANSFER,2.85,C3129920829,8.82,5.97,C8352923883,4884.47,4887.32,0,0
19,PAYMENT,304.43,C2885003815,1607.65,1303.22,M292785009,101.81,406.24,0,0
683,CASH_IN,472.37,C3218809008,262.29,0.0,C1472881249,171.97,644.34,0,0
450,CASH_IN,288.15,C6750268284,91.0,0.0,C6615031020,15.74,303.89,0,0
74,CASH_IN,738.37,C4844214431,722.11,0.0,C1830368054,1706.0,2444.37,0,0
573,CASH_IN,157.66,C4441357660,448.06,290.4,C4464989804,4583.1,4740.76,0,0
665,PAYMENT,305.74,C4736027098,734.52,428.78,M254747466,5262.05,5567.79,0,0
276,PAYMENT,5520.7,C8212880330,121.39,0.0,M739988212,824.22,6344.92,0,0
48,PAYMENT,2745.36,C5189164079,154626.66,151881.3,M631169357,2088.44,4833.8,0,0
211,CASH_OUT,265.8,C6572097160,72.36,0.0,M217454404,6.87,272.67,0,0
651,CASH_OUT,1207.68,C6015780248,559.45,0.0,M782902015,144.77,1352.45,0,0
622,CASH_OUT,2315.2,C7802443002,6.66,0.0,M991762737,115.09,2430.29,0,0
695,CASH_IN,61.86,C8087152323,60.88,0.0,C6389068837,16025.42,16087.28,0,0
540,CASH_OUT,781.21,C4026758608,42.37,0.0,M167454507,979.08,1760.29,0,0
709,CASH_OUT,551.5,C8700407201,285.67,0.0,M534271020,893.81,1445.31,0,0
191,CASH_OUT,1503.07,C3833034516,588.61,0.0,M578188385,14.51,1517.58,0,0
315,CASH_IN,61.07,C7711308323,382.0,320.93,C5564662800,17.11,78.18,0,0
563,CASH_OUT,376.76,C5799996371,279.34,0.0,M259417715,249.22,625.98,0,0
661,PAYMENT,89.24,C1981848830,1873.63,1784.39,M103515891,2805.03,2894.27,0,0
562,CASH_OUT,783.74,C1785651293,2269.73,1485.99,M848604468,45.71,829.45,0,0
113,CASH_IN,77.45,C2921262383,2.85,0.0,C7269214888,16089.24,16166.69,0,0
170,TRANSFER,135.56,C2090666497,15430.39,15294.83,C4719997572,58.75,194.31,0,0
468,TRANSFER,515.57,C5508602660,2107.15,1591.58,C6742409923,1580.14,2095.71,0,0
678,PAYMENT,61.53,C6061250141,8.18,0.0,M978238884,76.0,137.53,0,0
14,PAYMENT,15.93,C9991149227,10369.52,10353.59,M481015291,9407.05,9422.98,0,0
715,PAYMENT,3223.92,C7879206518,14034.35,10810.43,M239458606,50371.16,53595.08,0,0
288,PAYMENT,111.41,C7385062733,7.6,0.0,M851699333,1941.5,2052.91,0,0
189,PAYMENT,24.54,C2615022124,502.36,477.82,M466685205,86.49,111.03,0,0
155,CASH_OUT,43.94,C6061126278,2120.5,2076.56,M231839577,45.67,89.61,0,0
567,CASH_IN,330.46,C3533058536,15906.19,15575.73,C4784143772,69.51,399.97,0,0
694,CASH_OUT,9453.72,C9351721494,3746.21,0.0,M177403076,129.51,9583.23,0,0
722,PAYMENT,305.09,C9516270881,268.34,0.0,M210907116,98.77,403.86,0,0
471,PAYMENT,1294.32,C4187225217,73.23,0.0,M563429778,10289.56,11583.88,0,0
75,PAYMENT,187.09,C5207011741,27.21,0.0,M338373415,551.43,738.52,0,0
277,CASH_IN,585.06,C2680512156,107.71,0.0,C6507550254,1652.45,2237.51,0,0
645,CASH_IN,266.83,C8834787053,4206.62,3939.79,C3354091707,18.43,285.26,0,0
343,PAYMENT,1261.65,C2829306551,10964.72,9703.07,M816271015,178.69,1440.34,0,0
425,PAYMENT,41.88,C2414038798,427.04,385.16,M239392748,1938.17,1980.05,0,0
571,CASH_OUT,468.91,C1527636558,17001.2,16532.29,M541442042,137.74,606.65,0,0
511,PAYMENT,548.61,C2385359118,3039.77,2491.16,M554823322,909.68,1458.29,0,0
182,TRANSFER,890.54,C2348310655,609403.57,608513.03,C4632928447,151.2,1041.74,0,0
458,DEBIT,27.34,C3625752352,11.23,0.0,M348888844,8219.84,8247.18,0,0
64,CASH_IN,155.73,C6411513013,634.98,479.25,C5875899381,428.87,584.6,0,0
260,CASH_OUT,1342.13,C1564209773,1864.05,521.92,M783597578,90.03,1432.16,0,0
193,CASH_OUT,633.75,C1415960090,111191.18,110557.43,M236894670,894.72,1528.47,0,0
655,PAYMENT,12934.56,C4339267605,28.88,0.0,M476725784,900.43,13834.99,0,0
616,CASH_IN,139.95,C8947504135,98.0,0.0,C4108136362,4544.77,4684.72,0,0
406,CASH_IN,7.58,C5725623887,1258.4,1250.82,C1754337008,19.36,26.94,0,0
726,CASH_IN,158.75,C2990555749,51.52,0.0,C1110974557,40.27,199.02,0,0
721,PAYMENT,1.97,C2138833625,589.19,587.22,M751946451,738.71,740.68,0,0
93,CASH_OUT,1643.03,C6275197633,18.38,0.0,M587362978,104.12,1747.15,0,0
430,CASH_OUT,400.87,C3071296712,21764.84,21363.97,M971462061,588.46,989.33,0,0
654,CASH_OUT,894.81,C9733997006,72976.99,72082.18,M204463718,744.79,1639.6,0,0
434,PAYMENT,1230.56,C9644417713,79878.88,78648.32,M353087767,42.11,1272.67,0,0
404,CASH_OUT,3228.77,C1515419423,1608.64,0.0,M587846620,,4047.36,0,0
434,CASH_IN,2.27,C7086143348,1699.59,1697.32,C2060815250,107.31,109.58,0,0
112,PAYMENT,6.79,C3402435284,1063.66,1056.87,M157112594,7.81,14.6,0,0
375,CASH_OUT,89.05,C1523061631,9438.63,9349.58,M486044576,391.96,481.01,0,0
59,CASH_OUT,219.69,C4022854878,25678.86,25459.17,M205674804,144.89,364.58,0,0
43,CASH_OUT,601.33,C4807212738,6524.42,5923.09,M500330855,82.87,684.2,0,0
207,CASH_IN,517.81,C5726701948,2011.13,1493.32,C5124604840,529.7,1047.51,0,0
296,PAYMENT,573.21,C1086883569,6396.82,5823.61,M447959874,1392.95,1966.16,0,0
118,CASH_OUT,17.71,C4801330536,1068.2,1050.49,M313150123,101.3,119.01,0,0
532,CASH_IN,82.3,C8998015538,38.34,0.0,C6156529419,3404.71,3487.01,0,0
222,PAYMENT,211.7,C2439465491,249.93,38.23,M355606394,38.52,250.22,0,0
166,PAYMENT,298.45,C4673605095,1867.55,1569.1,M993947130,100.96,399.41,0,0
643,CASH_IN,148.28,C9359231549,124.47,0.0,C5553419207,16721.55,16869.83,0,0
156,CASH_IN,670.94,C8099760766,104.66,0.0,C8902351349,56.7,727.64,0,0
184,PAYMENT,41.16,C1999865748,5143.16,5102.0,M634834117,389.83,430.99,0,0
90,PAYMENT,153.67,C3471247590,6010.33,5856.66,M786317998,60.01,213.68,0,0
94,PAYMENT,1103.18,C6452420917,2296.64,1193.46,M919526849,15080.68,16183.86,0,0
13,CASH_IN,607.24,C4882154577,315.97,0.0,C3731104330,48.67,655.91,0,0
742,PAYMENT,191.19,C5539328012,471.49,280.3,M854665504,27470.91,27662.1,0,0
438,CASH_IN,200.07,C3913487606,6311.37,6111.3,C1528403242,6058.05,6258.12,0,0
538,CASH_IN,155.69,C6787051874,115.11,0.0,C1525959294,1146.0,1301.69,0,0
587,TRANSFER,206.42,C1949181779,28.87,0.0,C2733532731,3492.91,3699.33,0,0
150,CASH_OUT,147.29,C3512428553,3897.11,3749.82,M188011888,54018.75,54166.04,0,0
660,CASH_OUT,194.65,C5775154065,813.63,618.98,M637492499,106.66,301.31,0,0
8,CASH_OUT,728.8,C7672039979,28797.39,28068.59,M520010805,609.45,1338.25,0,0
29,CASH_IN,699.03,C6980778406,76.47,0.0,C7986823585,397.97,1097.0,0,0
296,PAYMENT,29.2,C6351365483,16102.27,16073.07,M387135529,57.97,87.17,0,0
721,CASH_OUT,14523.55,C8632009329,254.81,0.0,M225020458,145.89,14669.44,0,0
640,CASH_OUT,136.14,C5596096154,7748.27,7612.13,M303503325,832.33,968.47,0,0
340,CASH_OUT,1030.46,C6911741238,43.77,0.0,M771224372,114097.66,115128.12,0,0
628,CASH_OUT,47.31,C2795675239,19.83,0.0,M618585199,27.91,75.22,0,0
439,CASH_OUT,7520.23,C1963491709,2636.71,0.0,M476270571,385.66,7905.89,0,0
144,PAYMENT,1183.68,C3745582507,551.17,0.0,M945333959,160.96,1344.64,0,0
519,CASH_OUT,866.92,C9722451529,1633.29,766.37,M889553345,1670.36,2537.28,0,0
45,CASH_OUT,282.09,C6143501076,95.69,0.0,M779742973,1730.95,2013.04,0,0
239,CASH_IN,10.17,C3680381580,2490.4,2480.23,C5132959709,14.79,24.96,0,0
155,CASH_IN,11222.14,C6434261496,26497.25,15275.11,C8863239903,623.45,11845.59,0,0
181,CASH_OUT,2224.71,C7312694889,17011.81,14787.1,M787658626,2.24,2226.95,0,0
215,CASH_OUT,212.1,C7559474489,203.0,0.0,M853045067,6830.76,7042.86,0,0
88,CASH_IN,1050.66,C5227417433,47.43,0.0,C7068075723,5.48,1056.14,0,0
256,PAYMENT,29.33,C8462021336,1088.26,1058.93,M767303585,41.26,70.59,0,0
511,CASH_OUT,8.91,C2016031544,9124.39,9115.48,M678680425,1209.44,1218.35,0,0
73,CASH_OUT,416.92,C6961461521,16.11,0.0,M983284680,78.39,78.39,1,0
179,CASH_OUT,81.86,C1393040849,5031.69,4949.83,M688518599,1022.37,1104.23,0,0
212,PAYMENT,153.67,C7072894857,166992.95,166839.28,M169696789,37280.57,37434.24,0,0
234,CASH_IN,363.07,C2781157490,5426.84,5063.77,C4559926885,5890.08,6253.15,0,0
465,CASH_IN,37.54,C7763592750,22.45,0.0,C8441694902,120.73,158.27,0,0
223,PAYMENT,343.65,C4307640770,64.6,0.0,M571359633,227.6,571.25,0,0
631,PAYMENT,44.33,C6659702758,195.42,151.09,M589468176,20.59,64.92,0,0
264,PAYMENT,3056.25,C4074694141,763.14,0.0,M777817255,5579.07,8635.32,0,0
207,PAYMENT,330.08,C4410334130,2624.19,2294.11,M783020964,1414.11,1744.19,0,0
607,CASH_OUT,1158.77,C6324506798,6641.78,5483.01,M733219614,51.04,1209.81,0,0
734,PAYMENT,11.64,C9454679600,519.99,508.35,M149487462,906.06,917.7,0,0
366,CASH_IN,1312.27,C7209036683,2079.89,767.62,C9611456308,8.23,1320.5,0,0
276,PAYMENT,8058.22,C4644505017,73.44,0.0,M965461417,1000.25,9058.47,0,0
380,CASH_IN,510.41,C2909224737,187.73,0.0,C6822213331,10062.42,10572.83,0,0
743,PAYMENT,1146.29,C5261376922,10020.64,8874.35,M542225997,2439.86,3586.15,0,0
309,PAYMENT,250.59,C8906092116,3396.01,3145.42,M640325818,817.41,1068.0,0,0
631,CASH_OUT,854.55,C3073159490,4639.55,3785.0,M525536351,5697.53,6552.08,0,0
268,CASH_IN,9920.56,C2330175757,81.59,0.0,C2832270845,134.94,10055.5,0,0
64,CASH_IN,36044.72,C9913322213,997.49,0.0,C5009636938,1.83,36046.55,0,0
350,PAYMENT,760.79,C7291267684,1357.45,596.66,M362031941,13084.52,13845.31,0,0
494,CASH_OUT,52.49,C2546230761,2458.71,2406.22,M551485348,3728.96,3781.45,0,0
523,CASH_OUT,1403.34,C5379485228,13948.9,12545.56,M972574367,951.64,2354.98,0,0
98,PAYMENT,33.94,C8866007808,1227.6,1193.66,M860130989,528.0,561.94,0,0
71,PAYMENT,115.72,C7312453356,58444.46,58328.74,M295629392,3223.13,3338.85,0,0
364,PAYMENT,145.42,C8025539845,8.06,0.0,M781380789,3212.13,3357.55,0,0
570,TRANSFER,23917.12,C5228036615,507.39,0.0,C9352663266,268.42,24185.54,0,0
276,CASH_IN,7026.32,C2218917281,14486.27,7459.95,C9542337969,10815.77,17842.09,0,0
50,PAYMENT,4643.64,C5934732508,169.69,0.0,M432319637,2833.57,7477.21,0,0
358,CASH_OUT,2082.96,C2124880981,8816.04,6733.08,M268162494,94.16,2177.12,0,0
728,CASH_OUT,65.57,C7388271733,1400.66,1335.09,M223378923,131017.01,131082.58,0,0
564,PAYMENT,647.06,C5916859501,126191.41,125544.35,M957794533,58.39,705.45,0,0
485,CASH_IN,15928.02,C9639590087,751.51,0.0,C9376999865,3.11,15931.13,0,0
84,CASH_IN,987.4,C4989800422,774.4,0.0,C2728206712,14.93,1002.33,0,0
638,PAYMENT,3166.22,C6807614767,99010.09,95843.87,M862149246,8036.38,11202.6,0,0
584,CASH_OUT,16.12,C1774680577,444.24,428.12,M664682903,8944.47,8960.59,0,0
296,TRANSFER,1709.15,C6455729629,15377.02,13667.87,C5860233130,36.94,1746.09,0,0
236,TRANSFER,48.98,C9984396711,2365.99,2317.01,C3677267483,92.95,141.93,0,0
56,PAYMENT,259.35,C1929768761,16612.69,16353.34,M459334736,95.42,354.77,0,0
360,CASH_OUT,6933.11,C7531468745,458.2,0.0,M996265743,3435.42,10368.53,0,0
110,PAYMENT,807.81,C2021094911,840.23,32.42,M421823966,21.39,829.2,0,0
192,CASH_IN,2059.12,C2036143230,437.55,0.0,C8213076536,4753.82,6812.94,0,0
93,PAYMENT,278.67,C3963116230,7.89,0.0,M755696468,651.4,930.07,0,0
568,CASH_IN,8.57,C6841459636,565.29,556.72,C2857458444,104.32,112.89,0,0
60,CASH_OUT,62.14,C6065645463,3285414.54,3285352.4,M504323016,134.85,196.99,0,0
650,CASH_OUT,1572.6,C6136468141,175.77,0.0,M283182022,227.87,1800.47,0,0
39,CASH_OUT,787.94,C3706566872,1579.58,791.64,M351461495,239.71,1027.65,0,0
540,CASH_IN,11213.46,C2218701085,21545.31,10331.85,C7861814359,73.13,11286.59,0,0
49,PAYMENT,519.68,C3245475998,4039.24,3519.56,M785662127,76749.41,77269.09,0,0
420,CASH_IN,67.65,C8518686497,903.32,835.67,C9236961668,1714.78,1782.43,0,0
637,CASH_OUT,383.12,C4239046244,117.26,0.0,M424725527,3947.39,4330.51,0,0
13,TRANSFER,2968.03,C8867441131,40371.01,37402.98,C4001751531,594.09,3562.12,0,0
36,CASH_IN,12.01,C2614866775,17527.92,17515.91,C3176771836,840.41,852.42,0,0
101,CASH_OUT,805.37,C5427657387,38038.34,37232.97,M117918112,186.26,991.63,0,0
86,CASH_IN,32.43,C6613318850,29624.06,29591.63,C7470710888,6883.36,6915.79,0,0
516,CASH_OUT,558.6,C8372861245,30.91,0.0,M272505214,503.75,1062.35,0,0
223,CASH_OUT,1724.84,C1791029130,455.09,0.0,M874042132,77.05,1801.89,0,0
338,CASH_OUT,1216.52,C5938986957,2386.13,1169.61,M798833809,0.51,1217.03,0,0
166,CASH_IN,5888.62,C9795368584,101.7,0.0,C6085036131,45.85,5934.47,0,0
383,TRANSFER,666.11,C4471257141,226.92,0.0,C2036561075,265.44,931.55,0,0
376,CASH_OUT,1126.83,C9349228158,5439.49,4312.66,M102286988,465.94,1592.77,0,0
471,CASH_IN,1208.47,C4871579061,4906.76,3698.29,C2637825599,21.81,1230.28,0,0
642,PAYMENT,58.01,C8847092822,89518.12,89460.11,M871613617,1.88,59.89,0,0
31,CASH_IN,312.64,C8784565890,180.71,0.0,C5607475667,102551.25,102863.89,0,0
375,CASH_OUT,2.95,C1922689422,107.23,104.28,M714967460,407.17,410.12,0,0
11,PAYMENT,857.28,C5032737770,208014.21,207156.93,M748095051,180.27,1037.55,0,0
302,PAYMENT,1.64,C6789081447,593.29,591.65,M833830411,654.77,,0,0
96,CASH_OUT,2204.36,C1678205392,9.48,0.0,M248591929,27.87,2232.23,0,0
190,PAYMENT,11010.7,C7527691301,2978.35,0.0,M820614329,6191.51,17202.21,0,0
453,CASH_IN,1093.84,C9224531653,74.63,0.0,C4626937092,121.73,1215.57,0,0
192,CASH_OUT,1489.44,C1562486496,417.51,0.0,M223114963,65.86,1555.3,0,0
486,TRANSFER,4490.61,C2466743020,31.69,0.0,C8406204816,91.39,4582.0,0,0
266,CASH_OUT,169.07,C6665270393,17653.42,17484.35,M782244949,74.83,243.9,0,0
424,TRANSFER,31.66,C4607734116,3042.78,3011.12,C9476016590,24.15,55.81,0,0
128,CASH_OUT,339.69,C3715201099,43.63,0.0,M248984658,1215.21,1554.9,0,0
238,CASH_OUT,87.72,C6424403594,1800.59,1712.87,M148922736,1732.57,1820.29,0,0
355,CASH_OUT,470.37,C9345949913,5870.76,5400.39,M755766929,15.06,485.43,0,0
112,CASH_IN,671.47,C6718202953,646.04,0.0,C2006739656,204.25,875.72,0,0
446,CASH_IN,155.02,C1305105880,68765.07,68610.05,C6274833648,563.4,718.42,0,0
343,CASH_OUT,96.79,C8142983718,14819.91,0.0,M410348863,113.12,113.12,1,0
145,CASH_OUT,5.43,C7159076246,328.81,323.38,M193915757,2977.12,2982.55,0,0
65,PAYMENT,287.83,C3445232607,622.19,334.36,M719159601,19798.73,20086.56,0,0
247,PAYMENT,168.39,C5989918165,49.82,0.0,M778415139,1314.34,1482.73,0,0
735,CASH_IN,194.05,C2367935318,15.78,0.0,C6485184180,404.69,598.74,0,0
490,CASH_OUT,1742.84,C7882991037,124.48,0.0,M573155058,59.48,1802.32,0,0
439,PAYMENT,20548.66,C5880739602,189.26,0.0,M701995645,10.34,20559.0,0,0
106,CASH_IN,197.6,C9538604158,30217.79,30020.19,C8496654244,54.74,252.34,0,0
181,DEBIT,873.15,C5027773601,35.27,0.0,M723057559,2561.59,3434.74,0,0
184,PAYMENT,670.54,C2147483403,1398.81,728.27,M987441047,34.49,705.03,0,0
226,CASH_OUT,3902.22,C2477813203,1874.84,0.0,M405458697,8795.52,12697.74,0,0
89,CASH_OUT,65.13,C7679307191,187.2,122.07,M239057629,153.03,218.16,0,0
688,PAYMENT,61.4,C2934254016,14027.08,13965.68,M203944841,23.46,84.86,0,0
530,PAYMENT,77.51,C8559995502,501.99,424.48,M549441849,699.75,777.26,0,0
371,CASH_IN,4.33,C7729832337,249.23,244.9,C6029139716,45.36,49.69,0,0
399,CASH_IN,367.97,C4631642660,66556.62,66188.65,C3482884223,3473.24,3841.21,0,0
106,PAYMENT,49.14,C8295627032,133.63,84.49,M310821266,52.5,101.64,0,0
271,PAYMENT,666.71,C1544454323,7678.64,7011.93,M932755648,2.51,669.22,0,0
503,PAYMENT,3.37,C1242092222,265.23,261.86,M216422003,108.38,111.75,0,0
679,CASH_OUT,359.96,C6484122221,52.56,0.0,M387543903,7.69,367.65,0,0
525,CASH_OUT,241.69,C4578317473,480.07,0.0,M696505715,2821.15,2821.15,1,0
32,PAYMENT,135.65,C9495823319,396084.87,395949.22,M708985510,5426.52,5562.17,0,0
393,CASH_OUT,2970.28,C1239242776,29.68,0.0,M550665594,94.34,3064.62,0,0
40,CASH_OUT,80.7,C2717334940,190.37,109.67,M634131557,19887.89,19968.59,0,0
660,CASH_OUT,740.6,C4961902089,23687.99,22947.39,M403394814,49.05,789.65,0,0
218,CASH_OUT,114.02,C6417168746,104.63,0.0,M640037120,183.96,297.98,0,0
731,CASH_OUT,11137.6,C5751864251,243.52,0.0,M826433482,26.83,11164.43,0,0
82,PAYMENT,306.76,C6263900399,1535.59,1228.83,M406985296,6.05,312.81,0,0
720,PAYMENT,1558.71,C2277860238,625.07,0.0,M738048917,1029.67,2588.38,0,0
201,PAYMENT,1365.65,C3068009631,3913.36,2547.71,M905702605,17014.37,18380.02,0,0
447,PAYMENT,3988.85,C9255561227,568.58,0.0,M225767787,130.45,4119.3,0,0
428,TRANSFER,540.32,C3831707624,1112.59,572.27,C7355972789,406.23,946.55,0,0
38,CASH_OUT,28.94,C3584824114,790.9,761.96,M228199824,17.76,46.7,0,0
211,PAYMENT,978.44,C7277196724,142.02,0.0,M739917494,94.77,1073.21,0,0
444,CASH_OUT,702.24,C2376546779,10.75,0.0,M947980189,8.63,710.87,0,0
327,PAYMENT,1.0,C1201736215,133883.28,133882.28,M324175073,17018.93,17019.93,0,0
227,TRANSFER,14.24,C2065205937,138.21,123.97,C4324966281,20.05,34.29,0,0
48,CASH_IN,1655.54,C3271025553,160.51,0.0,C8119920285,401.86,2057.4,0,0
18,PAYMENT,6910.44,C1588817593,1800.81,0.0,M313332505,21127.12,28037.56,0,0
439,PAYMENT,341.93,C7511504221,82.6,0.0,M172198086,536.84,878.77,0,0
708,PAYMENT,2035.43,C1984407903,10822.17,8786.74,M688222916,311.56,2346.99,0,0
187,CASH_OUT,501.86,C6148964894,2072.53,1570.67,M788685076,898.14,1400.0,0,0
345,PAYMENT,433.9,C9675009614,556.64,122.74,M862017079,16.42,450.32,0,0
224,PAYMENT,302.97,C4771962443,314.45,11.48,M259707399,4.24,307.21,0,0
488,CASH_OUT,474.11,C7684748641,54.54,0.0,M892183452,722.67,1196.78,0,0
229,CASH_OUT,877.27,C4333823308,2400.25,1522.98,M647459231,546.85,1424.12,0,0
390,CASH_IN,180.65,C8647313173,1541.47,1360.82,C2261936195,879.96,1060.61,0,0
589,CASH_OUT,4882.44,C6524753575,218.1,0.0,M306182026,0.72,4883.16,0,0
188,CASH_OUT,54.58,C7203993425,4065.21,4010.63,M632870747,13.97,68.55,0,0
270,PAYMENT,12116.09,C6287150649,57029.45,44913.36,M777006983,538.41,12654.5,0,0
607,CASH_OUT,262.18,C8978267845,1137.68,875.5,M709307065,265.32,527.5,0,0
310,CASH_IN,363.56,C2400577004,591.05,227.49,C8226859525,3888.07,4251.63,0,0
132,PAYMENT,114.97,C7771594226,99.33,0.0,M171751327,856.47,971.44,0,0
551,CASH_IN,914.93,C3658213491,736.76,0.0,C4832899985,7964.22,8879.15,0,0
72,CASH_OUT,189.93,C8228239808,384.33,194.4,M404768600,6784.66,6974.59,0,0
672,CASH_IN,155.89,C1833924325,80.13,0.0,C6944547495,1862.69,2018.58,0,0
187,CASH_IN,1374.63,C8136424441,3388.4,2013.77,C2584734785,304.5,1679.13,0,0
486,CASH_OUT,4114.84,C4275618287,2172.2,0.0,M725895061,911.27,5026.11,0,0
191,CASH_OUT,50.19,C8288577758,1327.42,1277.23,M196765805,1175.04,1225.23,0,0
422,CASH_IN,2103.08,C3624841749,443.4,0.0,C1299173139,,10193.01,0,0
120,CASH_OUT,4894.09,C3472261547,10977.4,6083.31,M780506791,165.89,5059.98,0,0
220,PAYMENT,11.82,C6422362213,13.79,1.97,M930313611,1160.53,1172.35,0,0
53,CASH_OUT,74.28,C3683858611,15.52,0.0,M970650928,12.37,86.65,0,0
734,CASH_OUT,4664.16,C4299133459,1926.97,0.0,M212903841,156.12,4820.28,0,0
451,CASH_OUT,850.91,C4498926037,25873.09,25022.18,M980083810,715.4,1566.31,0,0
412,PAYMENT,12315.1,C6482586469,1482.23,0.0,M455837286,1039.45,13354.55,0,0
643,PAYMENT,282.98,C1676919332,1506.81,1223.83,M915973300,1915.49,2198.47,0,0
237,CASH_OUT,140.88,C2208212068,80.0,0.0,M164449595,66.65,207.53,0,0
738,CASH_IN,6140.89,C9069219157,5.15,0.0,C7192006427,462.63,6603.52,0,0
720,PAYMENT,75.85,C1540618953,95.91,20.06,M679801554,115.89,191.74,0,0
406,TRANSFER,247.61,C3249240391,5490.1,5242.49,C8481658040,40130.48,40378.09,0,0
608,TRANSFER,1235.17,C1639171831,21.51,0.0,C6055652837,9.34,1244.51,0,0
422,CASH_IN,1505.57,C5911271433,130.37,0.0,C5731613825,81967.31,83472.88,0,0
712,TRANSFER,81.83,C3439461340,21.86,0.0,C8524473591,2182.86,2264.69,0,0
247,CASH_IN,679.51,C1630917168,114.09,0.0,C7116706952,0.48,679.99,0,0
72,CASH_IN,225.47,C5406713675,18956.21,18730.74,C1756382554,116.09,341.56,0,0
185,CASH_OUT,13.94,C4936597590,241.09,227.15,M678111864,745.6,759.54,0,0
6,CASH_OUT,160.43,C8296449814,10784.91,10624.48,M335468537,357.19,517.62,0,0
206,CASH_IN,15.35,C4466760372,256.58,241.23,C2062317246,7.12,22.47,0,0
544,PAYMENT,107.89,C2271370517,40256.31,40148.42,M841919111,22.24,130.13,0,0
611,CASH_IN,36.48,C1013170147,2624.46,2587.98,C2071050891,543.64,580.12,0,0
387,CASH_IN,1896.28,C7368920467,346.59,0.0,C8744109360,12.5,1908.78,0,0
699,CASH_OUT,735.63,C5252058074,731.73,0.0,M117726090,3256.07,3991.7,0,0
76,CASH_IN,8753.81,C1309335509,29.85,0.0,C9985548132,207.22,8961.03,0,0
177,CASH_OUT,63.85,C1806524683,305.65,241.8,M804802925,1771.6,1835.45,0,0
349,CASH_OUT,516.23,C8837088807,38231.64,37715.41,M398769775,25.61,541.84,0,0
255,PAYMENT,44.44,C1794588293,2692.62,2648.18,M625625538,13.62,58.06,0,0
702,CASH_OUT,114.07,C2779321170,5.93,0.0,M839761506,5337.03,5451.1,0,0
308,PAYMENT,181.47,C3301760817,715.0,533.53,M951643374,342.52,523.99,0,0
345,PAYMENT,20895.62,C7577953608,1669.28,0.0,M859720520,6.47,20902.09,0,0
127,CASH_OUT,835.29,C1268449514,7161.1,6325.81,M179125219,50.19,885.48,0,0
287,CASH_IN,312.46,C5154547213,429.61,117.15,C1777507225,664.79,977.25,0,0
725,PAYMENT,3491.26,C6004940839,812.31,0.0,M344517327,10.04,3501.3,0,0
596,CASH_OUT,1549.97,C2547470961,14499.38,12949.41,M807889054,0.33,1550.3,0,0
487,CASH_OUT,360.62,C1176026833,596.97,236.35,M634719127,9.32,369.94,0,0
383,CASH_IN,1556.8,C7650163431,177.37,0.0,C3187349431,2813.93,4370.73,0,0
406,CASH_IN,218.87,C9031476168,8860.42,8641.55,C6395712026,5.17,224.04,0,0
388,CASH_OUT,158146.9,C4869843525,9284.11,0.0,M692117060,4403.2,162550.1,0,0
525,CASH_OUT,4628.67,C6695949669,4.94,0.0,M482191653,,5431.03,0,0
557,CASH_IN,178.9,C4336319560,2095.07,1916.17,C2160576330,61.95,240.85,0,0
639,PAYMENT,1841.77,C2085964042,88.37,0.0,M961351704,,9022.19,0,0
626,CASH_OUT,1209.28,C3269772151,2980.3,1771.02,M464793539,13.72,1223.0,0,0
276,PAYMENT,710.68,C6870024556,11866.39,11155.71,M213539436,84.47,795.15,0,0
500,PAYMENT,1129.55,C6919216356,5157.02,4027.47,M755903317,328.78,1458.33,0,0
717,CASH_IN,79.45,C9994252194,6600.24,6520.79,C7993884842,126.73,206.18,0,0
337,CASH_OUT,169.0,C2293945097,210.42,41.42,M903575474,453.98,622.98,0,0
481,PAYMENT,11129.82,C4938114517,349.35,0.0,M489386202,1678.79,12808.61,0,0
273,CASH_OUT,606.7,C8005079149,4825.75,4219.05,M374462808,84.78,691.48,0,0
58,TRANSFER,99.43,C8877620568,1309.42,1209.99,C6388063509,16208.51,16307.94,0,0
328,CASH_IN,304.79,C8172230202,23.14,0.0,C1927162509,38.31,343.1,0,0
731,CASH_IN,138.61,C3436432483,10183.67,10045.06,C2749846035,195.18,333.79,0,0
109,CASH_IN,2429.53,C4454550684,28.26,0.0,C1374068396,1170.87,3600.4,0,0
279,PAYMENT,131.41,C4876395330,2469.84,2338.43,M483868582,245.31,376.72,0,0
686,TRANSFER,440.66,C1570348284,1841.2,1400.54,C4731575965,10.8,451.46,0,0
328,CASH_OUT,107.23,C3967426421,21035.01,20927.78,M419517132,357.82,465.05,0,0
315,CASH_IN,33383.46,C4583833467,608.24,0.0,C6852514239,34.28,33417.74,0,0
474,CASH_OUT,1420.04,C5502590307,6.87,0.0,M591819355,28848.4,30268.44,0,0
111,CASH_OUT,1311.84,C1636894105,1569.07,257.23,M163284246,13919.01,15230.85,0,0
699,PAYMENT,1628.89,C9276120483,2518.72,889.83,M565976214,521.32,2150.21,0,0
229,CASH_IN,183.23,C3283997618,16059.58,15876.35,C5645683754,185.66,368.89,0,0
497,CASH_IN,8455.19,C3617271588,293.02,0.0,C5537311724,,14158.72,0,0
156,PAYMENT,352.35,C2462239858,6361.29,6008.94,M319069992,7715.86,8068.21,0,0
473,PAYMENT,13983.19,C6305943192,10327.69,0.0,M673438515,1280.19,15263.38,0,0
701,TRANSFER,210.69,C3908185752,175.85,0.0,C1605901778,12963.38,13174.07,0,0
272,CASH_OUT,1687.43,C2796330157,2422.38,734.95,M504017581,974.35,2661.78,0,0
2,CASH_IN,563.21,C1101146909,27.66,0.0,C6525011890,558.63,1121.84,0,0
722,PAYMENT,689.03,C6140775166,4492.92,3803.89,M365650501,794.98,1484.01,0,0
511,PAYMENT,14.3,C9170839987,1912.12,1897.82,M344624274,91.05,105.35,0,0
286,CASH_OUT,56.46,C7833003144,49.56,0.0,M894314819,2758.96,2815.42,0,0
13,PAYMENT,8266.04,C3118925870,406.53,0.0,M141082416,224.13,8490.17,0,0
608,CASH_OUT,30.64,C2014482401,16520.36,16489.72,M526521622,833.76,864.4,0,0
498,CASH_OUT,2402.01,C9214925376,1807.36,0.0,M954053764,187.54,2589.55,0,0
733,CASH_OUT,73127.4,C4704343657,198.94,0.0,M523079359,1203.09,74330.49,0,0
238,CASH_OUT,1219.29,C6385897604,160.86,0.0,M687798816,710.47,1929.76,0,0
94,PAYMENT,28381.58,C2091094978,13465.85,0.0,M644173054,4659.12,33040.7,0,0
338,CASH_IN,1610.38,C1550612716,321.31,0.0,C2968105677,95.49,1705.87,0,0
171,CASH_OUT,682.47,C3583105129,1903.67,1221.2,M401314566,86.85,769.32,0,0
606,PAYMENT,853.45,C7897973041,390.55,0.0,M662916906,2223.59,3077.04,0,0
661,PAYMENT,282.94,C7927876203,4.35,0.0,M494779183,26705.13,26988.07,0,0
624,PAYMENT,266.08,C4086375265,214.2,0.0,M393099125,195.55,461.63,0,0
567,CASH_IN,141.13,C9899806631,18862.13,18721.0,C5448435961,1829.51,1970.64,0,0
467,PAYMENT,940.48,C6205648559,233250.8,232310.32,M662058173,43.83,984.31,0,0
628,CASH_IN,32884.95,C6088323684,158.63,0.0,C3009411021,117.98,33002.93,0,0
143,PAYMENT,6967.04,C6871822466,2523.28,0.0,M474474742,445.16,7412.2,0,0
201,PAYMENT,607.74,C8431842999,370225.05,369617.31,M320828968,861.01,1468.75,0,0
180,PAYMENT,1378.04,C4688197919,22079.03,20700.99,M872810582,724.13,2102.17,0,0
714,CASH_IN,340.09,C3734760321,52.95,0.0,C1993775264,218.84,558.93,0,0
364,TRANSFER,6925.19,C9392149158,565.97,0.0,C8515145660,10.59,6935.78,0,0
479,PAYMENT,15.42,C5303060498,2088.51,2073.09,M169639434,16.0,31.42,0,0
565,CASH_IN,19171.62,C9418068895,26417.49,7245.87,C7729749714,10502.65,29674.27,0,0
471,CASH_OUT,135.57,C7594134613,54.16,0.0,M457123762,144.66,280.23,0,0
384,CASH_IN,187.15,C8303164716,7597.25,7410.1,C4240883938,366.32,553.47,0,0
692,CASH_OUT,34.97,C7155352145,6367.21,6332.24,M798900442,641.74,676.71,0,0
417,CASH_OUT,549.77,C1717180392,512.88,0.0,M966079236,131017.54,131567.31,0,0
308,CASH_OUT,103.37,C9185470119,233367.5,233264.13,M551383791,205.36,308.73,0,0
649,TRANSFER,4133.88,C3404288410,112.34,0.0,C5152693308,4912.88,9046.76,0,0
694,CASH_IN,1556.61,C6704420694,2725.05,1168.44,C2489604908,34.72,1591.33,0,0
367,TRANSFER,100.76,C1632141729,1805.34,1704.58,C3462020899,111.76,,0,0
1,CASH_IN,69.83,C6076090655,2807.41,2737.58,C8680430687,1333.76,1403.59,0,0
44,PAYMENT,111.73,C4933474412,19706.35,19594.62,M203629868,1900.09,2011.82,0,0
739,TRANSFER,60.87,C3227425590,38.22,0.0,C1276642055,1060.12,1120.99,0,0
98,TRANSFER,230.65,C7069993835,1629.96,1399.31,C2584580050,441.71,672.36,0,0
720,PAYMENT,75.08,C4965797866,150818.15,150743.07,M148651847,330.56,405.64,0,0
265,CASH_OUT,4173.63,C4925421424,8067.49,3893.86,M809734358,9554.68,13728.31,0,0
140,PAYMENT,148.9,C1908419898,210.15,61.25,M990785728,16914.47,17063.37,0,0
481,TRANSFER,1275.9,C7884101489,148.41,0.0,C6015573099,309.87,1585.77,0,0
237,CASH_IN,1297.04,C9285608460,4001.56,2704.52,C1530441083,358.22,1655.26,0,0
72,CASH_IN,9.91,C9612722252,322.7,312.79,C4107370916,200.58,210.49,0,0
667,TRANSFER,1680.58,C2432967393,767.36,0.0,C3742461024,117.26,1797.84,0,0
190,CASH_IN,13.28,C7810360142,170.95,157.67,C9881230719,2742.5,2755.78,0,0
268,CASH_IN,76.12,C5323066977,195808.51,195732.39,C5295520604,262.42,338.54,0,0
321,CASH_IN,1532.62,C3414976808,2607.47,1074.85,C3493801310,689.98,2222.6,0,0
107,CASH_OUT,517.84,C5400762683,1251.28,733.44,M945325818,1121.26,1639.1,0,0
232,PAYMENT,204.2,C5158225287,18.52,0.0,M223438687,0.15,204.35,0,0
42,PAYMENT,11.4,C6670042115,139.24,127.84,M413474090,82.89,94.29,0,0
702,CASH_IN,2777.42,C7531791859,941.65,0.0,C1252202681,498.75,3276.17,0,0
139,PAYMENT,961.22,C2793443067,944.47,0.0,M538164598,2533.38,3494.6,0,0
615,CASH_OUT,72.75,C9133053694,69719.03,69646.28,M253598171,19342.28,19415.03,0,0
683,CASH_OUT,58.96,C5588691435,1494.35,1435.39,M818769554,419.53,478.49,0,0
273,PAYMENT,3145.62,C8439017057,14702.11,11556.49,M478052122,9.94,3155.56,0,0
481,PAYMENT,735.69,C2580542059,1716.85,981.16,M499175827,1592.9,2328.59,0,0
416,CASH_OUT,26.56,C5892280954,9438.16,9411.6,M597157987,304.84,331.4,0,0
506,CASH_OUT,93.62,C2191421741,16.95,0.0,M248884077,59832.55,59926.17,0,0
733,PAYMENT,20223.13,C8929245665,47.41,0.0,M276508062,8673.18,28896.31,0,0
725,CASH_OUT,2994.33,C6577758666,11042.63,8048.3,M398788353,16.29,3010.62,0,0
424,CASH_OUT,403.89,C6572640593,46228.5,45824.61,M619761108,78.45,482.34,0,0
407,PAYMENT,421.89,C3984572632,15.39,0.0,M887475132,16270.64,16692.53,0,0
568,PAYMENT,5.2,C5222150820,1130.59,1125.39,M306344168,524.1,529.3,0,0
390,PAYMENT,5504.1,C5643124641,25.82,0.0,M799507041,1702.07,7206.17,0,0
342,CASH_OUT,163.56,C2511786109,208.42,44.86,M907416634,211.06,374.62,0,0
614,CASH_IN,80.05,C5902338362,9.47,0.0,C6509723447,36354.49,36434.54,0,0
493,PAYMENT,1807.94,C6496777659,815.58,0.0,M635694020,580.15,2388.09,0,0
192,CASH_OUT,114.44,C1465763593,691.44,577.0,M389568931,3024.58,3139.02,0,0
499,CASH_OUT,10.53,C8058388298,670.81,660.28,M851771762,10.93,21.46,0,0
712,CASH_OUT,915.64,C6382903446,527.61,0.0,M108604182,19.26,934.9,0,0
233,CASH_OUT,19.47,C9385488049,5362.99,5343.52,M231250214,71890.43,71909.9,0,0
227,CASH_OUT,358.67,C5772161212,79710.14,79351.47,M194998088,22.64,381.31,0,0
371,PAYMENT,761.44,C2078805705,53.41,0.0,M160484179,1884.8,2646.24,0,0
139,PAYMENT,231.44,C7592094048,134.12,0.0,M213851234,4120.96,4352.4,0,0
149,PAYMENT,233.52,C5354020317,1515.48,1281.96,M347555397,828.46,1061.98,0,0
115,CASH_IN,8971.85,C2313586660,561.11,0.0,C2574482540,4669.12,13640.97,0,0
450,CASH_OUT,9233.54,C1277827106,496.93,0.0,M486543724,4.13,9237.67,0,0
63,TRANSFER,64.39,C4977631687,41.22,0.0,C6648970298,8453.21,8517.6,0,0
104,CASH_OUT,122.79,C5225567849,350.96,228.17,M697979985,1.09,123.88,0,0
668,PAYMENT,137.04,C7336502774,359.86,222.82,M959806916,3479.33,3616.37,0,0
273,CASH_OUT,378.84,C4790727461,1895.09,1516.25,M724115981,343757.57,344136.41,0,0
6,CASH_IN,342.42,C3924727424,113.45,0.0,C4547573897,9529.28,9871.7,0,0
147,PAYMENT,12508.52,C3534603759,10207.77,0.0,M454810103,495.44,13003.96,0,0
184,CASH_OUT,278.37,C7932871688,46.44,0.0,M450523056,230.61,508.98,0,0
28,PAYMENT,51.39,C4175334239,53394.12,53342.73,M400865204,387.82,439.21,0,0
550,CASH_OUT,124.46,C8413796294,141.98,17.52,M945320756,27.34,151.8,0,0
119,CASH_IN,851.3,C8433563247,40364.37,39513.07,C9355933152,255.53,1106.83,0,0
293,PAYMENT,241.23,C2130792522,168.21,0.0,M591476922,10.34,251.57,0,0
371,CASH_OUT,755.37,C5823618447,8746.68,7991.31,M436572992,46.27,801.64,0,0
244,PAYMENT,247.56,C7104436497,440.48,192.92,M538949474,3839.29,4086.85,0,0
580,CASH_OUT,1719.17,C1804089890,1341.4,0.0,M278791221,3035.84,4755.01,0,0
726,CASH_IN,338.14,C8213593162,4937.38,4599.24,C1976492089,1129.82,1467.96,0,0
218,CASH_OUT,35.42,C9732369380,476.32,440.9,M652676006,615.15,650.57,0,0
177,PAYMENT,201.6,C5926971084,9.41,0.0,M750557786,5.1,206.7,0,0
299,TRANSFER,33617.83,C3888960485,223.64,0.0,C8859465784,154.0,33771.83,0,0
676,CASH_OUT,4781.21,C5145662373,309.88,0.0,M559879777,335.43,5116.64,0,0
58,DEBIT,39.51,C7180057093,82563.21,82523.7,M238953678,7.64,47.15,0,0
269,PAYMENT,14140.31,C3573110366,974.54,0.0,M993293152,12.28,14152.59,0,0
308,CASH_OUT,530.7,C7877039152,1679.96,1149.26,M205938327,4497.75,5028.45,0,0
570,PAYMENT,151.9,C9603420447,821.35,669.45,M834833750,899.78,1051.68,0,0
288,CASH_IN,229.71,C1117916025,1890.89,1661.18,C8679998208,22.65,252.36,0,0
105,PAYMENT,451.98,C5918876608,49.68,0.0,M371719885,12361.78,12813.76,0,0
228,CASH_OUT,3526.74,C3195284709,196.84,0.0,M416236507,4741.94,8268.68,0,0
247,CASH_OUT,589.96,C2849097313,5746.4,5156.44,M771584485,291.36,881.32,0,0
700,CASH_IN,785.88,C3318204559,627.65,0.0,C1158852362,17.09,802.97,0,0
494,PAYMENT,4548.99,C4531495123,851.29,0.0,M398021704,21793.78,26342.77,0,0
83,PAYMENT,181.6,C3394649551,1042.65,861.05,M529895636,26929.95,27111.55,0,0
186,CASH_OUT,738.68,C6758441230,6125.58,5386.9,M702760262,7445.97,8184.65,0,0
252,CASH_IN,970.44,C2390837545,220.95,0.0,C3651605604,6579.87,7550.31,0,0
355,TRANSFER,528.19,C6982545735,1407.84,879.65,C7513856193,352.33,880.52,0,0
696,CASH_OUT,1094.45,C7734685770,5.04,0.0,M591099893,526.21,1620.66,0,0
210,CASH_OUT,101.25,C7279074208,19.5,0.0,M197501536,12134.22,12235.47,0,0
609,CASH_IN,2864.06,C5643311871,588.94,0.0,C9409810470,753.12,3617.18,0,0
447,CASH_IN,133.26,C1400328260,69.19,0.0,C1716598279,50.46,183.72,0,0
460,PAYMENT,1001.56,C3341208917,12812.47,11810.91,M579653437,39.5,1041.06,0,0
472,TRANSFER,614.48,C9747046071,75.92,0.0,C6027219496,6246.11,6860.59,0,0
720,PAYMENT,102.18,C8402081849,796.76,694.58,M335260179,79102.48,79204.66,0,0
370,CASH_OUT,10351.87,C3866514141,8152.42,0.0,M522943313,1548.55,11900.42,0,0
492,CASH_IN,12495.53,C4539443439,3763.79,0.0,C2473153619,104201.07,116696.6,0,0
137,PAYMENT,63.96,C3390733388,280.95,216.99,M456446918,2.94,66.9,0,0
367,TRANSFER,1995.38,C7265139639,413.75,0.0,C4162429702,18.13,2013.51,0,0
184,CASH_OUT,315.74,C2142580519,3592.9,3277.16,M202943380,112.52,428.26,0,0
588,PAYMENT,104.83,C5438037132,8243.77,8138.94,M410786604,2.79,107.62,0,0
287,CASH_IN,843.04,C9164566151,46274.11,45431.07,C8179951709,234.01,1077.05,0,0
472,CASH_OUT,2137.91,C1404313645,8209.14,6071.23,M709312736,7698.03,9835.94,0,0
375,PAYMENT,556.78,C9068801734,6084.21,5527.43,M761275802,2.49,559.27,0,0
654,CASH_IN,195.0,C2079802241,2582.51,2387.51,C3621381249,4053.01,4248.01,0,0
537,PAYMENT,5760.89,C3027258714,1483.48,0.0,M521269468,18.72,5779.61,0,0
511,PAYMENT,6190.65,C6358448129,433.86,0.0,M715899903,52.45,6243.1,0,0
579,CASH_IN,102.95,C1062024365,3812.86,3709.91,C2060278526,288.61,391.56,0,0
250,CASH_OUT,483.85,C1671779217,607.21,123.36,M301163726,348.2,832.05,0,0
510,TRANSFER,17.15,C7579455829,6255.46,6238.31,C1228835832,5009.15,5026.3,0,0
630,CASH_IN,2144.55,C2306004682,6673.43,4528.88,C6763200821,247.67,2392.22,0,0
73,PAYMENT,5738.77,C7614850113,3553.07,0.0,M632637933,2273.0,8011.77,0,0
282,PAYMENT,879.27,C7964109077,231.44,0.0,M550435257,5723.18,6602.45,0,0
360,TRANSFER,50.87,C5606523543,879.44,828.57,C8480529794,546.09,596.96,0,0
10,CASH_OUT,10204.59,C3371204985,16475.58,6270.99,M176710800,94051.2,104255.79,0,0
211,CASH_OUT,23407.99,C3963653264,15.37,0.0,M218227081,85.86,23493.85,0,0
152,CASH_OUT,170.08,C4186345486,1763.74,1593.66,M332317912,53.22,223.3,0,0
5,CASH_OUT,983.31,C5918960058,7278.2,6294.89,M457214506,57.03,1040.34,0,0
195,PAYMENT,2065.95,C3212660565,3250.47,1184.52,M119666994,106289.12,108355.07,0,0
283,TRANSFER,1948.38,C8892269881,193571.69,191623.31,C5441402880,3295.19,5243.57,0,0
464,CASH_IN,444.25,C5752086752,19.5,0.0,C6093994082,7983.77,8428.02,0,0
113,CASH_OUT,14702.13,C8830891904,56.88,0.0,M627115064,2277.91,16980.04,0,0
271,PAYMENT,17.63,C5116243851,1729.87,1712.24,M391479597,319.81,337.44,0,0
163,PAYMENT,18.08,C1685702722,11270.06,11251.98,M888720013,588.58,606.66,0,0
460,CASH_OUT,390.97,C3897254409,1265.74,874.77,M931470667,33.85,424.82,0,0
105,CASH_IN,13188.83,C2009731577,29583.97,16395.14,C7967723139,73521.35,86710.18,0,0
693,CASH_IN,4102.64,C3697594227,259.02,0.0,C1154976827,,4418.41,0,0
556,CASH_IN,20.36,C2997900982,554.38,534.02,C8360641640,46.21,66.57,0,0
282,PAYMENT,119002.48,C8026370371,7381.35,0.0,M429047157,10.45,119012.93,0,0
687,PAYMENT,1222.54,C3145897654,452.89,0.0,M113131852,30195.34,31417.88,0,0
162,CASH_OUT,40.27,C8288857033,11409.59,11369.32,M211714892,5560.71,5600.98,0,0
351,PAYMENT,335.55,C9041237162,6228.55,5893.0,M509976454,1419.0,1754.55,0,0
434,PAYMENT,2791.38,C3404633040,387.29,0.0,M774582093,3.76,2795.14,0,0
140,CASH_IN,4939.16,C6483086136,2319.01,0.0,C4396113485,1089.4,6028.56,0,0
471,CASH_IN,353.56,C2665109895,331.94,0.0,C5408834187,210.2,563.76,0,0
132,TRANSFER,1146.34,C3600881430,117.84,0.0,C8503852265,113.91,1260.25,0,0
87,CASH_IN,314.33,C4528761430,412.28,97.95,C1393022319,13323.7,13638.03,0,0
688,CASH_OUT,353.65,C5292543712,700.23,346.58,M977425390,14.15,367.8,0,0
183,PAYMENT,1719.13,C5680723729,1449.96,0.0,M909063837,10.77,1729.9,0,0
368,CASH_OUT,7197.07,C1595474118,835.74,0.0,M939606787,6.31,7203.38,0,0
129,CASH_OUT,41.47,C5492260793,13.63,0.0,M138041820,41.39,82.86,0,0
246,PAYMENT,253.26,C5024353129,13057.7,12804.44,M883082727,12.44,265.7,0,0
601,CASH_IN,121.04,C1265586482,15.55,0.0,C8739994826,3910.77,4031.81,0,0
578,PAYMENT,53.73,C2680408349,1758.27,1704.54,M438629095,41.68,95.41,0,0
670,CASH_OUT,48.52,C9134538427,172.01,123.49,M199351595,664.91,713.43,0,0
378,CASH_OUT,424.07,C9368221155,1579.91,1155.84,M434212047,81.02,505.09,0,0
149,CASH_OUT,47.22,C7293376031,626.18,578.96,M139491523,4755.59,4802.81,0,0
433,CASH_OUT,44.13,C3097797528,2615.76,2571.63,M692847945,2438.1,2482.23,0,0
628,CASH_OUT,281.83,C3732359815,4028.43,3746.6,M881823073,458.51,740.34,0,0
726,PAYMENT,56.89,C2750795326,14687.69,14630.8,M940839670,22197.86,22254.75,0,0
469,CASH_IN,1115.65,C2394409680,7576.88,6461.23,C5658287020,98.57,1214.22,0,0
446,PAYMENT,154.73,C7852011775,1216.17,1061.44,M161776248,166.93,321.66,0,0
481,CASH_IN,37.0,C3068761574,11591.28,11554.28,C4821495570,597.34,634.34,0,0
294,CASH_OUT,42253.43,C9885692995,307.34,0.0,M739134984,1970.28,44223.71,0,0
143,TRANSFER,5.67,C7488901977,73296.27,73290.6,C5966021503,3.38,9.05,0,0
250,CASH_OUT,2236.37,C3660439006,248.15,0.0,M602629597,7158.42,9394.79,0,0
302,CASH_IN,806.1,C8118958642,338.85,0.0,C3433908988,87.26,893.36,0,0
25,TRANSFER,153.01,C9138491051,11.68,0.0,C2658556702,2066.07,2219.08,0,0
70,CASH_IN,65.67,C8800626378,206.57,140.9,C8534459598,58.46,124.13,0,0
625,CASH_OUT,12795.38,C6779018438,562.48,0.0,M985271754,11519.24,24314.62,0,0
112,PAYMENT,28220.09,C2130731150,555.14,0.0,M379219048,5310.04,33530.13,0,0
364,CASH_OUT,224.61,C5592007507,73662.86,73438.25,M392735916,5401.16,5625.77,0,0
303,CASH_OUT,167.93,C9552842053,4733.83,4565.9,M954251888,1219.93,1387.86,0,0
471,CASH_OUT,3856.41,C5265582388,11470.37,7613.96,M170451377,251.99,4108.4,0,0
91,TRANSFER,246.66,C8017474695,1096.96,850.3,C6471877978,5.74,252.4,0,0
530,CASH_IN,1295.83,C6746645376,190.05,0.0,C9417246765,461.5,1757.33,0,0
661,CASH_OUT,1231.55,C1458375231,254546.4,253314.85,M542548847,7243.54,8475.09,0,0
739,PAYMENT,434.7,C4085871184,852.09,417.39,M511752690,2982.89,3417.59,0,0
726,TRANSFER,561.27,C1728177175,5492.77,4931.5,C5962291670,,624.6,0,0
663,PAYMENT,844.87,C8407854156,102.63,0.0,M203818555,876843.1,877687.97,0,0
192,PAYMENT,45.73,C7173959676,58.76,13.03,M485758113,5692.26,,0,0
552,PAYMENT,103.6,C2846901529,46145.46,46041.86,M526630344,61.84,165.44,0,0
242,CASH_IN,633.67,C6946266788,3233.3,2599.63,C7587867731,93.66,727.33,0,0
138,PAYMENT,162.62,C8580739194,628.83,466.21,M566370943,30.2,192.82,0,0
345,CASH_IN,104266.48,C9792553238,684.32,0.0,C4722357447,288.05,104554.53,0,0
180,PAYMENT,525.92,C7206157802,82.45,0.0,M493881916,20837.6,21363.52,0,0
712,CASH_OUT,12.47,C8230258510,269.71,257.24,M888498771,1244.23,1256.7,0,0
503,CASH_OUT,1.45,C3469498716,3178.9,3177.45,M731574512,25417.13,25418.58,0,0
203,CASH_OUT,2084.16,C1916800762,1229.21,0.0,M835508614,21093.29,23177.45,0,0
573,PAYMENT,535.14,C1902976145,7201.4,6666.26,M245521352,12499.76,13034.9,0,0
192,CASH_OUT,7196.58,C8534928273,1.16,0.0,M139305439,27614.64,34811.22,0,0
5,CASH_IN,111.27,C8072244021,1695.53,1584.26,C9830667500,398.54,509.81,0,0
237,PAYMENT,316.97,C8199696158,7704.68,7387.71,M397764987,622.29,939.26,0,0
693,CASH_IN,705.16,C5587565951,4.41,0.0,C4375838490,12.86,718.02,0,0
311,TRANSFER,295.86,C6170888031,82.68,0.0,C3281928130,1767.5,2063.36,0,0
549,CASH_IN,250.77,C5274198102,29.51,0.0,C3747888431,734.3,985.07,0,0
56,TRANSFER,1721.92,C6300169806,28038.14,26316.22,C4467507888,59704.5,61426.42,0,0
443,PAYMENT,76.13,C3151375040,1313.22,1237.09,M261806062,165.63,241.76,0,0
237,CASH_OUT,1177.75,C1758675079,1560.62,382.87,M536980297,30.79,1208.54,0,0
197,TRANSFER,15631.08,C4362317211,18697.93,3066.85,C1612830461,10.72,15641.8,0,0
585,CASH_IN,11051.0,C6936220086,831.3,0.0,C7249003919,12861.26,23912.26,0,0
571,CASH_IN,10.89,C5937812296,216.02,205.13,C2543348813,633.33,644.22,0,0
514,CASH_IN,151.48,C3733770204,1682.46,1530.98,C9576735029,190.3,341.78,0,0
449,PAYMENT,721.36,C8942739730,3214.93,2493.57,M154310358,727.06,1448.42,0,0
360,CASH_OUT,5196.76,C2339216879,64.9,0.0,M830591999,16.98,5213.74,0,0
700,CASH_IN,613.88,C6245898133,55052.16,54438.28,C4234041748,15.24,629.12,0,0
30,CASH_OUT,5216.28,C4204223421,9.65,0.0,M645070220,30475.17,35691.45,0,0
108,CASH_OUT,105.77,C4603750479,2480.31,2374.54,M630173975,655.55,761.32,0,0
602,PAYMENT,780.23,C4382128055,71988.75,71208.52,M740324178,1134.92,1915.15,0,0
717,PAYMENT,820.51,C1145338343,1484.14,663.63,M470079409,412.01,1232.52,0,0
445,CASH_OUT,5578.57,C2961103971,6.44,0.0,M480432251,83.16,5661.73,0,0
438,CASH_IN,2482.72,C9796017432,45093.67,42610.95,C7204420542,83.06,2565.78,0,0
732,CASH_IN,1603.59,C3587248685,329.3,0.0,C9197893996,30.45,1634.04,0,0
606,PAYMENT,2205.39,C5378404028,7724.85,5519.46,M334522854,6972.27,9177.66,0,0
457,PAYMENT,35.9,C9991812652,3125.38,3089.48,M729759576,1328.31,1364.21,0,0
615,TRANSFER,286.31,C8149112336,1053.05,766.74,C2899894783,105.83,392.14,0,0
735,CASH_OUT,54.06,C7173990498,6.38,0.0,M947598821,2554.28,2608.34,0,0
698,CASH_IN,109.26,C7190865620,3033.23,2923.97,C7281917795,52.99,162.25,0,0
696,CASH_OUT,285.01,C1704689066,6941.36,6656.35,M697366191,5192.08,5477.09,0,0
495,PAYMENT,4.42,C3876129803,20.04,15.62,M303803743,49.59,54.01,0,0
674,PAYMENT,306.32,C9057203564,72146.8,71840.48,M906630736,593.53,899.85,0,0
247,CASH_IN,84.3,C5011706743,417.62,333.32,C6388179385,74.01,158.31,0,0
543,CASH_OUT,48.8,C8416282767,102847.78,102798.98,M974870060,16232.1,16280.9,0,0
564,CASH_OUT,488.68,C4652111411,5811.28,5322.6,M294376790,14982.99,15471.67,0,0
588,PAYMENT,185.4,C8705443590,1163.49,978.09,M877519618,2507.42,,0,0
439,PAYMENT,798.71,C2036245580,1424.96,626.25,M561464481,335.56,1134.27,0,0
278,PAYMENT,110.21,C2960506051,12862.63,12752.42,M166480052,122.88,233.09,0,0
552,CASH_OUT,283.95,C7081523435,50009.33,49725.38,M224343318,689.77,973.72,0,0
613,PAYMENT,55125.56,C8385480054,96.58,0.0,M476330715,69.95,55195.51,0,0
111,CASH_OUT,1402.77,C5295525688,245.57,0.0,M799002864,3730.78,5133.55,0,0
385,CASH_OUT,74.28,C7451404715,69221.92,69147.64,M423710622,247.14,321.42,0,0
191,PAYMENT,4811.98,C7095753290,120.85,0.0,M670995161,516.95,5328.93,0,0
490,PAYMENT,8926.83,C3287942221,1159.05,0.0,M240239943,750.89,9677.72,0,0
694,CASH_OUT,1335.9,C2479784204,196.72,0.0,M960324628,19422.93,20758.83,0,0
426,CASH_OUT,84.44,C6879987600,6960.71,6876.27,M816534967,358.67,443.11,0,0
405,PAYMENT,3184.21,C7783304035,2.32,0.0,M525865610,36994.09,40178.3,0,0
335,CASH_OUT,127.15,C8256823936,6881.97,6754.82,M385259782,3528.18,3655.33,0,0
209,PAYMENT,6013.09,C1054367826,19948.2,13935.11,M828037157,3475.91,9489.0,0,0
22,PAYMENT,249.18,C9060112754,5674.12,5424.94,M991056963,86.98,336.16,0,0
678,CASH_OUT,230.67,C6859775948,137.19,0.0,M889339100,20.35,251.02,0,0
611,CASH_OUT,1150.69,C3454385164,0.16,0.0,M822286856,507.56,1658.25,0,0
208,CASH_IN,6771.86,C1676191236,201.6,0.0,C2096511810,28.36,6800.22,0,0
8,CASH_IN,46001.84,C8548260760,5593.97,0.0,C2850468835,4.57,46006.41,0,0
702,CASH_IN,425.83,C4717514823,1031.32,605.49,C9298740524,125.68,551.51,0,0
687,PAYMENT,177.8,C8293602791,9867.68,9689.88,M397537008,7.01,184.81,0,0
529,CASH_IN,78.15,C2090324052,630.76,552.61,C6065991095,4631.62,4709.77,0,0
602,TRANSFER,20.83,C3314601370,555.8,534.97,C1752379119,23.94,44.77,0,0
653,PAYMENT,53.94,C7263068024,59902.19,59848.25,M408517209,6.6,60.54,0,0
657,CASH_OUT,646.31,C1360320505,195.16,0.0,M559512528,102.7,749.01,0,0
166,PAYMENT,3325.26,C8462395898,5521.43,2196.17,M409668689,1758.86,5084.12,0,0
496,PAYMENT,66.19,C6325717376,7787.14,7720.95,M863525327,136.44,202.63,0,0
590,PAYMENT,1947.43,C8466936711,411873.29,409925.86,M152322898,3130.59,5078.02,0,0
429,PAYMENT,71.97,C9748581165,68819.71,68747.74,M830394703,1969.82,2041.79,0,0
163,CASH_IN,91.77,C9747766546,4326.73,4234.96,C3541882324,888.95,980.72,0,0
366,PAYMENT,47.51,C2539244514,6466.33,6418.82,M640848675,84.92,132.43,0,0
526,CASH_OUT,5788.8,C8022100894,25711.64,19922.84,M263928705,1191.89,6980.69,0,0
239,CASH_OUT,10024.71,C3407774983,220.53,0.0,M436130332,0.97,10025.68,0,0
72,PAYMENT,93.86,C9130708829,89643.05,89549.19,M966837578,305.59,399.45,0,0
445,CASH_OUT,79.98,C4522024139,1014.36,934.38,M394097560,7533.03,7613.01,0,0
655,CASH_OUT,1401.28,C8423212069,6029.07,4627.79,M283481652,84.17,1485.45,0,0
509,PAYMENT,12785.44,C3638030492,2707.29,0.0,M666022635,916.54,13701.98,0,0
269,PAYMENT,10176.52,C7110022335,165.25,0.0,M299525055,4.25,10180.77,0,0
415,TRANSFER,186.77,C4555436724,423.07,236.3,C6903912907,2559.08,2745.85,0,0
245,CASH_OUT,279.47,C9686381004,149.39,0.0,M328172874,187.33,466.8,0,0
675,CASH_OUT,34.36,C1612892577,1897.32,1862.96,M694581123,181.49,215.85,0,0
60,CASH_OUT,182.6,C1463111520,23.81,0.0,M698314825,172.61,355.21,0,0
6,PAYMENT,489.44,C9861048475,92.54,0.0,M294477580,835.36,1324.8,0,0
709,CASH_OUT,27.12,C9324110097,361.97,334.85,M460808596,134.6,161.72,0,0
570,PAYMENT,135.64,C8985366515,739.27,603.63,M602576775,545.71,681.35,0,0
407,CASH_OUT,629.19,C3241412583,41756.11,41126.92,M595725921,18.38,647.57,0,0
217,PAYMENT,19.3,C7717866012,13192.62,13173.32,M974712455,140.19,159.49,0,0
26,CASH_IN,1030.83,C5979872245,817.9,0.0,C2941224948,840.03,1870.86,0,0
5,CASH_OUT,3105.06,C4173164000,102335.55,99230.49,M822110675,261.38,3366.44,0,0
532,PAYMENT,1261.5,C1702613680,2537.73,1276.23,M209991974,958.26,2219.76,0,0
390,PAYMENT,149.37,C2180177314,5915.36,5765.99,M186475856,1875.47,2024.84,0,0
710,CASH_IN,4204.85,C7899710003,9.7,0.0,C7973357348,1863.19,6068.04,0,0
571,PAYMENT,6469.75,C2980832487,104.13,0.0,M771811782,2184.71,8654.46,0,0
448,PAYMENT,761.72,C1303365187,15049.83,14288.11,M951195308,2.55,764.27,0,0
146,CASH_IN,543.53,C8158536111,5635.87,5092.34,C3291104641,21.57,565.1,0,0
388,PAYMENT,116.81,C4309889264,97543.52,97426.71,M273628725,37694.98,37811.79,0,0
249,PAYMENT,178.87,C2691828295,80318.19,80139.32,M405460638,4592.25,4771.12,0,0
526,CASH_OUT,3443.87,C3368476674,290.98,0.0,M428854413,151.17,3595.04,0,0
462,CASH_IN,16297.6,C3105267102,19492.61,3195.01,C5191466323,1763.81,18061.41,0,0
13,CASH_IN,175.92,C4516311774,94.03,0.0,C2890309629,90.84,266.76,0,0
384,TRANSFER,286.4,C1745178799,20.69,0.0,C5722134025,2040.17,2326.57,0,0
556,TRANSFER,110.56,C8478997225,2434.97,2324.41,C8611286538,36.61,147.17,0,0
399,CASH_IN,170.44,C9354141728,7431.35,7260.91,C3845128555,1060.63,1231.07,0,0
19,PAYMENT,32.59,C7476233561,2532.21,2499.62,M692368494,249.56,282.15,0,0
575,CASH_IN,951.77,C7157436965,11973.07,11021.3,C8412319092,2595.59,3547.36,0,0
491,PAYMENT,31.94,C5368717779,256.2,224.26,M612957675,140485.13,140517.07,0,0
419,PAYMENT,134.76,C1747942521,14003.09,13868.33,M800683428,492.54,627.3,0,0
337,CASH_OUT,357.0,C4898397167,298.94,0.0,M347687316,3.61,360.61,0,0
419,CASH_OUT,29.13,C6276295868,430224.3,430195.17,M189774868,670.39,699.52,0,0
612,CASH_IN,85.82,C6905932222,9321.98,9236.16,C5623333828,319.99,405.81,0,0
675,PAYMENT,42.49,C1333166720,56575.15,56532.66,M876955325,1.05,43.54,0,0
122,CASH_OUT,3638.12,C7161614968,48.86,0.0,M812311878,59.15,3697.27,0,0
432,CASH_OUT,6969.86,C5149980533,383.08,0.0,M800568698,2533.12,9502.98,0,0
44,CASH_IN,83.21,C5385301480,885.12,801.91,C1741860878,5352.31,5435.52,0,0
317,PAYMENT,101379.82,C1080123329,60.09,0.0,M361510444,5588.05,106967.87,0,0
381,PAYMENT,62.3,C7843586557,62104.53,62042.23,M734809740,23792.2,23854.5,0,0
145,PAYMENT,173.03,C2949983754,1263.78,1090.75,M120385537,196.03,369.06,0,0
327,PAYMENT,1081.2,C4690219635,25.18,0.0,M725640888,35.14,1116.34,0,0
363,CASH_OUT,1305.81,C1417492241,316.81,0.0,M484820591,8.24,1314.05,0,0
50,PAYMENT,213.14,C6863377927,66.14,0.0,M436614152,399.56,612.7,0,0
65,CASH_IN,3599.27,C2555870209,7065.24,3465.97,C4519570756,90.43,3689.7,0,0
355,PAYMENT,4435.64,C4124425674,5001.71,566.07,M898573010,46.64,4482.28,0,0
164,PAYMENT,397.28,C5313906373,5535.87,5138.59,M190356383,6.51,403.79,0,0
141,CASH_OUT,298.81,C4349924491,12729.16,12430.35,M930763377,154.29,453.1,0,0
128,PAYMENT,118.98,C6964957471,266471.28,266352.3,M527526842,51.25,170.23,0,0
398,CASH_OUT,50.38,C5457503531,102368.52,102318.14,M775076629,66.25,116.63,0,0
463,PAYMENT,81.38,C6057568200,357.9,276.52,M655089294,31748.34,31829.72,0,0
187,PAYMENT,1198.78,C4846495217,224935.24,223736.46,M478392445,378.85,1577.63,0,0
720,CASH_IN,404.0,C7454564659,664.67,260.67,C3394026767,269.7,673.7,0,0
732,PAYMENT,247.54,C4308872215,1425.53,1177.99,M562954528,3031.57,3279.11,0,0
190,CASH_OUT,128.76,C2411486318,1310.06,1181.3,M267259344,,248.04,0,0
388,PAYMENT,134.45,C1733160944,5777.62,5643.17,M281840246,1351.07,1485.52,0,0
429,CASH_IN,368.6,C1302872816,10.31,0.0,C2078763239,2216.24,2584.84,0,0
284,CASH_OUT,314.75,C6753805845,1167.08,852.33,M869562514,35.19,349.94,0,0
237,PAYMENT,402.59,C6269930864,2294.78,1892.19,M518750081,214.52,617.11,0,0
194,TRANSFER,165.8,C5284340812,16.25,0.0,C4051813974,10.32,176.12,0,0
287,CASH_OUT,105.46,C3811675788,15.51,0.0,M421401365,25.3,130.76,0,0
136,PAYMENT,410.28,C1552119036,139.17,0.0,M113709906,63.87,474.15,0,0
171,CASH_IN,1479.7,C3099457486,172.2,0.0,C9589900404,963.47,2443.17,0,0
159,PAYMENT,145.88,C7756233632,1220.76,1074.88,M898795149,27.4,173.28,0,0
201,CASH_IN,3.41,C1258232831,786.29,782.88,C7762735906,558.71,562.12,0,0
487,CASH_OUT,26.18,C8715439508,20641.09,20614.91,M679296572,197.65,223.83,0,0
557,CASH_OUT,3458.2,C7598995823,424.15,0.0,M776716357,191.52,3649.72,0,0
583,PAYMENT,2943.86,C5705867498,444.39,0.0,M701019376,2640.55,5584.41,0,0
504,CASH_IN,1470.73,C6294532076,13490.36,12019.63,C4053472600,28157.38,29628.11,0,0
371,TRANSFER,1124.76,C1281657477,9.42,0.0,C3898145390,6.91,1131.67,0,0
103,CASH_OUT,3088.42,C7655567736,92411.61,89323.19,M995705664,1546.35,4634.77,0,0
125,PAYMENT,203.1,C6991993879,24.38,0.0,M345133813,58965.88,59168.98,0,0
313,CASH_OUT,532.63,C7235596115,14074.93,13542.3,M113407158,4503.77,,0,0
458,CASH_OUT,86.18,C4053160725,9048.89,8962.71,M656826270,1787.14,1873.32,0,0
230,PAYMENT,284.1,C1348735967,54889.71,54605.61,M645923808,4.36,288.46,0,0
658,PAYMENT,17899.28,C6447059266,183.83,0.0,M730350654,8929.96,26829.24,0,0
197,CASH_OUT,77.23,C4794028573,1218.26,1141.03,M448875891,25504.68,25581.91,0,0
733,CASH_OUT,39.24,C5159271772,61.61,22.37,M113556319,2081.77,2121.01,0,0
423,PAYMENT,273.89,C9091307480,940.81,666.92,M617727509,4130.85,4404.74,0,0
572,TRANSFER,181.31,C4810307641,848.93,667.62,C8618901499,5531.79,5713.1,0,0
610,CASH_IN,686.74,C3110768291,53319.48,52632.74,C4764679994,2224.25,2910.99,0,0
171,CASH_OUT,1969.9,C9588691757,4204.46,2234.56,M312323465,3022.43,4992.33,0,0
382,CASH_IN,190.75,C1419875604,1007.53,816.78,C9795748490,7.02,197.77,0,0
173,PAYMENT,27270.41,C5115431809,975.47,0.0,M543386325,205347.4,232617.81,0,0
663,CASH_IN,4728.65,C7145558310,347.97,0.0,C4546911676,4549.12,9277.77,0,0
453,CASH_OUT,87.61,C9686070176,603.23,515.62,M546608051,4011.65,4099.26,0,0
350,PAYMENT,344.41,C4448929310,1346.58,1002.17,M486670160,999.32,1343.73,0,0
634,CASH_IN,1160.73,C4430330832,139699.36,138538.63,C3710055474,3.16,1163.89,0,0
494,CASH_OUT,76.87,C1192485260,2994.36,2917.49,M381039655,1.24,78.11,0,0
620,TRANSFER,6.49,C3882086054,82.41,75.92,C3954713844,1419.13,1425.62,0,0
4,CASH_IN,19125.11,C1019957748,744231.64,725106.53,C1747787184,363.73,19488.84,0,0
93,TRANSFER,44.08,C7846184664,14562.15,14518.07,C4956686095,2681.17,2725.25,0,0
6,CASH_OUT,2219.08,C2519964769,12455.7,10236.62,M531032107,189.56,2408.64,0,0
288,CASH_OUT,1637.39,C5032656188,639.06,0.0,M768378043,165.73,1803.12,0,0
618,CASH_OUT,78.91,C8664303883,8053.02,7974.11,M556592323,210.88,289.79,0,0
146,TRANSFER,20329.09,C5303830824,2346.67,0.0,C2819695359,129.68,20458.77,0,0
424,CASH_OUT,459.06,C2347256730,36.66,0.0,M394471942,28.6,487.66,0,0
608,PAYMENT,531.41,C4973601701,3408.74,2877.33,M312909073,17.88,549.29,0,0
457,PAYMENT,18.61,C6876098528,47.59,28.98,M660874178,1364.57,1383.18,0,0
741,PAYMENT,5.91,C6731975603,2310.24,2304.33,M364540556,1887.67,1893.58,0,0
202,CASH_OUT,248.35,C5645849235,2916.99,2668.64,M126561868,0.25,248.6,0,0
212,PAYMENT,5402.0,C3829306941,112.08,0.0,M703287728,240.75,5642.75,0,0
6,CASH_IN,9.74,C7986025723,1471.31,1461.57,C1719358632,229.08,238.82,0,0
624,CASH_OUT,539.53,C8408496744,4847.16,4307.63,M527055888,1260.44,1799.97,0,0
376,CASH_IN,474.95,C6359764082,304.47,0.0,C4424556730,1362.38,1837.33,0,0
447,PAYMENT,4827.36,C5358112609,3438.89,0.0,M223240922,2270.34,7097.7,0,0
106,PAYMENT,3080.85,C4563921219,26390.62,23309.77,M960252049,171.3,3252.15,0,0
651,PAYMENT,534.09,C2905524505,9003.63,8469.54,M501056263,68.82,602.91,0,0
401,CASH_OUT,334.58,C9877191526,505.34,170.76,M422444321,5.5,340.08,0,0
96,PAYMENT,95.61,C3981944167,41480.27,41384.66,M320671482,305.78,401.39,0,0
388,CASH_IN,40.82,C3298005695,7203.01,7162.19,C6894837672,7.99,48.81,0,0
452,CASH_OUT,115.26,C6707194864,718.54,603.28,M397661969,69.08,184.34,0,0
416,PAYMENT,44.1,C5371246130,234.63,190.53,M844746952,12.43,56.53,0,0
726,CASH_OUT,326.95,C9513753997,5150.31,4823.36,M123217395,11965.84,12292.79,0,0
504,CASH_IN,376.36,C4463742937,16537.78,16161.42,C5969921520,16.37,392.73,0,0
454,PAYMENT,232.91,C4989202398,18680.11,18447.2,M200011185,46.71,279.62,0,0
291,PAYMENT,502.05,C9779474213,5119.24,4617.19,M583901593,1601.24,2103.29,0,0
534,CASH_OUT,161.03,C1445408491,467.6,306.57,M970379630,6962.45,7123.48,0,0
193,DEBIT,2171.82,C3781001081,4538.33,2366.51,M788326641,64.86,2236.68,0,0
150,CASH_OUT,637.42,C1605013991,127.47,0.0,M321439239,18128.06,18765.48,0,0
515,PAYMENT,153.23,C5067911108,2264.42,2111.19,M982468084,197.29,350.52,0,0
393,PAYMENT,39.13,C5188316627,98298.3,98259.17,M107183780,7360.12,7399.25,0,0
316,CASH_IN,342.7,C4695008078,88.35,0.0,C7025871090,449.72,792.42,0,0
76,CASH_OUT,3953.27,C7675718260,274.87,0.0,M834314129,14.95,3968.22,0,0
599,CASH_IN,1311.45,C4919546465,11694.87,10383.42,C3556429492,45.57,1357.02,0,0
270,PAYMENT,1837.83,C7127281638,122.61,0.0,M631232729,300.59,2138.42,0,0
225,PAYMENT,1716.59,C7299606870,50859.03,49142.44,M514504988,5586.41,7303.0,0,0
530,PAYMENT,4588.57,C1508359491,12585.62,7997.05,M733238904,1588.07,6176.64,0,0
113,CASH_IN,2262.49,C8424427759,13969.4,11706.91,C1354157525,9518.09,11780.58,0,0
251,PAYMENT,543.56,C7171317533,18857.16,18313.6,M323543273,69.82,613.38,0,0
233,CASH_IN,178.73,C3486923193,43.34,0.0,C3244992755,7.57,186.3,0,0
714,CASH_OUT,2326.11,C1413914151,73.4,0.0,M560749623,1814.83,4140.94,0,0
83,CASH_IN,3.2,C1080141303,29740.15,29736.95,C7570485296,1236.45,1239.65,0,0
125,CASH_OUT,5088.74,C2850796328,509.14,0.0,M102096751,272.68,5361.42,0,0
175,PAYMENT,1603.62,C6449758295,915.33,0.0,M281111255,113.81,1717.43,0,0
69,PAYMENT,10691.46,C8369897078,6436.42,0.0,M155167793,143.56,10835.02,0,0
47,PAYMENT,42.98,C7953385915,1600.81,1557.83,M767979545,60.22,103.2,0,0
256,CASH_OUT,4121.86,C7703353579,16345.61,12223.75,M728367561,947.66,5069.52,0,0
727,PAYMENT,1521.0,C1019662569,4657.55,3136.55,M752224811,1974.38,3495.38,0,0
30,CASH_OUT,119.71,C5550786402,668.86,549.15,M108518340,10507.45,10627.16,0,0
281,PAYMENT,307.14,C7057365988,864.92,557.78,M370870130,411.38,718.52,0,0
237,CASH_OUT,267.06,C1476820836,2091.99,1824.93,M727040406,926.75,1193.81,0,0
248,PAYMENT,194.43,C2398388796,2907.01,2712.58,M328386705,6.43,200.86,0,0
368,CASH_OUT,27.19,C9784723467,8199.5,8172.31,M462224266,529.02,556.21,0,0
495,CASH_OUT,4224.57,C2018516078,1658.86,0.0,M375220807,1849.54,6074.11,0,0
25,CASH_OUT,60.78,C8379705121,887.64,826.86,M996089312,53.77,114.55,0,0
586,PAYMENT,49.43,C5892449696,699.15,649.72,M728838974,13866.62,13916.05,0,0
718,CASH_IN,4439.64,C9406394951,372.3,0.0,C5863766700,54.19,4493.83,0,0
490,CASH_IN,24.4,C9359999290,60599.44,60575.04,C8577445488,772.28,796.68,0,0
494,CASH_OUT,220.24,C5604140249,123.59,0.0,M785992650,627.59,847.83,0,0
314,PAYMENT,55.23,C8558584722,46.94,0.0,M532724843,45.42,100.65,0,0
606,PAYMENT,10651.54,C5206285761,10183.05,0.0,M525451618,272.57,10924.11,0,0
375,PAYMENT,3973.93,C6665049881,3653.71,0.0,M460212549,463.6,4437.53,0,0
639,PAYMENT,77.99,C1737146288,191186.33,191108.34,M661608038,514.21,592.2,0,0
25,CASH_OUT,54.92,C8709752191,890.18,835.26,M149999539,8.48,63.4,0,0
334,PAYMENT,1871.47,C5077964271,1020.0,0.0,M183536731,969.93,2841.4,0,0
355,PAYMENT,959.78,C6737531339,139.89,0.0,M341039646,4868.78,5828.56,0,0
116,CASH_OUT,198.71,C3123200596,1410.7,1211.99,M140434674,3644.27,3842.98,0,0
48,PAYMENT,165.16,C5614672840,14.38,0.0,M869143699,2680.22,2845.38,0,0
738,PAYMENT,252.71,C7930959063,9.78,0.0,M317764882,34.72,287.43,0,0
99,CASH_OUT,2450.05,C8667619147,281.89,0.0,M912375820,2234.36,4684.41,0,0
459,PAYMENT,9333.96,C5326418425,1294.4,0.0,M208746245,9.31,9343.27,0,0
523,CASH_IN,15451.21,C6261083973,252.8,0.0,C4034528506,255.23,15706.44,0,0
597,CASH_IN,92.86,C2911298134,258.2,165.34,C7966427644,23.88,116.74,0,0
405,PAYMENT,453.07,C8328371565,25.26,0.0,M201934441,4661.22,5114.29,0,0
214,PAYMENT,5925.54,C5627087935,5318.21,0.0,M998021350,517.53,6443.07,0,0
685,PAYMENT,70.73,C4170839422,184.63,113.9,M242321334,3.03,73.76,0,0
503,PAYMENT,103.11,C4602247835,69483.57,69380.46,M146623742,171.08,274.19,0,0
721,CASH_OUT,1985.73,C4451023500,922.3,0.0,M423661892,10.93,1996.66,0,0
448,PAYMENT,158.01,C4349901644,79.16,0.0,M718274998,99.74,257.75,0,0
576,PAYMENT,21.1,C9128125917,3.44,0.0,M133401003,170.05,191.15,0,0
258,PAYMENT,77.18,C1194980667,50.89,0.0,M724994999,2058.39,2135.57,0,0
121,TRANSFER,2923.68,C6215589249,935.91,0.0,C9241168504,3840.9,6764.58,0,0
54,CASH_IN,663.86,C5986080239,2.88,0.0,C5835202589,11.5,675.36,0,0
331,CASH_OUT,17.73,C3416445572,151.21,133.48,M287495397,192.74,210.47,0,0
241,CASH_OUT,119.36,C4092289917,289.95,170.59,M769504695,149.56,268.92,0,0
530,CASH_OUT,15451.3,C5975924222,172.35,0.0,M920596686,16.38,15467.68,0,0
483,CASH_IN,351.08,C3382389721,254.36,0.0,C4925805565,198.81,549.89,0,0
187,CASH_IN,247.94,C7264097565,342.6,94.66,C2651028606,3516.88,3764.82,0,0
656,TRANSFER,410.11,C8278177024,154.03,0.0,C3299849617,29.13,439.24,0,0
262,PAYMENT,608.05,C7499836496,43253.73,42645.68,M386935961,3436.26,4044.31,0,0
364,CASH_IN,184.63,C8989808316,234.66,50.03,C3857763747,12.97,197.6,0,0
491,PAYMENT,5890.4,C9412558835,1.54,0.0,M237496715,20980.9,26871.3,0,0
431,CASH_IN,157.29,C1236316734,18.34,0.0,C9280937965,371.45,528.74,0,0
239,CASH_IN,2944.03,C3943877503,4938.45,1994.42,C5107022658,60.93,3004.96,0,0
304,PAYMENT,15442.67,C1472928957,3381.59,0.0,M903122982,1933.35,17376.02,0,0
298,PAYMENT,858.72,C8356691779,295.06,0.0,M170306942,198263.55,199122.27,0,0
76,CASH_IN,49.64,C5624121777,32.19,0.0,C7849367269,11878.45,11928.09,0,0
700,PAYMENT,587.86,C1239770684,6494.37,5906.51,M990186169,345.3,933.16,0,0
333,CASH_OUT,130.64,C2397358747,20.74,0.0,M212115927,10182.88,10313.52,0,0
642,CASH_OUT,2431.24,C1099512811,2790.75,359.51,M925506394,119826.06,122257.3,0,0
474,PAYMENT,610.63,C5980552431,375.09,0.0,M953980010,157.45,768.08,0,0
283,PAYMENT,317.95,C6066005940,3824.05,3506.1,M573672139,607.31,925.26,0,0
591,CASH_OUT,53.69,C3063861050,309.11,255.42,M346734481,51.93,105.62,0,0
72,CASH_OUT,9.76,C5114126190,42221.14,42211.38,M871140452,153.37,163.13,0,0
263,CASH_OUT,79.59,C1598327415,10.89,0.0,M353166955,201.01,280.6,0,0
703,PAYMENT,1483.4,C1230058989,4620.49,3137.09,M180818545,133.94,1617.34,0,0
575,CASH_OUT,4296.69,C4629590546,461.6,0.0,M839700398,7652.55,11949.24,0,0
12,CASH_OUT,216.98,C2963531021,188.74,0.0,M796425522,3.67,220.65,0,0
141,CASH_OUT,60.98,C4544064115,25284.07,25223.09,M916227136,430.11,491.09,0,0
555,CASH_OUT,589.61,C9916353728,86.14,0.0,M597684515,349.1,938.71,0,0
17,CASH_IN,1598.8,C3367060694,1969.11,370.31,C7457258187,124.24,1723.04,0,0
63,CASH_OUT,1909.09,C7144243795,1487.86,0.0,M638082436,3168.88,5077.97,0,0
253,CASH_IN,595.31,C6756460073,50.61,0.0,C2319459747,2971.27,3566.58,0,0
465,PAYMENT,25350.56,C6446501817,8637.68,0.0,M961001618,453.18,25803.74,0,0
376,TRANSFER,5103.93,C2952574447,171547.16,166443.23,C6277150234,882.73,5986.66,0,0
520,CASH_OUT,34.97,C3229030276,62895.68,62860.71,M840736283,356.56,391.53,0,0
90,CASH_OUT,21.44,C7963141598,2959.71,2938.27,M994216029,1916.22,1937.66,0,0
720,CASH_OUT,42.07,C7007932792,620.16,578.09,M968406332,20675.02,20717.09,0,0
630,CASH_OUT,4174.39,C4086434948,8439.86,4265.47,M814405501,5801.16,9975.55,0,0
175,PAYMENT,13.22,C8803655869,12333.64,12320.42,M161480356,108153.58,108166.8,0,0
76,CASH_OUT,1007.39,C3695049646,1376.67,369.28,M296205257,3305.78,4313.17,0,0
613,CASH_OUT,287.15,C4729552384,2.79,0.0,M697172498,4.09,291.24,0,0
663,CASH_IN,33.46,C8956688614,22.4,0.0,C8965102564,2016.28,2049.74,0,0
400,PAYMENT,663.61,C1810947331,3460.46,2796.85,M981778242,63.64,727.25,0,0
71,CASH_OUT,283.47,C9807831178,2469.4,2185.93,M956135313,10722.5,11005.97,0,0
180,CASH_OUT,2026.11,C7283485774,345.56,0.0,M595453780,203.67,2229.78,0,0
124,CASH_OUT,15.58,C3122823466,2178.52,2162.94,M330998989,14.68,30.26,0,0
381,TRANSFER,67.55,C6819603494,28.19,0.0,C8487075190,939.74,1007.29,0,0
293,CASH_IN,70.31,C2662024512,700.81,630.5,C6768022584,201.88,272.19,0,0
195,CASH_IN,1515.18,C2448044652,473.45,0.0,C7340273621,1164.84,2680.02,0,0
228,TRANSFER,250.82,C7120330908,8.08,0.0,C4946356002,970.68,1221.5,0,0
431,PAYMENT,4279.52,C9550684856,1364.05,0.0,M847429458,997.08,5276.6,0,0
436,CASH_OUT,181.71,C9981788685,24.2,0.0,M236402498,1028.27,1209.98,0,0
461,PAYMENT,627.22,C6549106773,9795.04,9167.82,M128403805,3573.52,4200.74,0,0
618,CASH_IN,7851.66,C7043783499,2532.13,0.0,C8716613888,627.57,8479.23,0,0
21,CASH_IN,11.64,C3435125891,206.34,194.7,C5670342729,296.22,307.86,0,0
64,PAYMENT,427.52,C6145933309,86.11,0.0,M850024542,213.58,641.1,0,0
165,PAYMENT,378.74,C6752118336,33.8,0.0,M109500285,,544.25,0,0
27,TRANSFER,83.46,C3744626096,333.65,250.19,C9309641558,205.24,288.7,0,0
311,CASH_OUT,290.7,C8532839345,7565.92,7275.22,M199389717,3471.38,3762.08,0,0
285,CASH_IN,753.22,C9362802670,470.49,0.0,C4037775641,11243.77,11996.99,0,0
660,CASH_OUT,90.7,C9347203240,713.26,622.56,M174380220,2957.45,3048.15,0,0
281,PAYMENT,450.71,C8263755049,69.19,0.0,M399885183,875.91,1326.62,0,0
164,CASH_OUT,52.49,C5583191037,310.23,257.74,M673830625,511.5,563.99,0,0
224,PAYMENT,268.11,C8910084388,623.6,355.49,M834811060,735.9,1004.01,0,0
146,PAYMENT,2584.8,C2979806067,1495.59,0.0,M905191535,756.08,3340.88,0,0
30,PAYMENT,2838.37,C1370958228,706.36,0.0,M475578078,92.25,2930.62,0,0
45,CASH_IN,4211.34,C8287266927,3367.35,0.0,C9361834061,67.43,4278.77,0,0
471,PAYMENT,329.22,C8382791048,5638.53,5309.31,M662437759,505.2,834.42,0,0
34,CASH_IN,209.88,C6434334522,50069.06,49859.18,C8098269508,48.18,258.06,0,0
653,CASH_OUT,1765.02,C9834457052,1900.31,135.29,M865998721,56.39,1821.41,0,0
427,CASH_IN,4162.03,C9339002673,3140.27,0.0,C7949799749,74.82,4236.85,0,0
221,CASH_OUT,476.7,C1508009890,296.91,0.0,M495800812,7860.05,8336.75,0,0
534,CASH_OUT,8302.64,C6060520132,51365.93,43063.29,M452487557,16987.34,25289.98,0,0
692,CASH_OUT,1670.98,C5402344913,338.32,0.0,M313275972,406.95,2077.93,0,0
367,PAYMENT,128.76,C6721956137,4939.95,4811.19,M102994605,472.67,601.43,0,0
743,CASH_IN,164.03,C3860374034,319.83,155.8,C6471494350,2463.81,2627.84,0,0
550,CASH_OUT,372.06,C5146982391,764.25,392.19,M454338792,43.15,415.21,0,0
582,PAYMENT,17.45,C9128357055,1152.78,1135.33,M721832847,547.76,565.21,0,0
116,CASH_IN,133.37,C2542783754,8.3,0.0,C5330460081,57658.89,57792.26,0,0
239,PAYMENT,3950.63,C8369884439,1800.8,0.0,M811983388,346.81,4297.44,0,0
335,CASH_IN,5944.77,C2083244538,897.31,0.0,C5513877302,311.31,6256.08,0,0
441,CASH_OUT,714.84,C1828719767,203.43,0.0,M340259494,327.89,1042.73,0,0
148,CASH_IN,1000.98,C3211200998,88.99,0.0,C2263539218,224.29,1225.27,0,0
9,CASH_OUT,217.06,C1660042447,221.02,3.96,M945991601,1177.77,1394.83,0,0
288,TRANSFER,112.13,C9673404689,76.97,0.0,C5187407886,869.98,982.11,0,0
388,PAYMENT,1262.2,C4810981001,313.86,0.0,M470940708,2.44,1264.64,0,0
50,CASH_IN,167.4,C7042886966,205.68,38.28,C8772043882,1727.7,1895.1,0,0
517,CASH_OUT,11856.96,C6076419317,458.97,0.0,M360392656,36.38,11893.34,0,0
638,CASH_OUT,913.41,C5629719675,7359.7,6446.29,M702131068,2154.74,3068.15,0,0
587,CASH_OUT,982.94,C2038550334,112.98,0.0,M358793479,441.3,1424.24,0,0
677,PAYMENT,48.47,C1628423432,255.01,206.54,M163300932,574.29,622.76,0,0
278,CASH_OUT,3.91,C2030670568,1467.92,1464.01,M335870681,691.17,695.08,0,0
300,CASH_IN,982.65,C4247842030,94.56,0.0,C9208725479,104.82,1087.47,0,0
589,CASH_OUT,149.34,C1878705520,7370.0,7220.66,M876337118,91.45,240.79,0,0
649,CASH_IN,2886.91,C3671442772,98.28,0.0,C1951516510,2616.97,5503.88,0,0
618,CASH_OUT,65.01,C2657917699,1534.56,1469.55,M359863634,110.44,175.45,0,0
607,CASH_OUT,139.43,C2037693539,15599.22,15459.79,M249299374,28.64,168.07,0,0
135,CASH_IN,3785.43,C7573951943,93.78,0.0,C8308158364,1347.92,5133.35,0,0
580,CASH_IN,966.41,C1334500084,148.54,0.0,C2492589578,1196.69,2163.1,0,0
147,PAYMENT,54.45,C3811077708,355.23,300.78,M432560008,366.66,421.11,0,0
490,CASH_OUT,431.82,C7739924171,1150.49,718.67,M893228740,694.0,1125.82,0,0
478,PAYMENT,18168.79,C3578593851,791.87,0.0,M580068662,539.21,,0,0
159,PAYMENT,537.68,C4367937534,1050.64,512.96,M549832430,1857.07,2394.75,0,0
384,CASH_OUT,300.04,C6262990241,3887.5,3587.46,M672711883,3278.34,3578.38,0,0
163,PAYMENT,2417.44,C8222125425,686.69,0.0,M195557595,1491.69,3909.13,0,0
441,PAYMENT,816.11,C3373852744,28.11,0.0,M895558423,3790.87,4606.98,0,0
189,CASH_OUT,7239.68,C7618143248,26468.77,19229.09,M806353380,,30557.34,0,0
415,TRANSFER,1826.57,C9749194721,3224.18,1397.61,C1893401366,1285.15,3111.72,0,0
339,CASH_IN,2472.75,C7359826870,45.4,0.0,C9166771458,350.85,2823.6,0,0
607,CASH_OUT,7979.39,C8893728142,691.75,0.0,M268257736,8.05,7987.44,0,0
181,PAYMENT,221.83,C9290584917,7811.92,7590.09,M513809182,15.57,237.4,0,0
288,CASH_OUT,121.81,C3183636639,113.16,0.0,M651999222,1026.35,1148.16,0,0
187,CASH_IN,27.35,C4737115953,11059.75,11032.4,C8357001600,213.07,240.42,0,0
138,PAYMENT,264.62,C7004410390,97.42,0.0,M809799370,118.36,382.98,0,0
130,CASH_OUT,29.45,C4615982553,3211.04,3181.59,M345635766,1684.65,1714.1,0,0
194,CASH_OUT,837.96,C8729855372,1.81,0.0,M311601643,2399.74,3237.7,0,0
316,CASH_OUT,118.28,C3955109992,11591.96,11473.68,M449370836,933.97,1052.25,0,0
144,PAYMENT,2764.65,C6925672301,9.81,0.0,M371439191,151.11,2915.76,0,0
16,CASH_IN,1914.78,C9078946382,21545.47,19630.69,C7262092101,56236.5,,0,0
302,CASH_OUT,185.08,C1558796859,59.48,0.0,M843721710,330.37,515.45,0,0
423,CASH_OUT,2842.91,C7718482814,121642.25,118799.34,M638074657,3995.96,6838.87,0,0
245,CASH_OUT,543.74,C8487646144,1418.4,874.66,M192081351,232.83,776.57,0,0
107,CASH_OUT,11.68,C3697072542,13933.13,13921.45,M226003856,29.25,40.93,0,0
88,PAYMENT,55.85,C9075589335,688.14,632.29,M770295326,493.92,549.77,0,0
129,PAYMENT,94.79,C4167395286,24.41,0.0,M733700957,205196.05,205290.84,0,0
341,PAYMENT,411.78,C7291406334,105.9,0.0,M873116283,4670.9,5082.68,0,0
4,TRANSFER,171.04,C6014886856,3516.0,3344.96,C6033448705,316.15,487.19,0,0
327,TRANSFER,140.06,C3930586830,1545571.93,1545431.87,C1829837967,1664.93,1804.99,0,0
410,PAYMENT,1289.41,C4377913186,40358.67,39069.26,M426837060,182.33,1471.74,0,0
306,CASH_IN,1946.59,C3188974437,1366.97,0.0,C6208096756,2284.43,4231.02,0,0
607,TRANSFER,117.08,C6645744806,11634.5,11517.42,C9309733452,51779.28,51896.36,0,0
721,CASH_OUT,73.74,C4332380413,1887.69,1813.95,M395717794,107.65,181.39,0,0
225,CASH_OUT,5056.36,C2783894353,613.95,0.0,M323420857,798.17,5854.53,0,0
348,CASH_OUT,94104.24,C8502950238,1267.04,0.0,M440868995,1053.2,95157.44,0,0
321,PAYMENT,61.33,C2036135676,264.66,203.33,M408630791,156.55,217.88,0,0
559,CASH_IN,2397.73,C2558050975,1306.68,0.0,C2283166645,139.1,2536.83,0,0
181,PAYMENT,305.5,C8941311765,2691.49,2385.99,M655703430,630.33,935.83,0,0
618,PAYMENT,1559.27,C4356382691,927.24,0.0,M232869144,82.59,1641.86,0,0
711,PAYMENT,59.99,C8728145422,331.52,271.53,M707269266,5325.15,5385.14,0,0
386,CASH_OUT,33.0,C8758144761,289.47,256.47,M967255225,267.83,,0,0
618,CASH_OUT,42.71,C6672947757,545.82,503.11,M988935106,295.76,338.47,0,0
108,CASH_OUT,130.55,C4364938316,1436.28,1305.73,M526382185,39.07,169.62,0,0
531,CASH_OUT,252.29,C6490455077,321.96,69.67,M833016483,52.09,304.38,0,0
410,CASH_IN,2671.12,C4717537317,4047.56,1376.44,C3039541862,120.59,2791.71,0,0
296,CASH_IN,76.18,C2175416793,18.32,0.0,C8309048148,121.43,197.61,0,0
171,CASH_IN,112.66,C6413380943,1833.45,1720.79,C8452968419,31.17,143.83,0,0
331,CASH_IN,25875.12,C5632391503,12378.26,0.0,C1764892806,3363.92,29239.04,0,0
493,CASH_IN,448.88,C4703642055,90695.15,90246.27,C4972437948,14767.21,15216.09,0,0
195,PAYMENT,713.82,C2514353890,900.69,186.87,M825486395,276.1,989.92,0,0
12,PAYMENT,1791.15,C8359615888,5516.12,3724.97,M231025009,42.7,1833.85,0,0
195,PAYMENT,141.5,C6753671558,1831.88,1690.38,M515688922,51.2,192.7,0,0
490,PAYMENT,388.9,C2328347753,13861.43,13472.53,M576209024,701.06,1089.96,0,0
182,PAYMENT,211.68,C7391193663,592.78,381.1,M236129192,527.44,739.12,0,0
656,CASH_IN,341.7,C9680988524,3732.21,3390.51,C7465700899,8.37,350.07,0,0
316,CASH_OUT,2178.7,C3109144489,4.8,0.0,M470969784,2.13,2180.83,0,0
694,PAYMENT,1555.16,C8728143412,12802.27,11247.11,M371089713,514.46,2069.62,0,0
30,PAYMENT,4.2,C5597727268,1480.83,1476.63,M992638062,2528.63,2532.83,0,0
596,CASH_OUT,2968.34,C3812441159,189.49,0.0,M425393204,8189.87,11158.21,0,0
678,TRANSFER,202.06,C2980461875,2146.29,1944.23,C8671037076,86.8,288.86,0,0
96,CASH_OUT,888.56,C8843677856,36875.76,35987.2,M495888797,7002.51,7891.07,0,0
381,CASH_OUT,178.55,C1423166867,98.18,0.0,M377973756,219.98,398.53,0,0
444,CASH_OUT,363.72,C7568361205,115.04,0.0,M688398142,22.02,385.74,0,0
298,CASH_IN,5600.33,C9674532682,18.34,0.0,C5935562281,37988.59,43588.92,0,0
737,PAYMENT,790.09,C9133444087,115.44,0.0,M608442489,7.12,797.21,0,0
361,PAYMENT,5056.06,C2643964098,99.17,0.0,M994784982,266.3,5322.36,0,0
374,CASH_IN,364.33,C1170426607,658.54,294.21,C2973758443,,445.96,0,0
554,CASH_OUT,295.95,C3610522201,1215.86,919.91,M841949843,1064.0,1359.95,0,0
303,CASH_OUT,413.38,C3243785775,32.32,0.0,M532865738,4428.01,4841.39,0,0
421,CASH_OUT,31.85,C5769466831,2388.34,2356.49,M357245317,4.4,36.25,0,0
246,CASH_IN,1.86,C5139325517,2034.36,2032.5,C2322111970,85.23,87.09,0,0
720,PAYMENT,84.65,C3077853915,1923.2,1838.55,M151846247,4422.22,4506.87,0,0
237,CASH_OUT,3147.82,C4892537154,121.7,0.0,M825675161,48.3,3196.12,0,0
534,CASH_OUT,6912.42,C2097913146,133276.27,126363.85,M476519395,8.57,6920.99,0,0
185,CASH_OUT,7.35,C6826495362,5289.06,5281.71,M511196890,136.68,144.03,0,0
468,PAYMENT,5288.84,C1474766530,38.21,0.0,M244006773,91.06,5379.9,0,0
363,CASH_OUT,123.39,C3757817341,20.26,0.0,M817506128,2939.28,3062.67,0,0
283,CASH_OUT,23.27,C7585789585,144.45,121.18,M479527615,492.41,515.68,0,0
553,PAYMENT,3355.83,C7456835743,1365.76,0.0,M581066299,66.35,3422.18,0,0
336,CASH_IN,146.81,C8347026589,40459.96,40313.15,C9218797849,4598.3,4745.11,0,0
162,CASH_IN,75438.3,C8323056130,201.01,0.0,C3833625120,407.33,75845.63,0,0
160,PAYMENT,104.95,C4862650465,22.71,0.0,M140167995,13.09,118.04,0,0
474,CASH_IN,232.13,C8833691004,2246.7,2014.57,C2757385897,78.03,310.16,0,0
601,PAYMENT,57.23,C9776165433,337.28,280.05,M675857409,115.25,172.48,0,0
322,TRANSFER,544.46,C8167730660,1435.16,890.7,C9683876018,57291.38,57835.84,0,0
12,CASH_OUT,1986.5,C4734157496,725.02,0.0,M435014590,263.37,2249.87,0,0
424,PAYMENT,12.67,C4908382314,555.35,542.68,M804297347,16.57,29.24,0,0
73,PAYMENT,1497.57,C3606308177,14185.28,12687.71,M897015943,281.37,1778.94,0,0
588,CASH_OUT,178.16,C8578992582,4764.48,4586.32,M685137198,2304.34,2482.5,0,0
201,CASH_IN,72.11,C9741598018,1869.01,1796.9,C3834450151,336.76,408.87,0,0
522,CASH_OUT,24.47,C3240225976,5.01,0.0,M194973097,6146.02,6170.49,0,0
505,PAYMENT,2856.2,C4619919915,580.36,0.0,M346023296,2698.22,5554.42,0,0
738,PAYMENT,715.78,C1706275161,9475.74,8759.96,M927357144,2236.96,2952.74,0,0
688,CASH_OUT,125.94,C9088468612,95.69,0.0,M492910980,2213.6,2339.54,0,0
39,PAYMENT,1917.77,C4652811484,616.67,0.0,M351154543,9946.62,11864.39,0,0
60,PAYMENT,1164.04,C5696175056,953.58,0.0,M375390157,,7157.44,0,0
578,CASH_IN,2288.6,C8636825821,1922.44,0.0,C9580888136,,2314.81,0,0
321,CASH_IN,10734.28,C6230752224,391.7,0.0,C6531898337,27.12,10761.4,0,0
435,CASH_OUT,623.31,C2893810342,3093.91,2470.6,M256548112,1779.74,2403.05,0,0
636,PAYMENT,19240.09,C7388497879,2829.9,0.0,M257525602,43.4,19283.49,0,0
676,CASH_IN,7010.46,C3982997667,110.67,0.0,C6707662498,25.34,7035.8,0,0
408,CASH_OUT,1933.11,C6581321637,151.86,0.0,M227708261,3728.14,5661.25,0,0
386,PAYMENT,13.7,C3364686308,1677.64,1663.94,M432752754,140.22,153.92,0,0
671,CASH_IN,502.49,C7293736921,42431.97,41929.48,C6902414449,2440.64,2943.13,0,0
569,PAYMENT,660.27,C2806738034,13357.61,12697.34,M480897697,1817.69,2477.96,0,0
78,CASH_OUT,620.88,C4336000497,264.63,0.0,M721994355,435.17,1056.05,0,0
194,PAYMENT,323.88,C1133927987,146.42,0.0,M914408061,3572.38,3896.26,0,0
285,PAYMENT,1468.65,C2727979147,422.89,0.0,M582121970,1430.91,2899.56,0,0
527,DEBIT,1916.61,C4217774731,50752.82,48836.21,M784808567,3547.72,5464.33,0,0
524,CASH_OUT,14.23,C4364774948,1052.27,1038.04,M327566256,12.73,26.96,0,0
613,TRANSFER,6061.31,C1199241736,1725.84,0.0,C8356652901,271.13,6332.44,0,0
156,PAYMENT,21.05,C3348538610,139.31,118.26,M695597508,12.7,33.75,0,0
340,CASH_OUT,179.15,C6789314444,1161.64,982.49,M248632587,177.34,356.49,0,0
125,PAYMENT,68.36,C5071885429,24.55,0.0,M956836877,32.51,100.87,0,0
280,PAYMENT,95.25,C7717202237,34.23,0.0,M664978953,33.92,129.17,0,0
622,CASH_OUT,3544.19,C6102636189,1337.03,0.0,M690418333,454.95,3999.14,0,0
658,CASH_OUT,514.52,C1591575070,1949.75,1435.23,M653090506,22648.12,23162.64,0,0
728,CASH_IN,1580.03,C3818653625,385.2,0.0,C9827602880,934.47,2514.5,0,0
674,DEBIT,1428.0,C8132854473,2426.83,998.83,M471425980,774.67,2202.67,0,0
128,CASH_OUT,8.76,C6135486352,43.31,34.55,M656618676,11.55,20.31,0,0
314,CASH_OUT,132.23,C1013910351,459.27,327.04,M497734035,29035.07,29167.3,0,0
332,CASH_IN,1802.89,C2567882958,221.59,0.0,C5584470874,682.65,2485.54,0,0
150,PAYMENT,1500.68,C3314388284,880.94,0.0,M461501089,6494.26,7994.94,0,0
454,CASH_OUT,12.02,C1742732846,511.79,499.77,M841738857,135.64,147.66,0,0
36,TRANSFER,3165.46,C1207316686,315552.98,312387.52,C8672990231,2118.58,5284.04,0,0
685,CASH_OUT,1383.14,C6314764109,101.17,0.0,M379220222,11.78,1394.92,0,0
420,PAYMENT,58.82,C3555431672,1083.38,1024.56,M205586906,903.33,962.15,0,0
22,PAYMENT,913.48,C1027642999,1165157.01,1164243.53,M293453754,2528.02,3441.5,0,0
206,PAYMENT,255.13,C1493563393,5051.54,4796.41,M950121508,26620.18,26875.31,0,0
639,CASH_OUT,1079.15,C4535782841,993.68,0.0,M584303457,65511.91,66591.06,0,0
356,PAYMENT,11.02,C3191847895,8428.26,8417.24,M511258552,3130.79,3141.81,0,0
440,TRANSFER,199.3,C4650087190,5302.85,5103.55,C9142739691,20.84,220.14,0,0
729,PAYMENT,4278.83,C7236153406,69.43,0.0,M269660170,121.68,4400.51,0,0
96,PAYMENT,1185.17,C7133624864,22.81,0.0,M293156320,127.96,1313.13,0,0
164,CASH_OUT,1965.07,C9307612438,1396.45,0.0,M334698267,8458.09,10423.16,0,0
148,CASH_IN,252.88,C5448347609,330.82,77.94,C5353064071,392.08,644.96,0,0
530,TRANSFER,1247.24,C7380453314,322743.17,321495.93,C7023145189,841.06,2088.3,0,0
294,CASH_IN,291.15,C8156018303,17995.6,17704.45,C5290336368,64346.94,64638.09,0,0
195,PAYMENT,63.45,C4122972280,17979.01,17915.56,M109983648,303.43,366.88,0,0
663,TRANSFER,243.64,C3754552725,2.93,0.0,C6877566813,31.93,275.57,0,0
480,CASH_OUT,7391.46,C9171880864,250.89,0.0,M543652284,1516.0,8907.46,0,0
123,PAYMENT,3884.09,C3329204237,1068.6,0.0,M579824175,42.15,3926.24,0,0
400,PAYMENT,55.46,C9355131697,174.54,119.08,M305654522,59.4,114.86,0,0
699,PAYMENT,175.09,C7911948245,229.82,54.73,M655362048,382.21,557.3,0,0
452,CASH_IN,63.53,C6957765458,576.78,513.25,C4693381525,105109.04,105172.57,0,0
661,PAYMENT,577.7,C7908299011,1497.11,919.41,M536564857,182.91,760.61,0,0
104,CASH_OUT,2964.74,C8000527387,951220.67,948255.93,M915585373,1932.77,4897.51,0,0
462,CASH_OUT,23472.55,C7251719865,204.4,0.0,M943526196,227.24,23699.79,0,0
743,CASH_OUT,23.22,C3263332672,9082.77,9059.55,M199157161,611.47,634.69,0,0
718,PAYMENT,2245.53,C5482979169,42576.04,40330.51,M263587103,13010.01,15255.54,0,0
710,CASH_OUT,397.28,C3406404849,91.12,0.0,M363342053,2629.32,3026.6,0,0
396,CASH_OUT,193.59,C9874158783,167885.33,167691.74,M375297258,442.01,635.6,0,0
337,PAYMENT,62.14,C2873400214,1975.89,1913.75,M816745845,210.48,272.62,0,0
599,CASH_IN,14181.9,C5343910999,2.14,0.0,C9161728394,18251.63,32433.53,0,0
142,TRANSFER,15.52,C3481587270,23260.1,23244.58,C6458806407,32775.63,32791.15,0,0
317,TRANSFER,151.49,C2269210658,19.22,0.0,C5707000685,505.87,657.36,0,0
711,CASH_IN,841.0,C5973732252,41971.46,41130.46,C6472623345,3706.29,4547.29,0,0
558,CASH_OUT,998.82,C8184296641,12499.03,11500.21,M255246448,6358.1,7356.92,0,0
527,CASH_IN,4883.39,C1254821903,81.4,0.0,C2048491976,67.01,4950.4,0,0
556,PAYMENT,69.31,C1034969784,413.57,344.26,M465498643,264.5,333.81,0,0
401,CASH_IN,1406.38,C2135042765,6070.81,4664.43,C5289599868,2587.21,3993.59,0,0
681,PAYMENT,355.72,C1924464561,273.86,0.0,M521709417,840.93,1196.65,0,0
310,CASH_IN,437.22,C6252950134,84987.68,84550.46,C5766157854,87.2,524.42,0,0
495,PAYMENT,160.91,C2665443760,10793.84,10632.93,M456124508,91.63,252.54,0,0
556,CASH_OUT,557.65,C5066539638,26.13,0.0,M484698871,2996.02,3553.67,0,0
610,PAYMENT,303.45,C7686786439,707.3,403.85,M349184970,39.55,343.0,0,0
109,CASH_OUT,197.85,C9446923179,4021.22,3823.37,M503347969,162.97,360.82,0,0
372,TRANSFER,141.12,C6684334149,156.18,15.06,C3034445127,51.38,192.5,0,0
616,PAYMENT,849.79,C6839314608,16800.93,15951.14,M629713281,1518.54,2368.33,0,0
206,PAYMENT,28.17,C6742544987,5096.28,5068.11,M466244453,7420.43,7448.6,0,0
43,CASH_IN,274.6,C7889424044,6604.97,6330.37,C4657348545,0.79,275.39,0,0
245,PAYMENT,86.88,C3271209048,498.91,412.03,M115650503,29.74,116.62,0,0
287,CASH_OUT,315.51,C6859735390,85.89,0.0,M717040416,168.28,483.79,0,0
355,CASH_OUT,323.63,C7131708574,23015.67,22692.04,M593597143,3759.79,4083.42,0,0
476,PAYMENT,2284.05,C4403792487,89411.7,87127.65,M100387189,11.78,2295.83,0,0
83,CASH_IN,1507.23,C3616694779,14514.73,13007.5,C4743426533,2579.26,4086.49,0,0
110,CASH_IN,723.13,C6483512386,10177.38,9454.25,C4041215577,15849.48,16572.61,0,0
190,TRANSFER,569.9,C5445990020,1281.92,712.02,C8462504852,514.4,1084.3,0,0
251,CASH_OUT,275.41,C3558498636,186.56,0.0,M315289558,1092.3,1367.71,0,0
724,CASH_OUT,265.42,C4489016923,7002.62,6737.2,M963070051,355.69,621.11,0,0
291,CASH_OUT,12.23,C4720667800,228.73,216.5,M867089971,8.45,20.68,0,0
645,CASH_IN,1750.22,C6667431521,13424.34,11674.12,C9695177079,119.99,1870.21,0,0
201,CASH_OUT,687.49,C1149847780,2164.94,1477.45,M904498948,4190.09,4877.58,0,0
326,CASH_OUT,4450.4,C2838595725,27.33,0.0,M816256604,3301.44,7751.84,0,0
511,PAYMENT,133.07,C9550459593,1261.4,1128.33,M585793818,2314.9,2447.97,0,0
409,PAYMENT,5017.76,C2081010949,49.02,0.0,M983338779,276.24,5294.0,0,0
607,CASH_IN,274.89,C3941132021,33.9,0.0,C9461171051,2128.21,2403.1,0,0
508,PAYMENT,128.21,C1929830701,4.31,0.0,M250945541,464.59,592.8,0,0
731,PAYMENT,8874.07,C2388945535,37.67,0.0,M658459917,5.63,8879.7,0,0
601,PAYMENT,835.3,C1113850334,56.08,0.0,M852051474,44.22,879.52,0,0
72,CASH_IN,11407.36,C9204592637,26337.08,14929.72,C1078689527,83.52,11490.88,0,0
247,PAYMENT,567.35,C5791970025,4603.1,4035.75,M998318364,17.18,584.53,0,0
641,CASH_OUT,2028.08,C1616858982,162421.58,160393.5,M991115687,324.53,2352.61,0,0
724,CASH_OUT,3157.1,C5906645986,673.67,0.0,M907317750,2591.03,5748.13,0,0
608,CASH_OUT,229.81,C5073895260,43.06,0.0,M496726534,39858.68,40088.49,0,0
587,CASH_IN,806.04,C5347536287,1072.65,266.61,C8859248124,82.26,888.3,0,0
566,CASH_OUT,549.18,C6386069804,379.21,0.0,M693997381,86.28,635.46,0,0
344,CASH_IN,2131.64,C1666392469,3158.12,1026.48,C4602971212,4053.0,6184.64,0,0
54,CASH_OUT,47.91,C1963850041,31.19,0.0,M128676807,80.2,128.11,0,0
730,CASH_IN,1342.47,C4213934134,1235.49,0.0,C6038151300,6659.48,8001.95,0,0
528,CASH_IN,2542.57,C5579946194,31876.08,29333.51,C5161874384,429.17,2971.74,0,0
611,PAYMENT,102.95,C1943017610,33121.11,33018.16,M832248389,179.34,282.29,0,0
532,PAYMENT,69.21,C5385392528,21475.64,21406.43,M493911928,228.59,297.8,0,0
558,CASH_OUT,14.64,C9482732113,4349.96,4335.32,M729453748,32044.35,32058.99,0,0
193,PAYMENT,25769.21,C6391779660,11501.49,0.0,M973021508,344.94,26114.15,0,0
58,CASH_OUT,93.38,C4592890674,995.54,902.16,M171689066,16.87,110.25,0,0
437,PAYMENT,6876.78,C1642325775,3139.17,0.0,M964834221,39728.3,46605.08,0,0
111,CASH_IN,266.14,C5770304910,794.61,528.47,C9874305390,2887.27,3153.41,0,0
129,CASH_OUT,3627.92,C5305545485,279.45,0.0,M553257485,699.55,4327.47,0,0
706,CASH_IN,1289.33,C6610843339,2085.35,796.02,C4876491602,0.29,1289.62,0,0
326,PAYMENT,27019.04,C9033113321,77041.74,50022.7,M243469123,81.03,27100.07,0,0
8,PAYMENT,7270.91,C7775018393,2201.6,0.0,M554419239,334.07,7604.98,0,0
29,TRANSFER,617.82,C7386150509,3669.62,3051.8,C7575228409,15.03,632.85,0,0
112,PAYMENT,749.7,C6403814656,7656.93,6907.23,M267185340,122.67,872.37,0,0
673,PAYMENT,1569.07,C2905109959,2456.14,887.07,M696874795,30.55,1599.62,0,0
131,CASH_IN,86043.59,C4561941469,632.47,0.0,C6702303016,879.54,86923.13,0,0
188,TRANSFER,461.96,C7245721689,7725.1,7263.14,C6300712723,3256.14,3718.1,0,0
675,CASH_OUT,30.41,C2995077063,175.66,145.25,M587481934,2750.87,2781.28,0,0
709,PAYMENT,658.15,C8496707095,20779.09,20120.94,M262901019,2711.54,3369.69,0,0
475,PAYMENT,112.02,C1542046617,25599.05,25487.03,M160486731,76.98,189.0,0,0
364,CASH_OUT,615.57,C7576865290,974.33,358.76,M908415158,29815.3,30430.87,0,0
204,CASH_OUT,4033.16,C3190973963,209.53,0.0,M114159139,787.74,4820.9,0,0
212,CASH_OUT,1105.62,C5353985419,227702.9,226597.28,M920740837,2.96,1108.58,0,0
621,PAYMENT,123.17,C2050938090,189.76,66.59,M257556092,1650.33,1773.5,0,0
276,CASH_IN,268.87,C9375891325,524.88,256.01,C2495532326,52.57,321.44,0,0
73,CASH_IN,47.82,C6497205321,7.22,0.0,C6826533243,219.92,267.74,0,0
679,PAYMENT,5173.3,C1053247628,34138.75,28965.45,M176209021,780.58,5953.88,0,0
243,CASH_OUT,2082.3,C7773210686,30.29,0.0,M762428816,1095.63,3177.93,0,0
102,CASH_OUT,45.76,C7473318823,3711.31,3665.55,M917806343,5769.72,5815.48,0,0
685,PAYMENT,62445.0,C6152656620,2346.01,0.0,M790052965,662.16,63107.16,0,0
171,PAYMENT,261.41,C5678085124,902.19,640.78,M330515980,11122.36,11383.77,0,0
653,CASH_OUT,728.55,C5115118885,282.75,0.0,M350401223,144.44,872.99,0,0
188,PAYMENT,205.4,C9060281308,3299.76,3094.36,M897280055,5939.33,6144.73,0,0
441,CASH_IN,934.66,C4753174984,85549.08,84614.42,C2446979507,16.04,950.7,0,0
86,CASH_IN,486.92,C8687521739,582.78,95.86,C9841659724,15.6,502.52,0,0
476,CASH_IN,24.65,C3721245296,17.48,0.0,C1363948797,1396.81,1421.46,0,0
52,PAYMENT,4217.59,C9819410587,11.84,0.0,M434428568,19.33,4236.92,0,0
111,CASH_OUT,76.99,C8140064820,684.97,607.98,M194866506,3728.43,3805.42,0,0
43,CASH_OUT,2525.57,C8502995551,350.38,0.0,M139084604,1094.95,3620.52,0,0
211,CASH_IN,253.73,C4973380183,714.89,461.16,C2615014828,5122.48,5376.21,0,0
200,CASH_IN,457.9,C8678556774,2241.85,1783.95,C7853472284,2358.68,2816.58,0,0
627,PAYMENT,1058.1,C2584981339,327.32,0.0,M556724235,6693.6,7751.7,0,0
26,CASH_OUT,530.88,C6859066853,1088545.83,1088014.95,M247426343,5954.03,6484.91,0,0
299,PAYMENT,1785.84,C9452859142,2852.99,1067.15,M997220033,724.04,2509.88,0,0
77,CASH_OUT,97.87,C1332567671,10455.42,10357.55,M174847354,330.24,428.11,0,0
137,CASH_OUT,3209.18,C1824735113,741.73,0.0,M287692998,6687.02,9896.2,0,0
20,CASH_OUT,51.36,C5374501332,754.48,703.12,M205588150,35328.86,35380.22,0,0
440,PAYMENT,65.0,C2195044433,248.51,183.51,M533836875,211.33,276.33,0,0
211,CASH_OUT,1284.38,C5862864311,1323.68,39.3,M841013711,6906.49,8190.87,0,0
551,CASH_OUT,3291.48,C2859938531,24.29,0.0,M658933662,234.04,3525.52,0,0
435,CASH_IN,711.69,C2571492538,19.76,0.0,C7985253177,173.15,884.84,0,0
207,PAYMENT,7977.63,C7642016656,232.67,0.0,M377158792,1867.92,9845.55,0,0
439,PAYMENT,76.16,C6019359772,102.93,26.77,M988303184,3092.91,3169.07,0,0
666,PAYMENT,39.23,C1367886962,232.94,193.71,M954731517,1762.91,1802.14,0,0
42,TRANSFER,2157.06,C3063246982,472.77,0.0,C9966273914,607.8,2764.86,0,0
411,CASH_OUT,515.22,C8970076877,532.41,17.19,M880416801,653.79,1169.01,0,0
523,CASH_OUT,2022.95,C5959481105,8362.79,6339.84,M691585450,16.42,2039.37,0,0
610,PAYMENT,51.62,C6023507205,7573.82,7522.2,M359492626,551.76,603.38,0,0
427,CASH_OUT,166.26,C3293500714,1020.87,854.61,M321550627,12140.73,12306.99,0,0
275,PAYMENT,13168.36,C3685447864,156841.68,143673.32,M739241563,7369.66,20538.02,0,0
448,PAYMENT,269.88,C2804744267,341.57,71.69,M668044991,91.06,360.94,0,0
742,TRANSFER,6995.4,C5583555090,8785.64,1790.24,C4995740430,1861.97,8857.37,0,0
369,CASH_IN,1907.58,C1213859860,3882.15,1974.57,C6762881384,1415.38,3322.96,0,0
220,TRANSFER,227.94,C5859141970,636.98,409.04,C9783279722,28150.27,28378.21,0,0
577,CASH_OUT,6792.11,C6562512921,792.43,0.0,M418624212,4268.41,11060.52,0,0
232,CASH_IN,774.88,C5234375121,364.0,0.0,C5520304439,964.41,1739.29,0,0
328,CASH_OUT,414.49,C5479057796,7307.14,6892.65,M453842212,2326.67,2741.16,0,0
443,PAYMENT,343.87,C7662626385,24884.23,24540.36,M255455697,75.14,419.01,0,0
52,CASH_IN,970.35,C8015822592,1201.64,231.29,C8824362159,878.89,1849.24,0,0
376,CASH_OUT,42.24,C9822353021,10.29,0.0,M877432811,69036.84,69079.08,0,0
263,PAYMENT,2435.8,C7139138531,4296.16,1860.36,M417720965,494.29,2930.09,0,0
267,CASH_OUT,975.38,C2930233689,700.85,0.0,M191121546,162.42,1137.8,0,0
359,CASH_OUT,128.72,C3831873280,78.44,0.0,M958903012,10121.14,10249.86,0,0
317,TRANSFER,31.91,C8687013650,1323.75,1291.84,C8118806039,182.28,214.19,0,0
324,CASH_OUT,244.36,C9923137484,459.56,215.2,M376046084,43.42,287.78,0,0
666,CASH_OUT,665.37,C4438932593,70.73,0.0,M559653232,19654.83,20320.2,0,0
652,PAYMENT,551.12,C9784184098,630.73,79.61,M167046641,135.93,687.05,0,0
563,CASH_IN,544.37,C1168083539,37330.26,36785.89,C2310809757,353.83,898.2,0,0
629,CASH_OUT,1552.47,C7661023917,1563.12,10.65,M774445130,232.39,1784.86,0,0
421,PAYMENT,40.39,C6559412124,1169.52,1129.13,M862973715,49978.14,50018.53,0,0
46,CASH_IN,353.96,C7829856926,3350.33,2996.37,C4915114428,2.69,356.65,0,0
600,CASH_OUT,731.93,C3176145046,1975.58,1243.65,M278262415,1825.47,2557.4,0,0
720,CASH_OUT,1013.74,C3833253841,543.59,0.0,M670609639,17.55,1031.29,0,0
269,CASH_IN,2434.93,C5324793945,1785.8,0.0,C1343646715,6035.78,8470.71,0,0
601,PAYMENT,268.54,C8918675321,1353.3,1084.76,M124606760,105.98,374.52,0,0
381,CASH_IN,448.81,C6287768796,5.11,0.0,C9279825416,209.57,658.38,0,0
118,CASH_OUT,91.55,C7762339962,4117.58,4026.03,M410008404,220.08,311.63,0,0
566,TRANSFER,876.98,C3136741667,1227.12,350.14,C8803305597,522.3,1399.28,0,0
116,TRANSFER,70.75,C7089673605,4245.19,4174.44,C2563798449,39.1,109.85,0,0
630,CASH_OUT,1270.86,C1605957220,1045.55,0.0,M267363557,5920.5,7191.36,0,0
260,CASH_OUT,4282.46,C3468540033,456.26,0.0,M923177947,89.17,4371.63,0,0
75,TRANSFER,1029.23,C9074994283,101.07,0.0,C6719776664,142.92,1172.15,0,0
480,PAYMENT,5253.22,C2273318865,1640.8,0.0,M586029499,32.74,5285.96,0,0
305,PAYMENT,162.88,C2393766636,1624.27,1461.39,M953100210,5240.94,5403.82,0,0
7,PAYMENT,36.69,C3509019724,32029.54,31992.85,M511316207,260.27,296.96,0,0
366,CASH_IN,291.91,C9834938889,327.85,35.94,C7130305603,19305.37,19597.28,0,0
634,CASH_IN,118.15,C5280811420,16175.86,16057.71,C6724871586,0.19,118.34,0,0
523,CASH_OUT,150.38,C9117214720,7995.68,7845.3,M665443651,3098.26,3248.64,0,0
348,CASH_OUT,4.74,C2815743549,160.25,155.51,M485221226,20.74,25.48,0,0
438,CASH_IN,573.21,C1937610453,34.53,0.0,C7788868420,65.61,638.82,0,0
215,CASH_IN,421.16,C5132292202,13858.97,13437.81,C2013379071,400.3,821.46,0,0
429,PAYMENT,2177.96,C1780701554,3456.79,1278.83,M330010523,2141.09,4319.05,0,0
498,DEBIT,1219.5,C7555856463,8531.84,7312.34,M236614230,471304.91,472524.41,0,0
540,CASH_IN,284.1,C9964012690,1590.58,1306.48,C9384070229,62.66,346.76,0,0
367,CASH_OUT,2504.15,C3386611905,85.09,0.0,M405008764,76.84,2580.99,0,0
313,CASH_IN,2376.27,C4498608333,1720.49,0.0,C3630762960,83.09,2459.36,0,0
538,PAYMENT,152.33,C8752352489,5588.39,5436.06,M222745111,151.68,304.01,0,0
54,CASH_OUT,597.18,C7590240455,4.2,0.0,M475939427,5472.09,6069.27,0,0
541,CASH_OUT,8274.98,C1010065417,3638.57,0.0,M453004501,500.8,8775.78,0,0
467,CASH_IN,775.16,C8196547724,8702.29,7927.13,C4792248921,25391.69,26166.85,0,0
164,TRANSFER,77.92,C4948445026,11264.85,11186.93,C3012439988,12339.68,12417.6,0,0
334,CASH_OUT,42.74,C6155088487,3438.59,3395.85,M516646628,2322.52,2365.26,0,0
547,CASH_OUT,21.27,C5443066072,382.9,361.63,M980668754,170.59,191.86,0,0
348,PAYMENT,6.72,C4367324229,931.94,925.22,M235964754,4.43,11.15,0,0
273,CASH_IN,153.21,C5667641584,27.29,0.0,C3745956574,316.61,469.82,0,0
720,CASH_IN,284.54,C6358090480,15160.39,14875.85,C2972871257,60.76,345.3,0,0
414,PAYMENT,57.25,C8111724388,7936.36,7879.11,M169485030,345.46,402.71,0,0
500,PAYMENT,102.67,C4259841971,475.53,372.86,M723101559,182.83,285.5,0,0
93,CASH_OUT,59.85,C2177725341,4873.27,4813.42,M981327787,157.86,217.71,0,0
685,PAYMENT,17.12,C2744791983,5179.12,5162.0,M969145607,390.88,408.0,0,0
79,CASH_OUT,287.22,C6803643611,70.57,0.0,M356388605,5.11,292.33,0,0
622,CASH_IN,1536.68,C9609540797,177820.65,176283.97,C1530600185,115.11,1651.79,0,0
217,CASH_OUT,145.48,C2042598154,134.5,0.0,M572974873,9635.09,,0,0
358,PAYMENT,3913.56,C8368146937,5.47,0.0,M789443343,5020.67,8934.23,0,0
618,CASH_OUT,547.99,C9039899153,2998.08,2450.09,M106563439,383.91,931.9,0,0
507,PAYMENT,2406.72,C1793078133,2546.3,139.58,M900695849,6.37,2413.09,0,0
559,CASH_OUT,429.83,C1361757284,408.59,0.0,M177378080,190.58,620.41,0,0
181,CASH_OUT,1544.36,C1206333199,1853.9,309.54,M304109750,103.74,1648.1,0,0
576,CASH_OUT,24.0,C5880332862,154.23,130.23,M749208720,627.03,651.03,0,0
246,CASH_IN,2175.3,C3589720986,15.37,0.0,C3010948483,594.07,2769.37,0,0
244,PAYMENT,408.71,C3215625515,12560.12,12151.41,M475392320,1388.37,1797.08,0,0
506,CASH_IN,3625.88,C2785673936,2352.46,0.0,C7572892707,12.37,3638.25,0,0
422,PAYMENT,243.59,C1841563579,433.26,189.67,M101890797,3.66,247.25,0,0
320,PAYMENT,13139.7,C7904247334,86084.13,72944.43,M586318387,135.43,13275.13,0,0
87,PAYMENT,1173.12,C6545491518,524.56,0.0,M241594752,29.64,1202.76,0,0
217,TRANSFER,65.99,C7211396645,4823.81,4757.82,C2589141603,651.94,717.93,0,0
490,PAYMENT,3851.62,C8164023969,94.74,0.0,M545865765,476.13,4327.75,0,0
519,CASH_OUT,48.63,C2968098128,4.41,0.0,M446652538,17.8,66.43,0,0
278,TRANSFER,43.49,C1751088853,5096.0,5052.51,C7103812780,818.9,862.39,0,0
722,CASH_OUT,5310.99,C6752677041,4727.14,0.0,M152243605,2273.48,7584.47,0,0
169,CASH_IN,789.11,C4618935099,131464.55,130675.44,C7941391199,22436.34,23225.45,0,0
330,CASH_OUT,466.28,C7265852922,65.93,0.0,M179243997,23.66,489.94,0,0
650,PAYMENT,147.25,C5987612494,16.55,0.0,M543632909,242.3,389.55,0,0
441,CASH_OUT,2128.98,C9999480350,236.27,0.0,M519882542,90.73,2219.71,0,0
391,TRANSFER,234.28,C3071045991,4380.12,4145.84,C4924159824,46132.59,46366.87,0,0
496,PAYMENT,603.82,C1038634922,4.6,0.0,M402141042,4.98,608.8,0,0
381,CASH_OUT,42.33,C4541267528,1338.48,1296.15,M625536706,2623.78,2666.11,0,0
306,CASH_OUT,359.48,C9754759995,345.28,0.0,M647795938,144.56,504.04,0,0
742,PAYMENT,572.78,C9843465381,404.2,0.0,M764065053,32.39,605.17,0,0
673,CASH_IN,1174.53,C4162180641,122.36,0.0,C8246235809,244.76,1419.29,0,0
513,PAYMENT,792.79,C7463475805,17598.16,16805.37,M853469412,676.45,1469.24,0,0
188,CASH_OUT,207.04,C4362346963,20.37,0.0,M122727557,3.74,210.78,0,0
516,PAYMENT,712.98,C4297497414,11740.22,11027.24,M791996795,207.39,920.37,0,0
644,PAYMENT,2868.16,C5630296505,3675.95,807.79,M831872351,183.72,3051.88,0,0
427,CASH_OUT,20.73,C7272256395,331.79,311.06,M204355168,7.61,28.34,0,0
502,CASH_OUT,289.76,C7478925594,51675.51,51385.75,M953512130,3185.9,3475.66,0,0
730,CASH_IN,612.44,C9443055013,9.78,0.0,C2904248712,32.2,644.64,0,0
260,TRANSFER,63.78,C9547079318,13323.87,13260.09,C5311003647,9423.86,9487.64,0,0
513,CASH_OUT,2590.05,C4421754455,69.98,0.0,M362477904,94.73,2684.78,0,0
71,CASH_IN,1338.09,C7294620221,349.01,0.0,C1300612879,1.87,1339.96,0,0
478,CASH_OUT,2969.78,C1764506847,2389.6,0.0,M654863663,17415.9,20385.68,0,0
178,PAYMENT,30314.71,C3621530671,15001.91,0.0,M340848783,17.84,30332.55,0,0
457,PAYMENT,780.77,C1500566317,100.53,0.0,M638765082,88.59,869.36,0,0
189,CASH_OUT,228.99,C3723045432,4565.14,4336.15,M296862725,66.83,295.82,0,0
291,PAYMENT,2636.35,C8578740278,366.11,0.0,M375373670,102.04,2738.39,0,0
520,CASH_IN,124.47,C8025022723,129.59,5.12,C4165904889,600.56,725.03,0,0
292,TRANSFER,1020.7,C1013160341,17.97,0.0,C6814907177,7320.46,8341.16,0,0
635,CASH_OUT,3208.81,C9763678572,424.41,0.0,M540679492,2.59,3211.4,0,0
283,CASH_OUT,2131.08,C6628055840,44.69,0.0,M612550677,248.01,2379.09,0,0
544,TRANSFER,6732.42,C1382394648,51.63,0.0,C1657566306,5323.92,12056.34,0,0
377,CASH_OUT,233.59,C1925074449,324.59,91.0,M238816621,452.04,685.63,0,0
658,CASH_IN,1665.88,C3733603191,605.25,0.0,C2298956933,842.82,2508.7,0,0
156,CASH_OUT,485.71,C8309743228,278.31,0.0,M747628355,5696.62,6182.33,0,0
508,PAYMENT,669.47,C2885934741,1304.29,634.82,M430387958,8.73,678.2,0,0
413,CASH_OUT,669.53,C2721328049,74067.99,73398.46,M788670048,613.24,1282.77,0,0
528,CASH_IN,1185.38,C4033585824,205.04,0.0,C3026209505,3112.36,4297.74,0,0
355,CASH_IN,377.34,C9578359922,117.47,0.0,C1346788713,1231.08,1608.42,0,0
559,CASH_OUT,23.55,C1562791521,105.64,82.09,M721723952,91.13,114.68,0,0
187,CASH_IN,549.18,C5515747805,1.03,0.0,C8349472441,4.55,553.73,0,0
31,PAYMENT,831.74,C5620247814,224.33,0.0,M360167566,833.42,1665.16,0,0
260,CASH_OUT,371.02,C9474197915,94227.62,93856.6,M448284912,96.7,,0,0
421,CASH_IN,963.88,C5580841738,1306.22,342.34,C1706259913,1783.16,2747.04,0,0
529,PAYMENT,315.15,C8265691575,399.09,83.94,M976475849,55.09,370.24,0,0
551,CASH_OUT,234.56,C8040036320,4080.9,3846.34,M423120452,12684.41,12918.97,0,0
304,CASH_OUT,6517.03,C3523181067,374.45,0.0,M910097210,5345.25,11862.28,0,0
39,TRANSFER,36830.43,C4850076891,24249.58,0.0,C6040422096,17.47,36847.9,0,0
489,CASH_IN,2343.08,C9888668356,802.31,0.0,C4678581357,24976.52,27319.6,0,0
644,CASH_IN,127.85,C7524361028,36201.4,36073.55,C8319217115,14.19,142.04,0,0
542,CASH_OUT,632.71,C8011601268,2114.41,1481.7,M285897227,1837.93,2470.64,0,0
670,CASH_IN,544.63,C4304382963,4120.21,3575.58,C5407842079,215.54,760.17,0,0
278,CASH_OUT,1542.93,C2976810823,749.32,0.0,M792730628,291.23,1834.16,0,0
203,TRANSFER,587.76,C9859739056,12369.57,11781.81,C1689502494,6199.3,6787.06,0,0
66,CASH_OUT,1380.35,C8041926451,76230.5,74850.15,M477564062,996.8,2377.15,0,0
108,PAYMENT,14425.79,C4289386100,4196.4,0.0,M874300391,17.65,14443.44,0,0
268,PAYMENT,10.11,C8013913978,697.01,686.9,M521049115,109.32,119.43,0,0
222,CASH_IN,146.56,C6605993719,12544.57,12398.01,C2169758172,1328.39,1474.95,0,0
530,CASH_IN,2748.56,C6270386424,337.84,0.0,C2448652914,5874.89,8623.45,0,0
90,PAYMENT,369.29,C6636714741,37888.22,37518.93,M110827129,3371.34,3740.63,0,0
693,PAYMENT,1320.21,C6103147836,308.37,0.0,M294715241,239.04,1559.25,0,0
255,CASH_IN,276.0,C5120159675,914.56,638.56,C8069438418,166.03,442.03,0,0
455,CASH_OUT,9139.28,C1904245501,9645.19,505.91,M435584818,59962.69,69101.97,0,0
253,CASH_IN,4115.64,C9599184106,6.62,0.0,C3932199976,3837.72,7953.36,0,0
257,TRANSFER,733.18,C6262643475,2409.37,1676.19,C1738581743,247.86,981.04,0,0
383,CASH_OUT,11480.78,C6438852329,1632.93,0.0,M340654697,439.42,11920.2,0,0
442,CASH_OUT,749.44,C5940599539,342.86,0.0,M406651213,29.1,778.54,0,0
599,CASH_OUT,460.57,C7125765308,487.54,26.97,M610188110,172.44,633.01,0,0
90,CASH_OUT,7633.72,C4843912331,132.59,0.0,M483136176,94.24,7727.96,0,0
390,PAYMENT,24.57,C7706346235,99.04,74.47,M853318075,156.53,181.1,0,0
582,CASH_IN,564.36,C2667904960,388.8,0.0,C6547371687,6534.23,7098.59,0,0
44,PAYMENT,817.56,C6384986189,90.95,0.0,M133130397,16.56,834.12,0,0
712,CASH_OUT,258.47,C5145073145,3926.53,3668.06,M822498583,249.37,507.84,0,0
664,PAYMENT,90.83,C6192538775,181.61,90.78,M640593044,37.86,128.69,0,0
598,PAYMENT,349.39,C9222799325,8072.32,7722.93,M384625215,763.26,1112.65,0,0
19,TRANSFER,19.68,C1620352195,102.91,83.23,C9661223815,11820.3,11839.98,0,0
101,CASH_OUT,9016.63,C1876800145,43.78,0.0,M658909000,2398.51,2398.51,1,0
607,CASH_IN,9964.94,C4298226173,634.09,0.0,C1075890489,704.44,10669.38,0,0
357,TRANSFER,467.14,C8147326834,60.72,0.0,C5885144371,5043.43,5510.57,0,0
542,PAYMENT,216.6,C6634946457,778.6,562.0,M100642963,3833.34,4049.94,0,0
33,PAYMENT,21.03,C8925421832,152.6,131.57,M669727966,137.57,158.6,0,0
229,CASH_OUT,109.12,C6594226950,46.86,0.0,M144046859,5.62,114.74,0,0
524,CASH_IN,7830.57,C1038815150,48.39,0.0,C6739027739,7408.95,15239.52,0,0
630,PAYMENT,410.03,C5943067923,20627.38,20217.35,M242163175,21.34,431.37,0,0
155,TRANSFER,144.38,C4478963626,6326.86,6182.48,C9648548037,22.02,166.4,0,0
423,CASH_IN,442.76,C5541552481,41.44,0.0,C6428547441,207.13,649.89,0,0
246,PAYMENT,137.17,C5443225619,151.08,13.91,M971577149,94.03,231.2,0,0
405,PAYMENT,17.23,C1456536856,45051.78,45034.55,M137716665,21.38,38.61,0,0
541,CASH_OUT,218.57,C1324828195,1019.46,800.89,M537731812,324.76,543.33,0,0
161,CASH_OUT,49.89,C2541284635,464.95,415.06,M343177247,193.76,243.65,0,0
702,CASH_IN,949.58,C9969229904,1434.42,484.84,C2628601471,1352.28,2301.86,0,0
117,PAYMENT,2582.59,C1401200324,2119.64,0.0,M381686661,417.89,3000.48,0,0
271,PAYMENT,97.11,C3612172307,1067.48,970.37,M562753361,901.43,998.54,0,0
692,CASH_IN,595.46,C5688556675,147.44,0.0,C9249701932,276.4,871.86,0,0
487,CASH_OUT,391.03,C8159401410,7.6,0.0,M270495226,925.97,1317.0,0,0
172,PAYMENT,92.39,C7338071768,1043.01,950.62,M746159637,142.96,235.35,0,0
274,PAYMENT,4.24,C7130869300,10.77,6.53,M806059244,293.1,297.34,0,0
259,CASH_OUT,51.97,C3465952400,323.03,271.06,M128854348,47.98,99.95,0,0
135,TRANSFER,85.44,C9895825672,213.11,127.67,C4811424822,45.47,130.91,0,0
683,CASH_IN,537.32,C7714112295,179.02,0.0,C2432206533,455.9,993.22,0,0
722,PAYMENT,656.14,C8096362340,3168.38,2512.24,M750664924,39280.05,39936.19,0,0
422,PAYMENT,4832.3,C5597799067,643.37,0.0,M671747934,1175.22,6007.52,0,0
421,CASH_OUT,51.07,C9256081445,3580.85,3529.78,M283872545,118.37,169.44,0,0
186,PAYMENT,78.28,C2167001190,12.28,0.0,M687844971,10.23,88.51,0,0
364,PAYMENT,111.09,C9874303493,7270.26,7159.17,M749333101,2368.51,2479.6,0,0
607,TRANSFER,275.62,C9571181013,10936.89,10661.27,C9345070315,7135.79,7411.41,0,0
378,CASH_IN,625.86,C2920798066,967.65,341.79,C7624856771,1452.18,2078.04,0,0
523,CASH_OUT,953.7,C3671568495,138633.07,137679.37,M111622031,1262.27,2215.97,0,0
580,PAYMENT,9.35,C3300987141,5931.04,5921.69,M305586583,11.84,21.19,0,0
722,CASH_OUT,4402.8,C6239333211,1006.96,0.0,M939948064,551.83,4954.63,0,0
196,CASH_OUT,1031.84,C9825322722,39336.44,38304.6,M816683041,92.15,1123.99,0,0
98,PAYMENT,2357.66,C2556546606,1353.35,0.0,M458759628,1865.35,4223.01,0,0
605,PAYMENT,3.39,C9923419376,109.0,105.61,M692833577,27.55,30.94,0,0
22,CASH_OUT,2129.83,C1891335676,8331.71,6201.88,M536946513,337.28,2467.11,0,0
450,PAYMENT,55.14,C3832214454,48218.78,48163.64,M743771736,2627.26,2682.4,0,0
172,CASH_IN,163.78,C2270629902,23.68,0.0,C5572822491,66.46,230.24,0,0
383,CASH_OUT,7101.15,C6743298853,344.4,0.0,M447323683,158.92,7260.07,0,0
134,CASH_IN,1502.96,C9154807350,306.96,0.0,C4102287208,3551.09,5054.05,0,0
426,CASH_OUT,104.23,C4853981622,45.22,0.0,M288538767,33116.91,33221.14,0,0
25,PAYMENT,1983.03,C9855299234,541.65,0.0,M807812005,2455.56,4438.59,0,0
503,CASH_IN,830.15,C7780677278,155.07,0.0,C1146335361,485.24,1315.39,0,0
185,PAYMENT,178.62,C7806374088,3141.36,2962.74,M487435649,85.91,264.53,0,0
85,CASH_IN,1044.8,C7072932345,3770.32,2725.52,C7310922764,228.17,1272.97,0,0
567,CASH_OUT,189.36,C4505893492,1551.78,1362.42,M203178249,2092.54,2281.9,0,0
144,PAYMENT,874.66,C5096716167,1858.58,983.92,M571780849,111.04,985.7,0,0
679,PAYMENT,852.65,C6269626022,47183.94,46331.29,M810687811,129.33,981.98,0,0
412,PAYMENT,1104.19,C2383520996,168994.96,167890.77,M820080284,16.25,1120.44,0,0
224,CASH_IN,18933.2,C6819649740,5022.84,0.0,C1773157470,62789.01,81722.21,0,0
220,CASH_IN,2671.82,C4881863482,309.39,0.0,C8983941402,4534.7,7206.52,0,0
179,CASH_IN,2980.84,C1001122058,2205.86,0.0,C4419459814,149.3,3130.14,0,0
631,CASH_OUT,140.64,C4816759613,1184.61,1043.97,M847987458,11983.91,12124.55,0,0
433,PAYMENT,19.4,C2267912042,6041.6,6022.2,M713145611,1069.87,1089.27,0,0
265,PAYMENT,277.17,C6093943333,120.01,0.0,M832875453,40.49,317.66,0,0
429,PAYMENT,152.51,C8703676677,7070.06,6917.55,M430230809,104.0,256.51,0,0
662,TRANSFER,1338.39,C8020158494,1346.35,7.96,C7835606436,32.49,1370.88,0,0
416,CASH_OUT,271.7,C1718566450,887.47,615.77,M101384222,947.07,1218.77,0,0
453,PAYMENT,5724.14,C1848496441,980.04,0.0,M263533798,88102.9,93827.04,0,0
727,PAYMENT,12.45,C7852392689,31871.32,31858.87,M811151388,397.1,409.55,0,0
197,CASH_IN,230.75,C8149776369,1023394.59,1023163.84,C4587024436,84.39,315.14,0,0
554,TRANSFER,850.3,C2486926490,1473.6,623.3,C1607505145,265.58,1115.88,0,0
53,CASH_OUT,57.33,C4278810599,176.13,118.8,M117550829,28284.19,28341.52,0,0
480,CASH_OUT,2465.43,C4595808832,1065.17,0.0,M304147157,2645.22,5110.65,0,0
443,PAYMENT,2309.39,C4935668388,2373.94,64.55,M871135396,611.07,2920.46,0,0
330,PAYMENT,170.29,C8509599144,1642.39,1472.1,M576728868,7.98,178.27,0,0
251,TRANSFER,80642.41,C4911982674,1676.14,0.0,C4959087979,730.24,81372.65,0,0
123,PAYMENT,43.14,C1286547630,704.64,661.5,M615532118,65.32,108.46,0,0
387,CASH_OUT,27.31,C4526136190,31897.15,31869.84,M476613409,13198.28,13225.59,0,0
339,PAYMENT,156.26,C8178446096,558.64,402.38,M860502610,35.06,191.32,0,0
348,PAYMENT,590.27,C7515751737,8201.14,7610.87,M796301972,50.07,640.34,0,0
29,CASH_IN,16.01,C3676587798,25.14,9.13,C6834361799,1701.88,1717.89,0,0
35,CASH_OUT,1392.02,C3381020373,266.15,0.0,M642326077,492.95,1884.97,0,0
518,CASH_OUT,55303.25,C3739085389,2281.4,0.0,M115311816,53.58,55356.83,0,0
396,TRANSFER,24.88,C3169807977,1014.17,989.29,C2029934384,25.45,50.33,0,0
623,CASH_OUT,597.55,C3979068560,22975.38,22377.83,M764571659,38988.89,39586.44,0,0
294,CASH_IN,2740.53,C2649403527,2149.41,0.0,C7637674532,325.3,3065.83,0,0
589,PAYMENT,1865.65,C4656409571,30076.02,28210.37,M487222034,524.82,,0,0
349,PAYMENT,30236.7,C1778879427,3704.11,0.0,M168045861,531.68,30768.38,0,0
147,CASH_OUT,157.79,C7617294643,142.39,0.0,M477752242,4.02,161.81,0,0
67,CASH_OUT,21417.62,C8392142899,677.81,0.0,M766072508,3393.15,24810.77,0,0
520,PAYMENT,357.62,C3781860714,792.5,434.88,M294965753,83.88,441.5,0,0
122,CASH_OUT,145.41,C5985853594,26732.27,26586.86,M397560350,82.14,227.55,0,0
340,PAYMENT,17296.69,C9901522378,590.78,0.0,M493281774,459.0,17755.69,0,0
175,CASH_OUT,193.36,C7546124329,779.58,586.22,M751284234,2.01,195.37,0,0
691,PAYMENT,3436.85,C4001454067,404.25,0.0,M603236491,5.02,3441.87,0,0
597,CASH_IN,150.6,C3505832476,1488.66,1338.06,C8692563355,3301.02,3451.62,0,0
451,CASH_OUT,31.56,C8221637982,5600.62,5569.06,M589865231,2107.83,2139.39,0,0
557,CASH_OUT,31.74,C7313207526,6330.56,6298.82,M298353428,54.62,86.36,0,0
136,CASH_IN,1654.45,C9111754237,501.11,0.0,C8776028261,6541.51,8195.96,0,0
16,PAYMENT,48.05,C3526243246,7.36,0.0,M110786841,11929.8,11977.85,0,0
333,CASH_OUT,265.03,C1203830220,2185.29,1920.26,M129225648,13.73,278.76,0,0
195,PAYMENT,110.04,C6972908397,1413.93,1303.89,M640102887,943.26,1053.3,0,0
496,CASH_OUT,69.57,C4972010656,1606.47,1536.9,M580743839,108.54,178.11,0,0
9,CASH_OUT,88.79,C8768511559,1113.75,1024.96,M387612326,0.89,89.68,0,0
334,TRANSFER,610.66,C2567469027,2352.71,1742.05,C7600783036,14.81,625.47,0,0
333,CASH_IN,1.05,C3355632618,7.1,6.05,C8441244928,995.76,996.81,0,0
327,CASH_IN,2182.35,C8517074564,1579.48,0.0,C4431248455,40.36,2222.71,0,0
15,CASH_OUT,30.27,C6800437207,91.39,61.12,M522494115,6370.36,6400.63,0,0
614,CASH_OUT,39.06,C4671353487,21199.72,21160.66,M674085307,640.96,680.02,0,0
226,CASH_IN,22.47,C7726380875,1492.69,1470.22,C5957320777,81216.49,81238.96,0,0
425,CASH_OUT,691.14,C9115704843,179.38,0.0,M947348188,7.27,698.41,0,0
408,PAYMENT,7538.67,C6386656067,57.1,0.0,M596625296,28706.86,36245.53,0,0
113,CASH_OUT,307.57,C6980578860,128.96,0.0,M234761364,5919.48,6227.05,0,0
428,PAYMENT,966.59,C8758632397,220.06,0.0,M469137141,270.23,1236.82,0,0
1,CASH_OUT,1185.23,C6414973004,1212.16,26.93,M107155019,15080.65,16265.88,0,0
266,CASH_OUT,1776.49,C4031701664,55.5,0.0,M320147123,299.69,2076.18,0,0
491,CASH_IN,54.21,C2281571833,2007.99,1953.78,C6757603802,20817.91,20872.12,0,0
208,PAYMENT,9768.45,C3550223626,13456.92,3688.47,M271141120,51.19,9819.64,0,0
622,CASH_OUT,206.87,C5407234782,17302.31,17095.44,M772874892,609.33,816.2,0,0
712,CASH_IN,707.77,C5013107323,419.74,0.0,C9299745593,309.79,1017.56,0,0
369,CASH_OUT,298.88,C4503961237,1022.55,723.67,M733113255,16.07,314.95,0,0
306,PAYMENT,165.51,C9061694498,209.69,44.18,M855109832,44.04,209.55,0,0
12,PAYMENT,2641.59,C4076707854,53.72,0.0,M187732525,695.59,3337.18,0,0
345,CASH_OUT,1436.87,C2857707548,285.46,0.0,M272093188,253.71,1690.58,0,0
465,PAYMENT,5.09,C8931858959,12.03,6.94,M468974691,891.32,896.41,0,0
700,CASH_IN,932.92,C1340517921,7.86,0.0,C5137022541,48.23,981.15,0,0
666,TRANSFER,26775.68,C7630839759,2336.13,0.0,C4482572704,30.63,26806.31,0,0
494,PAYMENT,584.92,C3246656142,2064.16,1479.24,M623980980,100.26,685.18,0,0
368,CASH_OUT,145.23,C1489945785,23139.16,22993.93,M963866507,748.6,893.83,0,0
420,CASH_OUT,187.37,C2579181858,39652.94,39465.57,M217723924,238.46,425.83,0,0
171,PAYMENT,131.12,C1328692727,1728.82,1597.7,M388993511,138.2,269.32,0,0
134,CASH_OUT,40.53,C2946020215,103.79,63.26,M957609502,2188.23,2228.76,0,0
427,PAYMENT,278.84,C2416094284,102.91,0.0,M269894382,1230.88,1509.72,0,0
25,PAYMENT,276.32,C5072969254,81.42,0.0,M867211572,1251.4,1527.72,0,0
530,CASH_OUT,1339.87,C1356196912,2058.22,718.35,M756940264,333.47,1673.34,0,0
190,CASH_OUT,141.89,C4542826794,167.71,25.82,M914911244,67.66,209.55,0,0
141,PAYMENT,22513.07,C2524400471,32.7,0.0,M709294045,17.4,22530.47,0,0
555,CASH_OUT,61.97,C5362645868,3141.25,3079.28,M826202205,179.65,241.62,0,0
658,DEBIT,541.6,C4377998928,9418.95,8877.35,M397056904,533.21,1074.81,0,0
315,PAYMENT,90.46,C6123339602,169.59,79.13,M854646062,3557.51,3647.97,0,0
444,CASH_IN,137.37,C5942241274,1006.0,868.63,C5370040169,196.72,334.09,0,0
319,CASH_IN,230.69,C9297575917,42364.32,42133.63,C2005035835,20.97,251.66,0,0
441,CASH_IN,606.45,C7002006833,11307.88,10701.43,C9623719212,13.62,620.07,0,0
92,CASH_OUT,2009.83,C6215648469,109.24,0.0,M119136922,674.45,2684.28,0,0
179,TRANSFER,158.97,C5893880817,53381.09,53222.12,C6460132433,2972.54,3131.51,0,0
56,CASH_OUT,20.21,C5495360198,6606.98,6586.77,M306690187,14.75,34.96,0,0
155,CASH_OUT,6243.36,C7482667879,63756.26,57512.9,M373320980,7257.28,13500.64,0,0
672,PAYMENT,57.15,C9518028774,698.79,641.64,M249343032,22.69,79.84,0,0
111,CASH_OUT,246.42,C5963609736,129.54,0.0,M986230137,68.03,314.45,0,0
137,CASH_OUT,450.47,C3379398660,993.7,543.23,M154124560,5224.48,5674.95,0,0
232,CASH_OUT,328.85,C7348500418,32.23,0.0,M734505146,120.73,449.58,0,0
468,CASH_OUT,23.95,C6319984005,8690.71,8666.76,M597266598,282.04,305.99,0,0
732,PAYMENT,2262.23,C2336987849,275.28,0.0,M825061499,1084.59,3346.82,0,0
481,CASH_OUT,1.44,C7350630813,2909.83,2908.39,M591239496,7955.81,7957.25,0,0
68,PAYMENT,2862.87,C1566362619,244758.18,241895.31,M411153205,323.57,3186.44,0,0
249,TRANSFER,4075.46,C6661381784,323.97,0.0,C7231271045,531.29,4606.75,0,0
323,PAYMENT,2456.27,C5449083458,1095.74,0.0,M723132551,263.76,2720.03,0,0
518,PAYMENT,219.54,C1120406574,341.1,121.56,M102263697,12.4,231.94,0,0
432,TRANSFER,522.6,C8157857732,762.22,239.62,C8150274230,10008.0,10530.6,0,0
487,CASH_OUT,105.79,C8172038623,610.22,504.43,M727128785,0.27,106.06,0,0
606,PAYMENT,462.82,C9172046513,13350.33,12887.51,M483192340,859.12,1321.94,0,0
429,CASH_IN,1419.86,C9980094953,10120.95,8701.09,C8087789205,7097.32,8517.18,0,0
269,TRANSFER,45.15,C4819398828,621.27,576.12,C4077408052,10385.57,10430.72,0,0
709,PAYMENT,308.41,C2002658988,1480.59,1172.18,M420849907,50.66,359.07,0,0
537,CASH_OUT,155.34,C9117347714,475.1,319.76,M108377575,1093.63,1248.97,0,0
148,CASH_IN,4212.18,C1192519250,37732.05,33519.87,C5655397759,46.1,4258.28,0,0
118,CASH_OUT,61.43,C5618297712,1.85,0.0,M917977045,72.31,133.74,0,0
367,PAYMENT,1411.37,C5530036978,154.12,0.0,M280775205,7024.32,8435.69,0,0
66,PAYMENT,363.03,C3617369256,3178.77,2815.74,M887355969,490.37,853.4,0,0
370,PAYMENT,314.66,C8098704600,9056.55,8741.89,M125022948,774.89,1089.55,0,0
175,CASH_IN,1498.41,C5884901620,26175.27,24676.86,C9973570631,3437.76,4936.17,0,0
588,CASH_IN,187.17,C7594294219,1096.9,909.73,C1788737333,5837.47,6024.64,0,0
495,CASH_IN,495.98,C9895005503,250.88,0.0,C2902753697,256.55,752.53,0,0
114,CASH_OUT,3722.71,C4139194862,1024.48,0.0,M821692181,6.3,3729.01,0,0
111,PAYMENT,85.29,C7478026055,12347.08,12261.79,M755867333,192.56,277.85,0,0
439,CASH_IN,693.64,C5842990265,235.93,0.0,C5573353641,1893.26,2586.9,0,0
715,PAYMENT,2351.24,C7626864411,941.13,0.0,M462258680,8.06,2359.3,0,0
147,TRANSFER,1026.46,C2565839299,518.36,0.0,C2896833434,117.54,1144.0,0,0
35,CASH_IN,5231.05,C8077971608,24771.23,19540.18,C6585670711,145.15,5376.2,0,0
309,PAYMENT,317.45,C3519001710,60.07,0.0,M690984415,729.04,1046.49,0,0
538,CASH_OUT,1545.13,C5742746074,1.99,0.0,M724124873,81.71,1626.84,0,0
14,PAYMENT,3660.77,C3332195620,805.66,0.0,M743274530,450.84,4111.61,0,0
374,TRANSFER,13.69,C2871552674,5170.0,5156.31,C6331566328,22.85,36.54,0,0
557,PAYMENT,178.83,C7716626808,305.92,127.09,M677378724,1331.05,1509.88,0,0
428,CASH_IN,861.04,C9169385200,11.14,0.0,C1276502978,1171.73,2032.77,0,0
728,CASH_OUT,2543.24,C2437500714,5561.22,3017.98,M912691450,1806449.74,1808992.98,0,0
233,PAYMENT,656.6,C4124131626,360.88,0.0,M104272261,32.56,689.16,0,0
705,PAYMENT,6589.86,C4924415661,1926.28,0.0,M631787126,143.37,6733.23,0,0
563,PAYMENT,138.61,C5957662870,525.15,386.54,M904282708,10704.9,10843.51,0,0
726,CASH_IN,34.13,C7236683709,4.36,0.0,C4526565058,7.44,41.57,0,0
663,CASH_OUT,1977.08,C1752049291,2468.93,491.85,M682396655,388471.6,390448.68,0,0
440,CASH_OUT,321.82,C5207333567,4548.89,4227.07,M661020848,116.67,438.49,0,0
502,CASH_IN,75.52,C6171210367,673.73,598.21,C3178263877,8.75,84.27,0,0
275,CASH_OUT,12293.62,C4968467297,65.45,0.0,M735507854,1188.69,13482.31,0,0
76,PAYMENT,1796.81,C1188874236,108850.0,107053.19,M556050187,463.77,2260.58,0,0
439,CASH_OUT,1483.7,C2201607985,2910.59,1426.89,M247509116,33.34,1517.04,0,0
732,CASH_OUT,9764.93,C2191196541,36.01,0.0,M577044421,77.1,9842.03,0,0
699,PAYMENT,186.01,C3144510881,344601.56,344415.55,M573192105,2200.6,2386.61,0,0
289,CASH_IN,6815.11,C4256441752,237.64,0.0,C4496425335,15.14,6830.25,0,0
540,CASH_OUT,931.71,C2149775188,30643.02,29711.31,M994570508,2076.1,3007.81,0,0
692,CASH_OUT,124.05,C7327315116,5640.48,5516.43,M715186113,76.38,200.43,0,0
253,CASH_OUT,397.83,C2077972775,2664.22,2266.39,M610316049,293109.91,293507.74,0,0
126,PAYMENT,585.91,C1850360993,35452.34,34866.43,M308600689,18552.48,19138.39,0,0
177,CASH_OUT,3734.74,C7078124008,11.5,0.0,M827227088,16.42,3751.16,0,0
37,PAYMENT,27.11,C9818291310,4592.64,4565.53,M257003105,146.14,173.25,0,0
410,CASH_IN,12.22,C3513501657,471.38,459.16,C5144887685,3770.53,3782.75,0,0
611,PAYMENT,83.5,C8215664455,450051.29,449967.79,M915968974,0.26,83.76,0,0
610,CASH_OUT,352.32,C9192172965,8.81,0.0,M146228062,40.78,393.1,0,0
127,PAYMENT,1683.9,C6123061251,2393.37,709.47,M539387091,121.15,1805.05,0,0
483,TRANSFER,161.47,C2047006159,2855.82,2694.35,C7715187859,8.81,170.28,0,0
168,CASH_OUT,929.17,C8953139800,245.01,0.0,M616182455,419.04,1348.21,0,0
592,CASH_OUT,9959.44,C1465482847,573.9,0.0,M276098327,142.35,10101.79,0,0
294,PAYMENT,13.48,C2323399918,344.84,331.36,M769485115,49.65,63.13,0,0
638,CASH_OUT,307.33,C4165140460,96.58,0.0,M464354343,13277.33,13584.66,0,0
343,PAYMENT,50966.94,C5629073328,106.9,0.0,M272385711,3344.43,54311.37,0,0
310,CASH_IN,97.37,C7348831605,734.17,636.8,C9185994096,3231.2,3328.57,0,0
662,PAYMENT,78.75,C4153730760,5931.88,5853.13,M572751371,436.49,515.24,0,0
528,PAYMENT,1143.81,C6060548840,212.95,0.0,M342526418,925.16,2068.97,0,0
540,PAYMENT,139.84,C9074939118,3.17,0.0,M736477154,29354.27,29494.11,0,0
419,CASH_OUT,3468.82,C6294411753,866.43,0.0,M524717553,21.16,3489.98,0,0
444,CASH_OUT,56963.72,C6113447683,2229.07,0.0,M559906244,31.05,56994.77,0,0
685,CASH_IN,468.47,C5228595780,596.34,127.87,C9870612786,6333.08,6801.55,0,0
558,TRANSFER,96317.08,C6640986632,1220.03,0.0,C7888315108,1550.05,97867.13,0,0
236,CASH_IN,163.06,C5142286375,10987.86,10824.8,C3241538274,95.88,,0,0
439,TRANSFER,288.51,C7571232749,924.62,636.11,C4202619056,1245.94,1534.45,0,0
214,CASH_OUT,59.16,C5604059956,8444.82,8385.66,M514109434,23.72,82.88,0,0
85,CASH_OUT,163.98,C8227375406,2382.1,2218.12,M403631289,1106.91,1270.89,0,0
85,PAYMENT,250.28,C8868489455,104.55,0.0,M511127422,73.93,324.21,0,0
489,CASH_OUT,923.32,C3814488257,17860.05,16936.73,M616360926,18467.18,19390.5,0,0
65,CASH_IN,33.38,C2078025619,37.73,4.35,C5856231686,892.61,925.99,0,0
646,TRANSFER,143.3,C9116175424,5.89,0.0,C2261276632,418.2,561.5,0,0
663,CASH_IN,150.75,C1685768903,1407.67,1256.92,C6427111798,198.42,349.17,0,0
627,PAYMENT,2409.3,C2430807936,4904.51,2495.21,M845217854,868.22,3277.52,0,0
64,CASH_OUT,509.43,C2837010672,4129.83,3620.4,M652863273,3424.3,3933.73,0,0
343,CASH_OUT,509.61,C1786190899,53.57,0.0,M632246026,202.64,712.25,0,0
352,PAYMENT,476.52,C1933858551,1579.62,1103.1,M862762594,55832.37,56308.89,0,0
158,PAYMENT,12.31,C7503212761,17.24,4.93,M237393569,273.08,285.39,0,0
589,PAYMENT,10042.31,C4854639108,2625.45,0.0,M699495212,1602.8,11645.11,0,0
491,TRANSFER,63.44,C2030704622,1369.28,1305.84,C9592265482,954.8,1018.24,0,0
658,CASH_IN,2392.64,C2414210554,4266.2,1873.56,C3865095077,1.14,2393.78,0,0
463,CASH_OUT,257.15,C7710674750,7882.37,7625.22,M543920781,5341.47,5598.62,0,0
225,CASH_OUT,118.76,C8163938206,4154.26,4035.5,M745272774,151970.54,152089.3,0,0
313,PAYMENT,3253.24,C8799477455,39.32,0.0,M742090741,1116.73,4369.97,0,0
615,CASH_OUT,37.06,C7056948113,306.82,269.76,M896531359,1064.03,1101.09,0,0
466,CASH_IN,43.9,C9120097826,63.58,19.68,C2121680374,780.17,824.07,0,0
88,PAYMENT,552.78,C5808774393,1.91,0.0,M540402389,32.26,585.04,0,0
303,CASH_OUT,586.69,C5698471250,7041.33,6454.64,M276327904,450.48,1037.17,0,0
680,PAYMENT,2077.67,C3816216546,5387.24,3309.57,M674373679,689.25,2766.92,0,0
435,PAYMENT,1691.07,C7252245560,108.34,0.0,M535632924,3001.15,4692.22,0,0
682,CASH_IN,351.18,C1188669244,154.15,0.0,C3004974368,1147.0,1498.18,0,0
135,CASH_OUT,497.17,C1894934095,1009.87,512.7,M496864635,1576.62,2073.79,0,0
50,CASH_IN,301.71,C1703501326,277.28,0.0,C3536412883,151.6,453.31,0,0
432,PAYMENT,6875.26,C2504345648,17185.66,10310.4,M743264079,7051.14,13926.4,0,0
340,CASH_IN,56.59,C3788008667,418.47,361.88,C4161021578,15211.42,15268.01,0,0
347,CASH_OUT,429.79,C4604099044,133.12,0.0,M133941409,868.57,1298.36,0,0
646,PAYMENT,1880.04,C3810527423,3223.26,1343.22,M251672036,992.68,2872.72,0,0
347,PAYMENT,3714.28,C1699651195,112.93,0.0,M106584758,80.49,3794.77,0,0
649,PAYMENT,106.12,C6547694156,6416.96,6310.84,M990179812,1837.8,1943.92,0,0
245,CASH_IN,57.91,C3880697876,947.12,889.21,C7197914411,395.54,453.45,0,0
109,PAYMENT,33.69,C2994722313,10690.41,10656.72,M603404928,127.25,160.94,0,0
533,CASH_IN,203.18,C4545605602,13291.15,13087.97,C3208859093,182.65,385.83,0,0
90,CASH_OUT,670.73,C5795067621,42.08,0.0,M868010641,571.7,1242.43,0,0
296,CASH_IN,156.9,C9664499790,1291.76,1134.86,C6140574300,531.13,688.03,0,0
112,CASH_OUT,1633.37,C1352986211,976.7,0.0,M937975526,13517.83,15151.2,0,0
589,CASH_IN,353.85,C5057360250,822.98,469.13,C6944928960,98.47,452.32,0,0
177,TRANSFER,1365.13,C1066285283,19910.23,18545.1,C8522788079,1366.41,2731.54,0,0
343,CASH_OUT,541.51,C8662180402,1054.53,513.02,M360528638,32.62,574.13,0,0
660,PAYMENT,13.87,C6614255257,34.32,20.45,M869827482,29.42,43.29,0,0
101,PAYMENT,40.46,C7939269190,347.87,307.41,M293211662,3.76,44.22,0,0
629,CASH_OUT,4081.53,C9462561781,190.5,0.0,M666235103,6000.64,10082.17,0,0
604,PAYMENT,61.94,C1460282061,391.23,329.29,M944402692,4419.03,4480.97,0,0
401,PAYMENT,2216.94,C3375703217,1056.62,0.0,M617015890,0.48,2217.42,0,0
28,CASH_IN,519.3,C3830310774,191.47,0.0,C2865513536,605.9,1125.2,0,0
537,CASH_IN,56.31,C7192136762,5065.01,5008.7,C3158431838,135.44,191.75,0,0
58,CASH_IN,1806.76,C2834367948,48982.63,47175.87,C1263941734,842.42,2649.18,0,0
498,PAYMENT,155.19,C9702087121,1704.9,1549.71,M872242943,,666.23,0,0
297,CASH_IN,546.28,C5362182739,7861.75,7315.47,C4176009468,231.6,777.88,0,0
134,PAYMENT,265.15,C8269859078,91.2,0.0,M422649836,29.22,294.37,0,0
331,PAYMENT,1.81,C7319898997,9306.78,9304.97,M188965493,78.56,80.37,0,0
249,PAYMENT,1552.32,C3835669639,33743.05,32190.73,M147939199,77.48,1629.8,0,0
550,TRANSFER,1871.25,C4877773559,23405.97,21534.72,C4775474630,153.98,2025.23,0,0
75,CASH_IN,150.18,C2193147658,255.31,105.13,C1609932138,,3190.27,0,0
654,PAYMENT,1457.85,C6223350122,24262.87,22805.02,M883207781,30853.04,32310.89,0,0
168,CASH_IN,70.56,C7981468763,89334.46,89263.9,C4216701548,56.85,127.41,0,0
503,PAYMENT,73.5,C5040610649,269.82,196.32,M270372290,2152.5,2226.0,0,0
355,CASH_IN,651.46,C7777941356,6326.99,5675.53,C8246536200,2.91,654.37,0,0
225,PAYMENT,100.25,C8899754153,260.05,159.8,M368263100,5.65,105.9,0,0
664,CASH_OUT,311.58,C3438582130,36.95,0.0,M375814630,607.61,919.19,0,0
531,PAYMENT,61.68,C2701856701,642.19,580.51,M368148701,2974.12,3035.8,0,0
146,PAYMENT,30.9,C9177607832,269.15,238.25,M645000909,1477.39,1508.29,0,0
241,PAYMENT,611.2,C4708673543,780.17,168.97,M228999983,117.98,729.18,0,0
344,PAYMENT,622.72,C4115200994,1.72,0.0,M704813523,11252.86,11875.58,0,0
35,CASH_IN,419.23,C7069823053,2865.6,2446.37,C8500273014,91.32,510.55,0,0
702,CASH_IN,225.6,C4575673984,613.54,387.94,C5661474586,160.6,386.2,0,0
1,CASH_IN,98.77,C9300494738,7161.26,7062.49,C5409015905,832.61,931.38,0,0
153,PAYMENT,46.42,C8710104565,348.22,301.8,M869637107,1293.79,1340.21,0,0
429,TRANSFER,42.91,C2995319367,83469.76,83426.85,C2345374128,24.41,67.32,0,0
508,PAYMENT,120.57,C7909311801,367.54,246.97,M245051043,26.65,147.22,0,0
126,CASH_IN,3110.58,C9551966889,1453.35,0.0,C8459493809,3250.9,6361.48,0,0
491,CASH_IN,640.34,C2130147533,94.17,0.0,C4909163893,144.46,784.8,0,0
482,CASH_OUT,829.23,C1545989651,1397.47,568.24,M265380715,2425.25,3254.48,0,0
345,CASH_OUT,32.74,C3208768499,2147.25,2114.51,M700250621,18.47,51.21,0,0
738,CASH_IN,584.89,C8773458174,266.27,0.0,C8106937613,157.26,742.15,0,0
221,PAYMENT,791.66,C7707408112,7313.74,6522.08,M228493113,6613.52,7405.18,0,0
723,CASH_IN,9621.24,C9209538449,269.1,0.0,C4799360764,7375.32,16996.56,0,0
25,PAYMENT,388.56,C2495696734,18678.36,18289.8,M137986045,105.44,494.0,0,0
528,CASH_OUT,183.54,C9048466216,35.69,0.0,M247949198,2.11,185.65,0,0
182,CASH_OUT,87.11,C3513053235,930.96,843.85,M184511034,2191.4,2278.51,0,0
499,CASH_IN,454.63,C8620411344,782143.48,781688.85,C2462563054,703.41,1158.04,0,0
641,CASH_OUT,273.2,C8195884246,2.76,0.0,M365806544,926.42,1199.62,0,0
42,CASH_IN,3808.18,C4482762225,11907.71,8099.53,C6100943960,21.28,3829.46,0,0
481,PAYMENT,2450.37,C4749882058,2419.74,0.0,M418679367,305.97,2756.34,0,0
439,CASH_IN,55.14,C5613882664,509.06,453.92,C7145449891,519.57,574.71,0,0
402,CASH_OUT,385.91,C8945813969,17131.21,16745.3,M185150065,19843.9,20229.81,0,0
546,CASH_OUT,53904.0,C4356635875,3193.78,0.0,M145401575,8282.77,62186.77,0,0
345,PAYMENT,21.51,C9275291281,524.03,502.52,M644884985,5944.05,5965.56,0,0
45,PAYMENT,277.68,C8471391792,173.99,0.0,M953163087,722.46,1000.14,0,0
646,CASH_OUT,1817.1,C4770352143,380.85,0.0,M102313936,45.95,1863.05,0,0
21,CASH_IN,250.84,C5338856532,592.41,341.57,C7632748083,228.58,479.42,0,0
634,CASH_OUT,211.87,C9494609195,706.69,494.82,M897534805,17.32,229.19,0,0
70,PAYMENT,157.72,C4992647281,150.22,0.0,M667813307,308.91,466.63,0,0
48,CASH_OUT,48.05,C1009549570,1594.19,1546.14,M478076698,48.32,96.37,0,0
491,PAYMENT,287.69,C8856405207,215.11,0.0,M764536165,394.11,681.8,0,0
551,PAYMENT,3140.22,C9256699448,1540.93,0.0,M325402516,328.64,3468.86,0,0
287,CASH_OUT,31.7,C1759703717,130584.58,130552.88,M423153994,37.53,69.23,0,0
10,CASH_IN,687.73,C4339083364,9275.6,8587.87,C4807173003,1647.27,2335.0,0,0
542,PAYMENT,3491.17,C6401733261,995.32,0.0,M580282164,16.72,3507.89,0,0
274,CASH_IN,387.1,C8542698726,57.21,0.0,C4017036809,291995.01,292382.11,0,0
600,CASH_OUT,173.74,C3032607107,1563.31,1389.57,M777389749,8978.47,9152.21,0,0
381,PAYMENT,1554.13,C4864975323,95369.59,93815.46,M520009571,20.13,1574.26,0,0
329,CASH_OUT,66.65,C5892592181,88.22,21.57,M591596701,794.32,860.97,0,0
479,CASH_IN,938.05,C6371988193,4.54,0.0,C8266022187,273.04,1211.09,0,0
15,PAYMENT,289.14,C2136162877,2413.06,2123.92,M313957213,,574.21,0,0
516,CASH_IN,457.27,C8157350088,51191.95,50734.68,C7396695066,126.43,583.7,0,0
191,PAYMENT,11534.13,C9136096401,22848.59,11314.46,M420065841,4057.68,15591.81,0,0
168,CASH_IN,4073.97,C3549923182,68766.74,64692.77,C5040210345,56.87,4130.84,0,0
521,PAYMENT,7809.3,C4228963759,43.83,0.0,M962837902,6576.78,14386.08,0,0
621,CASH_OUT,78.58,C2360357423,404.93,326.35,M196387791,20848.79,20927.37,0,0
137,CASH_OUT,52.27,C7538936568,2758.21,2705.94,M340699086,46.49,98.76,0,0
154,PAYMENT,1026.06,C7460173456,3.41,0.0,M246849366,3405.69,4431.75,0,0
388,PAYMENT,771.28,C2435608388,1023.35,252.07,M842619672,2468.7,3239.98,0,0
209,CASH_OUT,7.75,C6342541616,290.14,282.39,M449502472,3.21,10.96,0,0
272,CASH_IN,792.56,C9507833832,592.1,0.0,C8889921567,28163.7,28956.26,0,0
143,PAYMENT,24212.51,C4464338224,2138.93,0.0,M578717432,125.58,24338.09,0,0
611,PAYMENT,17927.78,C5601483653,472.14,0.0,M906244979,560.84,18488.62,0,0
69,CASH_OUT,99.54,C8241964062,71.88,0.0,M728697662,13846.48,13846.48,1,0
247,PAYMENT,1672.47,C2963698208,6398.22,4725.75,M350149228,2830.09,4502.56,0,0
261,CASH_OUT,68.17,C4781689920,69.99,1.82,M963871300,244.3,312.47,0,0
79,CASH_OUT,333.02,C4738786543,827.38,494.36,M205669540,3009.32,3342.34,0,0
658,CASH_IN,78.22,C8660398628,137.05,58.83,C3848605972,7317.6,7395.82,0,0
623,CASH_OUT,38.94,C8676748696,6058.03,6019.09,M340708671,449.71,488.65,0,0
605,CASH_OUT,2360.39,C6032274086,21.44,0.0,M961125888,71.75,2432.14,0,0
525,CASH_OUT,715.5,C3693754217,856.99,141.49,M787233093,956.78,1672.28,0,0
621,PAYMENT,980.66,C6336406574,2365.2,1384.54,M168658514,52.64,1033.3,0,0
330,CASH_OUT,1430.91,C4409470715,2195.28,764.37,M979977997,5616.52,7047.43,0,0
189,CASH_OUT,598.55,C4619798843,16085.22,15486.67,M198132485,44.15,642.7,0,0
95,PAYMENT,50.64,C9838856876,8673.22,8622.58,M986941882,67.09,117.73,0,0
617,PAYMENT,614.48,C5234291393,3402.6,2788.12,M980826888,4915.51,5529.99,0,0
8,DEBIT,260.93,C1568606557,7.54,0.0,M962510326,419.21,680.14,0,0
67,PAYMENT,275.12,C6831701080,4624.53,4349.41,M109103047,1205.87,1480.99,0,0
496,PAYMENT,61.11,C7117586941,22533.82,22472.71,M368613115,2215.12,2276.23,0,0
191,PAYMENT,19.84,C7836030123,157.25,137.41,M267211112,70.39,90.23,0,0
366,CASH_OUT,129.74,C5259571425,20014.87,19885.13,M385339093,119.85,249.59,0,0
521,CASH_IN,1200.77,C4625642928,10520.33,9319.56,C8467467041,15923.5,17124.27,0,0
117,PAYMENT,351.14,C1856667417,188.61,0.0,M159620976,2076.92,2428.06,0,0
267,CASH_OUT,14276.11,C3361075551,293.42,0.0,M334948553,164.55,14440.66,0,0
611,CASH_IN,353.88,C3945762592,98.99,0.0,C7532288126,813.46,1167.34,0,0
485,CASH_OUT,595.75,C1792076610,15485.98,14890.23,M187858764,253.86,849.61,0,0
509,TRANSFER,417.06,C9980093646,198.13,0.0,C7961176569,3550.17,3967.23,0,0
298,CASH_IN,48.17,C7910238795,207.65,159.48,C9784207196,620.88,669.05,0,0
164,PAYMENT,386.48,C2643980865,610.26,223.78,M874637309,309.27,695.75,0,0
376,CASH_OUT,47.62,C6935621259,65.64,18.02,M696055241,26.58,74.2,0,0
653,CASH_OUT,351.79,C8541941882,3723.41,3371.62,M299332474,2041.13,2392.92,0,0
268,CASH_OUT,11.94,C3927728093,522.22,510.28,M830298821,171.94,183.88,0,0
549,CASH_OUT,351.1,C8853442916,17059.28,16708.18,M809625116,4693.51,5044.61,0,0
74,PAYMENT,542.45,C9429166270,9215.09,8672.64,M734249509,4.98,547.43,0,0
508,TRANSFER,626.56,C1916140868,64645.66,64019.1,C2236242694,111.84,738.4,0,0
73,PAYMENT,22.9,C6511169261,21.73,0.0,M573665418,1903.13,1926.03,0,0
308,PAYMENT,1055.15,C8329430341,45.01,0.0,M179982291,395.45,1450.6,0,0
199,PAYMENT,1507.24,C3267266822,1105.07,0.0,M647382298,85.81,1593.05,0,0
130,CASH_IN,59.36,C5746228707,1470.63,1411.27,C1329527563,7076.77,7136.13,0,0
572,CASH_OUT,2894.97,C4988389529,532.2,0.0,M480703013,4444.91,7339.88,0,0
615,PAYMENT,588.39,C3148543864,66314.41,65726.02,M661048352,59.53,647.92,0,0
487,CASH_IN,357.65,C3256652097,402.68,45.03,C4601816619,276.99,634.64,0,0
151,CASH_IN,1256.05,C7430878993,3529.5,2273.45,C4210740918,36.18,1292.23,0,0
669,TRANSFER,10331.11,C1627763976,2544.08,0.0,C9165096856,217.48,10548.59,0,0
206,CASH_IN,304.42,C8149329987,241.27,0.0,C9412622888,241.7,546.12,0,0
179,CASH_OUT,150.21,C4403703591,3507.23,3357.02,M648379563,132.3,282.51,0,0
197,PAYMENT,25881.44,C8907112974,1086.31,0.0,M128833073,2369.85,28251.29,0,0
735,CASH_OUT,285.48,C1094283583,24258.21,23972.73,M944752473,2512.77,2798.25,0,0
89,PAYMENT,839.92,C9858641040,20093.42,19253.5,M178478797,7379.21,8219.13,0,0
434,PAYMENT,285.24,C8668896417,2.01,0.0,M836006982,1056.25,1341.49,0,0
183,PAYMENT,16.21,C1541650990,23.45,7.24,M899433259,6.79,23.0,0,0
209,TRANSFER,218.1,C8836765533,762.62,544.52,C5572346042,408.75,626.85,0,0
493,PAYMENT,3723.25,C8182135799,9488.37,5765.12,M436842296,2781.26,6504.51,0,0
130,CASH_OUT,79.87,C4113993396,1492.0,1412.13,M615546171,555.12,634.99,0,0
665,CASH_OUT,5634.1,C9492529677,3091.67,0.0,M159139578,3345.97,8980.07,0,0
13,CASH_IN,1858.06,C5035052098,1170502.41,1168644.35,C7848448571,6471.66,8329.72,0,0
634,CASH_OUT,54.13,C6602232851,231.08,176.95,M983983476,11.28,65.41,0,0
732,CASH_OUT,36.28,C2611542678,3312.12,3275.84,M234220865,2166.37,2202.65,0,0
106,CASH_OUT,34.32,C2636961843,1654.1,1619.78,M398556533,1084.45,1118.77,0,0
375,PAYMENT,178.16,C5204879782,9390.23,9212.07,M977836198,25032.95,25211.11,0,0
582,CASH_OUT,45.64,C7397624530,11797.13,0.0,M203801228,89.86,89.86,1,0
707,TRANSFER,4626.84,C5091389635,4392.39,0.0,C8727595789,7566.34,12193.18,0,0
698,TRANSFER,37.82,C1306909649,36418.55,36380.73,C8929303401,326.95,364.77,0,0
99,TRANSFER,67.8,C1168730044,31252.12,31184.32,C2706586951,673.58,741.38,0,0
594,CASH_OUT,8414.38,C4162185981,3088.17,0.0,M359426377,432.23,8846.61,0,0
587,TRANSFER,238.21,C6228946639,842.67,604.46,C7217165568,29950.09,30188.3,0,0
192,DEBIT,937.24,C4271581576,2263.56,1326.32,M841352394,43.04,980.28,0,0
325,TRANSFER,1021.5,C6290600498,17.26,0.0,C8742016455,796.81,1818.31,0,0
726,PAYMENT,22.0,C2202927764,294.55,272.55,M275020933,7365.71,7387.71,0,0
467,CASH_IN,2009.33,C5245826458,98.07,0.0,C4026810314,64029.18,66038.51,0,0
367,CASH_OUT,1375.49,C1676798544,10150.52,8775.03,M273067145,34.9,1410.39,0,0
318,CASH_IN,1487.75,C2425878031,32075.54,30587.79,C3410761306,5034.07,6521.82,0,0
144,CASH_OUT,103.82,C1136074600,5725.91,5622.09,M120218320,209.28,313.1,0,0
384,CASH_OUT,716.16,C9433585652,793.72,77.56,M843823538,4054.89,4771.05,0,0
216,DEBIT,285.47,C7735246913,172.6,0.0,M916565656,76.5,361.97,0,0
361,PAYMENT,486.03,C8304825207,9812.51,9326.48,M302314437,10200.53,10686.56,0,0
324,CASH_OUT,85.25,C3664060606,14962.96,14877.71,M156707793,175.17,260.42,0,0
15,TRANSFER,275.75,C1732551337,863.62,587.87,C8868860930,4587.01,4862.76,0,0
217,TRANSFER,2846.38,C8644223662,1273.51,0.0,C1920496238,358.28,3204.66,0,0
492,CASH_OUT,8.57,C3624526554,456.46,447.89,M296523711,13.38,21.95,0,0
547,CASH_IN,194.04,C8498851059,3104.25,2910.21,C6167929781,750.75,944.79,0,0
183,PAYMENT,1447.39,C6341257240,414.95,0.0,M938457486,29.75,1477.14,0,0
270,PAYMENT,45.8,C7061145660,900.23,854.43,M710636815,178.65,224.45,0,0
467,CASH_OUT,898.48,C3895023130,58.73,0.0,M190150718,357696.5,358594.98,0,0
612,CASH_OUT,1030.78,C1590407466,2112.4,1081.62,M789937963,905.17,1935.95,0,0
519,CASH_OUT,296.99,C8745862740,87408.98,87111.99,M682441063,481.24,778.23,0,0
542,CASH_OUT,736.93,C4302206783,2613.13,1876.2,M738227885,17.94,754.87,0,0
467,TRANSFER,10480.67,C2933516679,14853.71,4373.04,C5733155842,3.65,10484.32,0,0
305,PAYMENT,105.14,C1934365496,7397.55,7292.41,M692520433,52.15,157.29,0,0
144,CASH_IN,25.14,C7722381297,807.93,782.79,C9356005803,93.21,118.35,0,0
111,CASH_IN,172.61,C4885096757,1059.7,887.09,C2527641032,38.64,211.25,0,0
232,CASH_OUT,55.2,C6160542637,278.86,223.66,M814877643,72.18,127.38,0,0
691,TRANSFER,871.35,C8219601010,12666.29,11794.94,C2356107970,9.52,880.87,0,0
584,CASH_IN,162.22,C4719017313,3535.4,3373.18,C7079926064,156.22,318.44,0,0
722,CASH_OUT,1375.02,C1232463332,13459.38,12084.36,M284748449,4.11,1379.13,0,0
732,CASH_OUT,722.25,C3006673838,1433.23,710.98,M335832755,585.41,1307.66,0,0
592,CASH_IN,102.47,C9995891612,12.51,0.0,C7369198589,30.34,132.81,0,0
500,CASH_IN,63.74,C4119689874,180.66,116.92,C8169510454,238.48,302.22,0,0
595,CASH_IN,24.88,C7816317981,13403.93,13379.05,C4414425022,1034.11,1058.99,0,0
554,CASH_OUT,3303.7,C4110659822,670.96,0.0,M631744902,25.23,3328.93,0,0
273,CASH_OUT,1151.6,C7222504930,15631.63,14480.03,M456610993,18.15,1169.75,0,0
703,PAYMENT,177.4,C1579963715,37298.13,37120.73,M389220072,747.07,924.47,0,0
173,PAYMENT,1356.3,C7046782898,11211.37,9855.07,M167662910,35.05,1391.35,0,0
7,CASH_OUT,44.31,C5982742784,10193.61,10149.3,M754598088,66.69,111.0,0,0
155,PAYMENT,70.13,C5119551878,1.32,0.0,M281748769,104.65,174.78,0,0
522,PAYMENT,57.43,C6904049688,611.33,553.9,M791056087,7856.45,7913.88,0,0
546,CASH_IN,701.49,C3671383078,1080.26,378.77,C1190352670,28981.68,29683.17,0,0
548,CASH_OUT,120.39,C7974006734,10270.39,10150.0,M619341438,35.25,155.64,0,0
518,PAYMENT,22.02,C8331901572,1457.03,1435.01,M738072206,28.51,50.53,0,0
215,CASH_IN,484.27,C3054976880,26.1,0.0,C8249138622,9.18,493.45,0,0
134,TRANSFER,1269.09,C4201841725,27.63,0.0,C1208763544,1769.87,3038.96,0,0
285,CASH_OUT,307.39,C5159726930,326.24,18.85,M440193554,1800.07,2107.46,0,0
126,CASH_OUT,3942.21,C8827044759,909279.99,905337.78,M545677679,7584.23,11526.44,0,0
439,TRANSFER,2009.39,C5204294152,2210.82,201.43,C3759416828,73264.35,75273.74,0,0
686,PAYMENT,3779.54,C1278624912,3944.47,164.93,M696731057,304.99,4084.53,0,0
152,CASH_IN,1934.41,C4136905063,27.52,0.0,C5115918347,14.48,1948.89,0,0
331,PAYMENT,646.6,C9250274164,17306.92,16660.32,M874749558,4299.34,4945.94,0,0
538,CASH_OUT,33.52,C7807560151,495.93,462.41,M149494490,39.49,73.01,0,0
383,PAYMENT,201.89,C6474314998,47171.45,46969.56,M862911066,11.93,213.82,0,0
115,PAYMENT,144.77,C8621021809,49.06,0.0,M881168700,16035.49,16180.26,0,0
482,PAYMENT,68.24,C7788883154,867.28,799.04,M247074885,0.95,69.19,0,0
284,CASH_OUT,127.79,C7133541211,305.34,177.55,M156898899,5954.84,6082.63,0,0
75,DEBIT,21.57,C9714437079,5365.16,5343.59,M944839472,1089.39,1110.96,0,0
166,PAYMENT,2363.47,C7432741196,12706.43,10342.96,M176369045,115.48,2478.95,0,0
189,PAYMENT,48.53,C8941839640,227.19,178.66,M966436603,1661.71,1710.24,0,0
78,CASH_IN,2051.97,C3087029358,8205.55,6153.58,C7920998681,1440.6,3492.57,0,0
602,PAYMENT,5730.07,C5788029533,38063.48,32333.41,M199291116,58.42,5788.49,0,0
688,CASH_IN,87.16,C6142347375,12739.1,12651.94,C1174303775,141.34,228.5,0,0
21,TRANSFER,133.09,C6761404402,261.3,128.21,C7725776382,298294.42,298427.51,0,0
566,PAYMENT,1093.44,C6749723592,379.97,0.0,M193722770,3149.58,4243.02,0,0
184,PAYMENT,168.51,C2152273187,644.34,475.83,M472569480,89882.77,90051.28,0,0
222,CASH_IN,81.48,C4368270612,11696.09,11614.61,C1840194588,235.69,317.17,0,0
328,CASH_OUT,974.49,C6509329845,3205.57,2231.08,M369077485,67.99,1042.48,0,0
179,CASH_OUT,91.72,C9441162876,47.23,0.0,M512733742,1154.2,1245.92,0,0
112,CASH_IN,29012.87,C7531653278,1053.7,0.0,C7291176046,101.0,29113.87,0,0
736,CASH_IN,1240.69,C7159368059,65455.53,64214.84,C9685144286,580.24,1820.93,0,0
726,TRANSFER,1538.58,C1377116532,12895.44,11356.86,C6493765790,40.44,,0,0
59,CASH_OUT,337.11,C1210491571,244.19,0.0,M105938189,300.46,637.57,0,0
327,CASH_OUT,16746.8,C3451838724,23.57,0.0,M264035222,16.4,16763.2,0,0
621,CASH_OUT,91.35,C7311411643,314.99,223.64,M342220029,245.37,336.72,0,0
669,PAYMENT,1847.02,C9851037256,1087.41,0.0,M173189598,1327.65,3174.67,0,0
191,PAYMENT,27.76,C9638696517,392.17,364.41,M945921573,811.47,839.23,0,0
200,PAYMENT,39625.91,C8607471279,94.23,0.0,M963395023,1517.62,41143.53,0,0
312,CASH_OUT,2079.33,C5833044853,4744.63,2665.3,M407299463,63.43,2142.76,0,0
708,PAYMENT,61.57,C7764210968,2.79,0.0,M100730571,238.02,299.59,0,0
35,PAYMENT,1154.51,C8861097985,18095.41,16940.9,M941409408,24.12,1178.63,0,0
379,CASH_OUT,3379.54,C6919033935,7239.75,3860.21,M349820859,2132.52,5512.06,0,0
387,CASH_IN,67.49,C1251088076,3188.88,3121.39,C5376424155,102798.2,102865.69,0,0
237,CASH_OUT,160.67,C8820037988,4863.24,4702.57,M476398016,268.57,429.24,0,0
616,CASH_IN,55.31,C2365552701,539.15,483.84,C8597793772,108.66,163.97,0,0
519,CASH_IN,1051.19,C1762181157,1024.76,0.0,C9840562866,1.12,1052.31,0,0
283,PAYMENT,580.73,C5920631976,43241.8,42661.07,M912800646,80.06,660.79,0,0
1,CASH_OUT,429.59,C8921070208,749.72,320.13,M998675842,2682.27,3111.86,0,0
731,CASH_OUT,80.56,C9020242018,2865.57,2785.01,M711465306,904.78,985.34,0,0
464,CASH_IN,266.71,C9507268197,4094.25,3827.54,C5107722481,4120.32,4387.03,0,0
230,CASH_OUT,96.4,C4735061309,1427.13,1330.73,M194136316,30657.03,30753.43,0,0
172,CASH_IN,1063.58,C4533917507,642.16,0.0,C1373012317,144.65,1208.23,0,0
87,DEBIT,49.12,C6125324285,13.92,0.0,M538687635,37.29,86.41,0,0
553,DEBIT,81.62,C7680262638,8428.3,8346.68,M665623795,2509.73,2591.35,0,0
123,PAYMENT,2060.33,C8626785291,16229.06,14168.73,M103766619,494.41,2554.74,0,0
298,CASH_IN,167.37,C9660652469,1315.11,1147.74,C9001470073,29.07,196.44,0,0
690,DEBIT,13654.49,C8359593934,24545.61,10891.12,M540193342,16.96,13671.45,0,0
575,PAYMENT,597.13,C1933408595,2834.92,2237.79,M109059944,3564.19,4161.32,0,0
484,CASH_OUT,10.74,C2076534940,8.15,0.0,M417567426,657.32,668.06,0,0
165,CASH_OUT,28.54,C8744764039,78.54,50.0,M471941245,16.23,44.77,0,0
699,CASH_OUT,123.89,C2129916782,322.94,199.05,M106737829,617.9,741.79,0,0
383,CASH_IN,1781.81,C6394664637,238.63,0.0,C4376512422,24.95,1806.76,0,0
209,PAYMENT,1454.32,C8927855059,1320.32,0.0,M602210385,2191.44,3645.76,0,0
739,CASH_IN,153.35,C8248003932,110.52,0.0,C7246222200,4377.99,4531.34,0,0
432,CASH_IN,4744.49,C9038610446,77549.85,72805.36,C4828516812,4618.45,9362.94,0,0
389,PAYMENT,778.57,C1202775306,5.04,0.0,M447893038,977.21,1755.78,0,0
560,PAYMENT,213.09,C1331300430,895.84,682.75,M418109280,745.37,958.46,0,0
224,CASH_OUT,4214.15,C4096952264,168.41,0.0,M254237037,285.27,4499.42,0,0
3,CASH_IN,80.25,C8906368451,42.2,0.0,C4355479214,47.26,127.51,0,0
372,PAYMENT,1224.44,C4703815282,4789.62,3565.18,M903254223,8015.42,9239.86,0,0
687,PAYMENT,1501.69,C3367599628,87.47,0.0,M573271559,2065.81,3567.5,0,0
446,CASH_OUT,1389.74,C2730316554,1213.07,0.0,M727129654,51.89,1441.63,0,0
611,TRANSFER,295.55,C4753936121,101.7,0.0,C1366294847,7.65,303.2,0,0
116,CASH_IN,2302.83,C3690932680,9.38,0.0,C9814105259,104.37,2407.2,0,0
270,PAYMENT,16045.2,C3879655019,628.28,0.0,M711202170,11339.03,27384.23,0,0
447,PAYMENT,295.72,C3096640858,2355.13,2059.41,M126434736,1402.78,1698.5,0,0
368,CASH_IN,461.75,C3812604850,245.95,0.0,C1819842552,728.74,1190.49,0,0
253,CASH_OUT,2566.35,C3410144075,29465.77,26899.42,M464838214,11032.48,13598.83,0,0
317,CASH_OUT,237.13,C4140651800,2297.31,2060.18,M904601378,2.35,239.48,0,0
415,PAYMENT,224.53,C6897192751,6708.18,6483.65,M277972046,329.99,554.52,0,0
95,CASH_OUT,39.64,C5359536002,212.13,172.49,M280221369,8712.94,8752.58,0,0
24,PAYMENT,12.83,C1564362798,226.2,213.37,M551654853,32.78,45.61,0,0
628,PAYMENT,41.69,C4075199633,469.77,428.08,M130745605,45.21,86.9,0,0
663,PAYMENT,2265.3,C4348300357,453.58,0.0,M596432353,237.84,2503.14,0,0
50,CASH_OUT,51.65,C8399114372,345.35,293.7,M827576195,106.33,157.98,0,0
502,PAYMENT,1067.37,C3294445799,68.46,0.0,M846951201,154.29,1221.66,0,0
718,CASH_OUT,7868.86,C8071895306,7913.75,44.89,M497544994,604.82,8473.68,0,0
498,PAYMENT,554.08,C5768880953,28.01,0.0,M998442950,98.03,652.11,0,0
335,PAYMENT,69.08,C7426528408,5243.04,5173.96,M505101927,177.3,246.38,0,0
79,TRANSFER,309.64,C6261551271,8728.05,8418.41,C3886157562,51.19,360.83,0,0
582,CASH_OUT,862.34,C2944547337,535.21,0.0,M962527666,248.39,1110.73,0,0
27,CASH_IN,871.27,C1582972728,620430.51,619559.24,C9256390867,657.13,1528.4,0,0
271,CASH_OUT,509.85,C2506187678,1122.02,612.17,M455947358,534.03,1043.88,0,0
562,PAYMENT,1427.02,C6171385247,527.61,0.0,M827632659,88.24,1515.26,0,0
247,PAYMENT,2978.55,C4897745511,591.74,0.0,M991225534,61.87,3040.42,0,0
591,PAYMENT,154.52,C8289514594,16562.42,16407.9,M385161238,155.22,309.74,0,0
387,CASH_IN,6697.41,C2086663550,564.96,0.0,C9272633657,142.81,6840.22,0,0
702,PAYMENT,779.95,C2248170429,5364.95,4585.0,M447866926,24.36,804.31,0,0
559,CASH_OUT,4.71,C9966638988,37.34,32.63,M736056597,35.97,40.68,0,0
361,CASH_IN,277.08,C2660127026,1581.99,1304.91,C6153008043,1446.89,,0,0
488,CASH_OUT,285.12,C3291842550,12925.07,12639.95,M666237864,1.13,286.25,0,0
352,CASH_OUT,3499.18,C7084837746,990.3,0.0,M108592396,1709.02,5208.2,0,0
701,CASH_OUT,126.15,C9591588818,165.54,39.39,M167288275,947.99,1074.14,0,0
256,CASH_OUT,543.66,C7233745119,537.76,0.0,M220317722,3652.01,4195.67,0,0
222,PAYMENT,23.61,C5775557288,31.16,7.55,M907313881,324.14,347.75,0,0
1,PAYMENT,76.67,C6428028635,10730.15,10653.48,M806273582,7278.59,7355.26,0,0
546,CASH_OUT,1986.16,C9672096007,23178.06,21191.9,M558101083,3911.02,5897.18,0,0
446,CASH_OUT,35.07,C5853310878,798.58,763.51,M472490881,159702.7,159737.77,0,0
79,CASH_IN,2784.73,C3980360512,48174.93,45390.2,C4691724141,124188.61,126973.34,0,0
236,CASH_IN,3943.89,C4367134988,6992.68,3048.79,C5535248897,54.24,3998.13,0,0
334,DEBIT,4830.67,C6696913815,1148.13,0.0,M770360955,1199121.37,1203952.04,0,0
349,CASH_IN,8871.87,C8406790024,31650.5,22778.63,C3707692944,17905.88,26777.75,0,0
98,TRANSFER,1901.44,C7955854926,6515.61,4614.17,C8843240950,228.59,2130.03,0,0
82,CASH_IN,944.74,C3572817084,21415.56,20470.82,C6240207811,16.7,961.44,0,0
502,PAYMENT,1393.07,C6375044617,35605.3,34212.23,M642097807,119.15,1512.22,0,0
477,CASH_OUT,465.25,C7204238067,603.17,137.92,M605249620,149.69,614.94,0,0
704,PAYMENT,191.1,C1618663227,6140.19,5949.09,M813546154,1641.63,1832.73,0,0
550,CASH_OUT,1882.24,C3844913107,8.76,0.0,M256348590,41.86,1924.1,0,0
14,CASH_IN,990.43,C4733013973,60.07,0.0,C9660283341,364.96,1355.39,0,0
392,PAYMENT,2346.35,C2991515758,3871.97,1525.62,M243484078,2292.22,4638.57,0,0
347,CASH_IN,265.82,C8850711843,2719.14,2453.32,C4852220617,35.61,301.43,0,0
310,CASH_OUT,316.99,C9913867568,102.03,0.0,M615091714,292.8,609.79,0,0
386,PAYMENT,615.84,C7113235789,425.75,0.0,M553438568,54.34,670.18,0,0
209,CASH_OUT,313.16,C9310059382,2673.51,2360.35,M369405424,35155.67,35468.83,0,0
357,CASH_OUT,118616.05,C9417366609,1084.81,0.0,M183033190,70.64,118686.69,0,0
601,PAYMENT,19320.18,C3301541736,619.5,0.0,M892642688,890.16,20210.34,0,0
568,CASH_OUT,406.91,C4841780215,32.28,0.0,M685185364,25.19,432.1,0,0
94,PAYMENT,310.52,C4306792402,2633.82,2323.3,M586500312,50.7,361.22,0,0
93,PAYMENT,984.42,C1551177338,682.73,0.0,M379732493,152.75,1137.17,0,0
340,CASH_IN,170.91,C4218862688,250693.54,250522.63,C3673835251,16.97,187.88,0,0
597,PAYMENT,165.25,C6356061994,36768.66,36603.41,M199112541,585.7,750.95,0,0
445,PAYMENT,439.57,C7810798670,1534.8,1095.23,M825055356,9.11,448.68,0,0
22,DEBIT,191.95,C9724929021,8.57,0.0,M480603604,464.15,656.1,0,0
291,PAYMENT,582.62,C1621959612,470640.35,470057.73,M139872548,477.97,1060.59,0,0
485,PAYMENT,845.71,C3485804598,8450.97,7605.26,M892313213,579.64,1425.35,0,0
306,PAYMENT,1.0,C2551539117,276.88,275.88,M363316053,3095.29,3096.29,0,0
634,CASH_IN,8.56,C7830109834,10045.06,10036.5,C8420398722,5080.15,5088.71,0,0
128,CASH_OUT,74.04,C5855092689,8010.82,7936.78,M249913070,46.1,120.14,0,0
625,PAYMENT,705.8,C7807496982,212.9,0.0,M636673524,1090.32,1796.12,0,0
273,CASH_IN,86.37,C4416574391,107.05,20.68,C8975010399,412.79,499.16,0,0
442,CASH_OUT,40953.88,C8786871844,7006.96,0.0,M797078155,4429.73,45383.61,0,0
503,CASH_IN,2414.52,C7617331521,16135.47,13720.95,C8876118675,113.95,2528.47,0,0
130,PAYMENT,20263.2,C4071561785,2447.64,0.0,M419464854,5.42,20268.62,0,0
132,PAYMENT,2441.46,C8250144232,2080.02,0.0,M811683868,240.34,2681.8,0,0
597,CASH_IN,16.99,C9014056689,32366.91,32349.92,C2865026472,362.16,379.15,0,0
482,CASH_OUT,39.21,C7238886153,753.67,714.46,M705689188,7510.28,7549.49,0,0
390,CASH_IN,145.07,C2959938361,0.8,0.0,C7153027523,3471.87,3616.94,0,0
593,TRANSFER,36.89,C7933249914,4170.92,4134.03,C3138735943,17.71,54.6,0,0
325,PAYMENT,3506.81,C9144604237,19572.19,16065.38,M264435031,7229.8,10736.61,0,0
69,TRANSFER,293.83,C5512029179,3598.01,3304.18,C9005474534,39.81,333.64,0,0
660,CASH_OUT,608.0,C4773360577,44.82,0.0,M150159355,48.45,656.45,0,0
448,CASH_IN,6330.44,C6693027648,220.62,0.0,C8107139567,587.89,6918.33,0,0
528,CASH_OUT,19023.72,C6245471491,773.97,0.0,M957095987,646.97,19670.69,0,0
617,CASH_OUT,234.45,C3742428397,40.19,0.0,M967500610,279.2,513.65,0,0
165,CASH_OUT,26.33,C6010559497,259.52,233.19,M571855856,284.24,310.57,0,0
488,CASH_OUT,37.47,C6542114701,35847.21,35809.74,M361717526,15.8,53.27,0,0
713,CASH_OUT,4019.1,C7982850551,91.28,0.0,M127283610,312.13,4331.23,0,0
709,CASH_IN,686.23,C8748074046,521.94,0.0,C6713593879,8366.32,9052.55,0,0
426,CASH_IN,68.03,C9258675344,6578.71,6510.68,C9870895376,326.37,394.4,0,0
697,CASH_OUT,1662.21,C2331081457,19.61,0.0,M343559807,35414.06,37076.27,0,0
265,CASH_OUT,46.88,C1733532045,32530.64,32483.76,M540562697,402.74,449.62,0,0
612,CASH_IN,11.65,C9057564040,234.1,222.45,C1967043562,49.26,60.91,0,0
342,PAYMENT,7.28,C2775322694,78.83,71.55,M128282481,42.78,50.06,0,0
726,CASH_OUT,22.38,C9653221219,35219.26,35196.88,M908742727,6088.93,6111.31,0,0
278,PAYMENT,4083.18,C4036263414,9695.42,5612.24,M305527708,830.7,4913.88,0,0
674,PAYMENT,269.04,C1871172950,84.59,0.0,M406182132,11.99,281.03,0,0
439,CASH_OUT,377.06,C1207443648,422.36,45.3,M751992525,579.73,956.79,0,0
157,CASH_IN,586.36,C9486848319,2228.25,1641.89,C2783656218,1547.66,2134.02,0,0
422,PAYMENT,53.47,C8723366722,484.23,430.76,M283829710,15.77,69.24,0,0
251,CASH_OUT,154.57,C4611184649,27198.71,27044.14,M644762738,226.52,381.09,0,0
609,TRANSFER,187.38,C9839149215,9492.52,9305.14,C2013009171,47.97,235.35,0,0
530,PAYMENT,62.68,C4631970861,0.6,0.0,M673713268,131.4,194.08,0,0
327,CASH_OUT,152.68,C7256707415,138.97,0.0,M654704942,33.48,186.16,0,0
97,CASH_OUT,316.3,C7958951540,284.19,0.0,M287681045,3.15,319.45,0,0
513,CASH_OUT,245.74,C8691064287,338.3,92.56,M895274700,12.45,258.19,0,0
216,PAYMENT,959.46,C1550329615,3344.58,2385.12,M330839781,4805.05,5764.51,0,0
132,CASH_OUT,152.74,C8529649936,18712.83,18560.09,M790193878,96.29,249.03,0,0
260,PAYMENT,8863.44,C1985432035,221.1,0.0,M835024149,37250.47,46113.91,0,0
125,CASH_OUT,51.14,C5888407135,65.55,14.41,M561655234,29.06,80.2,0,0
82,PAYMENT,139.69,C5786453964,487.9,348.21,M697841533,754.38,894.07,0,0
283,CASH_IN,887.15,C9449551325,4.89,0.0,C2836358734,726.58,1613.73,0,0
683,PAYMENT,1387.44,C4043781689,6261.48,4874.04,M589348407,386.26,1773.7,0,0
59,PAYMENT,36.15,C8632815807,801.9,765.75,M482455829,7339.52,7375.67,0,0
544,TRANSFER,328.5,C6169036683,388.88,60.38,C6710897023,16.8,345.3,0,0
161,PAYMENT,1996.33,C3720254322,1894.82,0.0,M760105660,6419.32,8415.65,0,0
284,PAYMENT,16.36,C8611378722,110.58,94.22,M356693215,167.82,184.18,0,0
106,PAYMENT,338.45,C8873999905,456.98,118.53,M326678188,1220.55,1559.0,0,0
105,CASH_IN,20.62,C5978490521,201.16,180.54,C4602008113,274.16,294.78,0,0
439,CASH_OUT,79.37,C4558002185,9.63,0.0,M416429641,15968.71,16048.08,0,0
228,CASH_OUT,478.73,C2436296817,1078.4,599.67,M525873066,43.23,521.96,0,0
700,PAYMENT,261.21,C9739062524,593787.22,593526.01,M158750836,9.64,270.85,0,0
582,PAYMENT,41.21,C7492028973,1175.97,1134.76,M409860241,2362.46,2403.67,0,0
318,CASH_IN,4641.57,C1824813135,158.71,0.0,C2635163304,579.89,5221.46,0,0
464,CASH_OUT,206.99,C1690681967,1264.11,1057.12,M143205586,959.91,1166.9,0,0
599,CASH_OUT,1211.7,C8243669537,71.02,0.0,M846921578,9264.79,10476.49,0,0
472,TRANSFER,8131.71,C7183987169,246.67,0.0,C6378457690,721.87,8853.58,0,0
56,CASH_OUT,104.29,C3320469845,378.13,273.84,M789695239,202.69,306.98,0,0
625,CASH_OUT,1381.91,C2461696637,273.96,0.0,M660480785,376.51,1758.42,0,0
13,PAYMENT,925.49,C5897300449,526.0,0.0,M223472749,54672.14,55597.63,0,0
440,CASH_IN,25.05,C1903547740,6167.15,6142.1,C7977117882,917.48,942.53,0,0
18,CASH_IN,4511.9,C2398260269,396.75,0.0,C2631073330,2773.37,7285.27,0,0
694,TRANSFER,493.68,C6404596859,523.09,29.41,C1670856549,54.84,548.52,0,0
113,CASH_OUT,138.98,C1395643822,9.08,0.0,M845234129,3348.74,3487.72,0,0
229,PAYMENT,15.81,C4494402276,40.17,24.36,M418011568,148.81,164.62,0,0
171,CASH_OUT,31.55,C7613738720,1344.27,1312.72,M862234317,5.19,36.74,0,0
295,CASH_IN,324.72,C8205237743,19042.47,18717.75,C8602762663,685.76,1010.48,0,0
189,PAYMENT,27.78,C6235584314,684.87,657.09,M454865525,551.44,,0,0
426,CASH_OUT,1430.09,C9591096718,911.81,0.0,M806323764,985.36,2415.45,0,0
79,CASH_IN,189.04,C2433179438,31.59,0.0,C1407058792,207.84,396.88,0,0
658,PAYMENT,17.76,C6113705502,140.95,123.19,M951436401,5573.17,5590.93,0,0
182,PAYMENT,107.14,C1390403112,1989.57,1882.43,M976082024,871.94,,0,0
499,CASH_IN,48.15,C4844194577,22177.99,22129.84,C4281557506,175.88,224.03,0,0
708,CASH_OUT,34.87,C4282149299,1812.86,1777.99,M552155932,5920.66,5955.53,0,0
71,CASH_OUT,4.81,C5931603704,789.94,785.13,M984217222,1010.79,1015.6,0,0
248,CASH_OUT,492.27,C2488106524,2092.36,1600.09,M742680756,581.93,1074.2,0,0
146,CASH_OUT,59.88,C5598595945,87.6,27.72,M900965869,121.45,181.33,0,0
618,CASH_OUT,17209.89,C9826342915,106.84,0.0,M311190442,56739.85,73949.74,0,0
296,CASH_IN,2937.02,C7822168795,615.59,0.0,C7574533542,33.87,2970.89,0,0
582,CASH_OUT,10540.23,C3875095933,61.06,0.0,M483717655,165.78,10706.01,0,0
470,TRANSFER,1687.68,C5068172954,6312.15,4624.47,C5966088253,167.41,1855.09,0,0
506,CASH_OUT,125.3,C4846998325,11470.57,11345.27,M241395517,254.21,379.51,0,0
193,CASH_OUT,771.37,C7936995742,555.14,0.0,M676934346,1805.5,2576.87,0,0
68,CASH_OUT,220.19,C4134160520,7253.1,7032.91,M214238833,1178.12,1398.31,0,0
494,CASH_IN,797.32,C1942407159,45181.45,44384.13,C9148633592,1624.53,,0,0
52,PAYMENT,2398.38,C1388686885,3003.5,605.12,M336898317,323.59,2721.97,0,0
363,CASH_IN,1332.67,C9213887811,10325.02,8992.35,C6021278164,7256.45,8589.12,0,0
474,CASH_IN,410.22,C9179480169,906.83,496.61,C3383119364,58.23,468.45,0,0
521,TRANSFER,460.2,C5955879327,10411.98,9951.78,C3435620756,48.82,509.02,0,0
431,CASH_IN,625.91,C2519960021,802.26,176.35,C3862545332,19.09,645.0,0,0
298,CASH_OUT,3683.74,C4125912041,192.05,0.0,M607178063,134.24,3817.98,0,0
435,CASH_IN,151.51,C5684309055,6207.98,6056.47,C4974507887,518.16,669.67,0,0
696,TRANSFER,240.46,C5456163888,1899.68,1659.22,C1971655646,99.23,339.69,0,0
691,DEBIT,146.21,C6616240898,7703.86,7557.65,M234716893,115.22,261.43,0,0
198,CASH_OUT,530.91,C8389869420,171.98,0.0,M363135109,6468.31,6999.22,0,0
128,PAYMENT,1441.41,C8886026779,2425.37,983.96,M650171322,72.23,1513.64,0,0
532,CASH_OUT,734.59,C4895694124,11563.65,10829.06,M347449747,182.85,917.44,0,0
411,CASH_OUT,359.48,C9319655997,359.43,0.0,M788256857,1042.0,1401.48,0,0
65,CASH_IN,3447.98,C2599163152,8123.94,4675.96,C7017288843,6.23,3454.21,0,0
694,TRANSFER,82.4,C7420227106,55940.4,55858.0,C4488675908,20.14,102.54,0,0
241,PAYMENT,20.09,C6453634232,251.54,231.45,M806809258,2693.07,2713.16,0,0
369,CASH_IN,767.47,C4207833880,2130.54,1363.07,C9814256589,3.99,771.46,0,0
536,CASH_OUT,372.22,C4026317970,88124.02,87751.8,M434470708,10.04,382.26,0,0
384,CASH_OUT,288.8,C9079361048,30.3,0.0,M455100144,6.37,295.17,0,0
431,PAYMENT,28.82,C2658770234,3016.02,2987.2,M190598918,167.56,196.38,0,0
83,PAYMENT,600.16,C2846260873,6198.77,5598.61,M398101881,16.54,616.7,0,0
697,CASH_IN,14620.02,C5340108272,1154.57,0.0,C8302886836,48.38,14668.4,0,0
611,CASH_OUT,28.13,C8322330924,294551.3,294523.17,M110224400,7260.34,7288.47,0,0
574,PAYMENT,294.65,C6176467736,3741.06,3446.41,M634861766,241.6,536.25,0,0
286,PAYMENT,469.18,C9083667546,31636.82,31167.64,M139454483,698.11,1167.29,0,0
534,CASH_OUT,166.02,C6711482844,8813.86,8647.84,M475710241,979.25,1145.27,0,0
459,CASH_IN,560.49,C5528037645,45990.9,45430.41,C7025809181,5740.16,6300.65,0,0
212,PAYMENT,165.0,C2944382418,1703.58,1538.58,M703243121,120.7,285.7,0,0
126,PAYMENT,548.5,C8991984873,41.97,0.0,M156447783,330.99,879.49,0,0
413,CASH_IN,242.31,C7914307649,4297.94,4055.63,C2074720690,226.49,468.8,0,0
499,CASH_OUT,137.6,C1666256527,16.2,0.0,M281142405,32.65,170.25,0,0
425,CASH_IN,345.8,C4365554237,476.06,130.26,C9686510584,270.46,616.26,0,0
554,CASH_OUT,1056.29,C2541174720,341.76,0.0,M391357786,863.12,1919.41,0,0
610,CASH_OUT,17.9,C7342519034,415.8,397.9,M974087036,3515.35,3533.25,0,0
543,TRANSFER,1616.15,C4458280015,25861.75,24245.6,C7941795415,44.67,1660.82,0,0
158,CASH_IN,94.49,C8012651665,1029.03,934.54,C8997922465,6099.37,6193.86,0,0
112,PAYMENT,1389.7,C8507462640,187106.64,185716.94,M673822356,150.16,1539.86,0,0
402,PAYMENT,105.68,C6342828101,932.76,827.08,M253204251,8735.26,8840.94,0,0
122,TRANSFER,1680.19,C2634750201,5.24,0.0,C3300717417,375.41,2055.6,0,0
273,CASH_OUT,365.8,C9670168313,249.51,0.0,M904488017,805.61,1171.41,0,0
294,CASH_OUT,62.88,C4567847079,9196.19,0.0,M362088455,154.97,154.97,1,0
398,PAYMENT,167.74,C6883970568,37.74,0.0,M247410666,20067.24,20234.98,0,0
471,CASH_OUT,4391.1,C5585107945,450.38,0.0,M611834991,43.2,4434.3,0,0
207,CASH_OUT,447.49,C4746136917,8441.77,7994.28,M571442593,5283.0,5730.49,0,0
110,CASH_IN,161.41,C5156782731,498.38,336.97,C5068499766,25.21,186.62,0,0
440,CASH_OUT,3948.43,C8072026747,273.97,0.0,M746123930,74.4,4022.83,0,0
278,CASH_IN,2231.29,C2531535005,25226.07,22994.78,C6902340136,27877.92,30109.21,0,0
568,PAYMENT,75.15,C7072040005,621.87,546.72,M962488279,1960.18,,0,0
569,PAYMENT,268.01,C2529317942,80.99,0.0,M297652552,791.38,1059.39,0,0
482,PAYMENT,11.88,C5434484125,8813.53,8801.65,M683463658,667.4,679.28,0,0
114,PAYMENT,2307.47,C9788199678,18806.95,16499.48,M367237446,6506.46,8813.93,0,0
477,CASH_OUT,406.72,C6542157112,1722.36,1315.64,M802373059,1010.94,1417.66,0,0
710,CASH_OUT,1541.21,C1314972685,257.5,0.0,M333794890,438.34,1979.55,0,0
321,CASH_IN,8.46,C6126397335,119.31,110.85,C4995403498,1281.21,1289.67,0,0
179,CASH_OUT,230.05,C8636051201,274.78,44.73,M164059828,246.09,476.14,0,0
219,CASH_OUT,564.07,C4745845538,46.93,0.0,M550457739,149.09,713.16,0,0
528,TRANSFER,5.83,C9379271321,320.09,314.26,C1852157017,67.38,73.21,0,0
492,TRANSFER,1499.23,C1228429556,4329.55,2830.32,C7527800797,29.05,1528.28,0,0
61,PAYMENT,211.26,C5076130713,6916.57,6705.31,M499639837,1275.94,1487.2,0,0
54,CASH_OUT,12.07,C8554971639,1173.52,1161.45,M986108479,268.78,280.85,0,0
680,CASH_IN,144.17,C1234908609,2852.93,2708.76,C8923193010,6.88,151.05,0,0
538,CASH_IN,1005.62,C3838703939,609.21,0.0,C3732187353,149.9,1155.52,0,0
65,CASH_OUT,64.96,C7411424781,176.59,111.63,M504211911,834.24,899.2,0,0
612,CASH_OUT,368.21,C4086213298,465.89,97.68,M501867358,71.33,439.54,0,0
586,CASH_IN,169.65,C3713365586,18228.68,18059.03,C6622984124,832.31,1001.96,0,0
704,TRANSFER,7.48,C6686942950,3.7,0.0,C7777050426,1.51,8.99,0,0
171,CASH_IN,1404.83,C6454800247,62.45,0.0,C1241035040,19846.7,21251.53,0,0
273,CASH_OUT,2029.35,C8353199263,335.89,0.0,M646893607,793.93,2823.28,0,0
699,PAYMENT,4013.68,C5360966823,68.17,0.0,M738862163,3.29,4016.97,0,0
535,PAYMENT,410.77,C1916927863,3279.14,2868.37,M695952423,0.08,410.85,0,0
391,CASH_OUT,1063.38,C7730649326,23.72,0.0,M166421678,739.74,1803.12,0,0
693,CASH_OUT,15.99,C9589258814,22212.22,22196.23,M719294381,38.35,54.34,0,0
327,CASH_OUT,652.14,C6459342784,145906.34,145254.2,M552107265,860.76,1512.9,0,0
108,PAYMENT,213.6,C6860215163,2042.62,1829.02,M119990122,3301.21,3514.81,0,0
162,PAYMENT,345.88,C8040547349,233.4,0.0,M792746918,57.81,403.69,0,0
452,CASH_IN,43.18,C3310623130,11126.36,11083.18,C4408900557,2531.55,2574.73,0,0
206,CASH_IN,3809.78,C4242914748,540.66,0.0,C5758179369,3823.22,7633.0,0,0
590,TRANSFER,14.85,C2827195252,129.49,114.64,C5721201266,1236.24,1251.09,0,0
16,CASH_IN,695.08,C4695059364,1251.01,555.93,C3975092042,11073.07,11768.15,0,0
327,CASH_OUT,64.39,C5308558252,21.28,0.0,M869232375,40.66,105.05,0,0
608,CASH_OUT,27922.81,C7972846121,172.44,0.0,M634013993,13.39,27936.2,0,0
659,PAYMENT,1620.89,C6943609717,161.68,0.0,M412563695,6.62,1627.51,0,0
2,CASH_OUT,381.08,C6146755865,865.69,484.61,M143223815,471.53,852.61,0,0
10,CASH_IN,51.63,C4134935457,20.61,0.0,C6803778046,1215.95,,0,0
434,CASH_OUT,2392.41,C3468991434,108.14,0.0,M877628035,1955.58,4347.99,0,0
125,CASH_OUT,1.0,C5195704472,303.78,302.78,M370189806,351.18,352.18,0,0
81,PAYMENT,869.87,C5341371584,3587.31,2717.44,M663771114,885.11,1754.98,0,0
485,PAYMENT,1119.64,C8700844497,1103.69,0.0,M617053708,916.9,2036.54,0,0
652,PAYMENT,995.73,C3744018212,65326.07,64330.34,M215115956,1200.56,2196.29,0,0
150,PAYMENT,2155.32,C6467888908,114.23,0.0,M457064067,1453.88,3609.2,0,0
340,CASH_OUT,130.33,C8828683406,9977.64,9847.31,M275792382,3872.81,4003.14,0,0
129,CASH_OUT,1210.31,C6868303482,9959.13,8748.82,M849423474,18.07,1228.38,0,0
438,CASH_IN,105.64,C6712550298,1721.57,1615.93,C3284366121,64.65,170.29,0,0
501,CASH_OUT,76.65,C8401206368,1562.62,1485.97,M500554325,1363.97,1440.62,0,0
58,CASH_OUT,51.18,C1673668081,2121.7,2070.52,M340838967,6.42,57.6,0,0
198,PAYMENT,243.73,C5600336042,104.78,0.0,M241362653,286.27,530.0,0,0
211,CASH_OUT,3723.61,C3935661322,12103.07,8379.46,M952663119,5208.03,8931.64,0,0
45,PAYMENT,12458.42,C6645151976,1322.35,0.0,M129117379,17886.32,30344.74,0,0
97,PAYMENT,234.9,C5381908060,54.26,0.0,M999300209,2004.48,2239.38,0,0
279,CASH_IN,111.06,C6745346537,21545.59,21434.53,C3534919471,1080.86,1191.92,0,0
535,CASH_IN,5760.98,C2063702476,835.82,0.0,C6100480812,4263.86,10024.84,0,0
410,CASH_OUT,959.92,C8016041226,1251.99,292.07,M184800385,1144.43,2104.35,0,0
461,PAYMENT,427.57,C7183340653,2.06,0.0,M110289119,2036.29,2463.86,0,0
391,CASH_OUT,44.19,C3357489863,892.32,848.13,M894659842,44868.59,44912.78,0,0
44,CASH_OUT,7068.5,C7853791589,26181.8,19113.3,M492346870,459.95,7528.45,0,0
27,PAYMENT,486.56,C7733200547,228.43,0.0,M563168775,223.86,710.42,0,0
97,CASH_OUT,403.56,C7002323383,43.82,0.0,M527620838,11021.43,11424.99,0,0
548,PAYMENT,1191.96,C1858477662,3428.35,2236.39,M398008067,295.28,1487.24,0,0
621,CASH_IN,421.49,C4850473412,14.05,0.0,C4869821040,1346.61,1768.1,0,0
567,CASH_IN,7702.29,C6515031116,4928.02,0.0,C8452626626,2830.89,10533.18,0,0
704,CASH_IN,3052.15,C3314803449,659.21,0.0,C5711642336,23.89,3076.04,0,0
219,CASH_OUT,131.28,C9431506876,1344.77,1213.49,M214932660,376.06,507.34,0,0
185,PAYMENT,480.01,C2054249421,405003.94,404523.93,M512679543,110.67,590.68,0,0
69,CASH_OUT,125.11,C7617842978,2051.01,1925.9,M655768977,154.89,280.0,0,0
130,PAYMENT,17654.19,C2433268658,38.63,0.0,M828565669,3326.73,20980.92,0,0
567,CASH_OUT,95.03,C6489961149,1461.35,1366.32,M844663965,22.7,117.73,0,0
609,CASH_OUT,317.97,C6252674578,7027.59,6709.62,M712045897,205.09,523.06,0,0
599,PAYMENT,835.35,C1017880248,7.05,0.0,M484864551,786.72,1622.07,0,0
631,CASH_IN,1109.25,C4518202838,1062.14,0.0,C9644327096,323.48,1432.73,0,0
720,CASH_IN,1554.89,C8138032902,14.47,0.0,C6864074043,990.26,2545.15,0,0
334,PAYMENT,2002.06,C9077879651,1166.58,0.0,M525645973,1656.11,3658.17,0,0
154,PAYMENT,1612.79,C3858651043,52122.77,50509.98,M995006533,2050.53,3663.32,0,0
547,PAYMENT,169.7,C9952483964,370.18,200.48,M550501971,6297.4,6467.1,0,0
79,CASH_IN,135.27,C7605756751,1335.13,1199.86,C2960768414,142351.87,142487.14,0,0
579,CASH_OUT,435.48,C5577506480,2207.11,1771.63,M179033737,3965.42,4400.9,0,0
413,CASH_IN,133.83,C5569108114,2582.43,2448.6,C5633215821,358.48,492.31,0,0
546,PAYMENT,108.26,C1627098993,1588.05,1479.79,M829347325,1263.35,1371.61,0,0
609,CASH_OUT,173.49,C9059626688,7.24,0.0,M916109911,179.51,353.0,0,0
169,CASH_OUT,27018.29,C2243313320,1739.77,0.0,M177147364,6383.73,33402.02,0,0
681,CASH_OUT,8845.34,C5665892302,224.48,0.0,M159747931,828.14,9673.48,0,0
663,PAYMENT,250.04,C3038880237,63.31,0.0,M985348892,22231.25,22481.29,0,0
583,CASH_IN,6.47,C9093594814,1804.72,1798.25,C1539975571,174.9,181.37,0,0
515,CASH_OUT,123.89,C6782565047,1553.01,1429.12,M102114324,204.43,328.32,0,0
314,PAYMENT,2345.0,C6372071446,13.08,0.0,M657728995,241.2,2586.2,0,0
32,TRANSFER,17.62,C6654384435,404.08,386.46,C8754794165,112.83,130.45,0,0
287,CASH_OUT,1349.77,C5911449128,31396.27,30046.5,M837041029,1634.59,2984.36,0,0
594,CASH_OUT,1187.29,C3773833515,47.21,0.0,M659949636,763.68,1950.97,0,0
43,CASH_OUT,417.65,C3341702259,1665.65,1248.0,M806457542,948.78,1366.43,0,0
617,CASH_IN,374.2,C5586279408,53.85,0.0,C1504859246,2.86,377.06,0,0
1,PAYMENT,66.08,C2440187491,66243.02,66176.94,M873480946,34.72,,0,0
573,PAYMENT,1625.63,C1481423793,6279.37,4653.74,M738514967,331.79,1957.42,0,0
270,TRANSFER,749.82,C7329837682,137.9,0.0,C8684301487,544.15,1293.97,0,0
180,CASH_IN,154.28,C3356959884,1871.5,1717.22,C7511062759,22478.08,22632.36,0,0
736,CASH_OUT,83.93,C4329136455,35.65,0.0,M303533629,37.35,121.28,0,0
518,CASH_IN,37.08,C2590188563,11.81,0.0,C6217827050,24.15,61.23,0,0
103,CASH_OUT,848.14,C3996482332,865.08,0.0,M963191182,28.56,28.56,1,0
10,PAYMENT,269.22,C5162156796,165.0,0.0,M719607722,,793.11,0,0
583,CASH_OUT,276.17,C8923156340,1800.45,1524.28,M154247176,2442.37,2718.54,0,0
90,CASH_IN,17.77,C6784411991,16.61,0.0,C4551312056,99.91,117.68,0,0
226,CASH_OUT,45.13,C3773737396,272.96,227.83,M303880849,598.45,643.58,0,0
670,CASH_IN,36.31,C9025625691,50341.81,50305.5,C3849066791,20.92,57.23,0,0
740,CASH_OUT,1877.13,C7550347315,39214.48,37337.35,M829761531,16.81,1893.94,0,0
126,PAYMENT,568.73,C8227570329,71856.66,71287.93,M713156089,130.75,699.48,0,0
209,CASH_OUT,229.07,C4253268638,311528.42,311299.35,M183989873,3421.07,3650.14,0,0
97,TRANSFER,3681.67,C4817770092,399.41,0.0,C5559703952,70.22,3751.89,0,0
74,CASH_IN,2774.57,C4766259361,1.05,0.0,C5407029094,257.01,3031.58,0,0
627,CASH_OUT,3680.75,C5991680099,17324.15,13643.4,M896422065,39.33,3720.08,0,0
191,TRANSFER,248.62,C8789556094,67.26,0.0,C7494495932,27.6,276.22,0,0
682,PAYMENT,23.84,C5092963225,188893.3,188869.46,M594444697,1243.13,1266.97,0,0
716,PAYMENT,12246.53,C1405815691,1348.99,0.0,M337965114,95.73,12342.26,0,0
56,CASH_IN,1151.04,C1072432879,65457.98,64306.94,C3200447683,12.2,1163.24,0,0
720,CASH_OUT,1199.75,C5785308483,745.55,0.0,M279716315,10.76,1210.51,0,0
553,TRANSFER,1558.9,C2460341649,200.57,0.0,C2373416033,4935.41,6494.31,0,0
32,CASH_OUT,101417.11,C4216080459,6758.69,0.0,M878495127,6.22,101423.33,0,0
527,CASH_OUT,330.01,C6025075398,3726.08,3396.07,M900570717,6696.54,7026.55,0,0
574,CASH_IN,7136.41,C3019268845,62.6,0.0,C7909530249,2012.71,9149.12,0,0
667,CASH_IN,73.32,C5152362637,1005.71,932.39,C7459378602,134.81,208.13,0,0
284,CASH_OUT,2060.01,C3740761866,259.93,0.0,M258933814,2453.62,4513.63,0,0
721,CASH_OUT,14283.84,C1424916509,1827.27,0.0,M621337408,243.48,14527.32,0,0
494,CASH_IN,367.26,C2545453925,1005.41,638.15,C1931887893,1133.61,1500.87,0,0
187,CASH_OUT,8.69,C9466225146,1542.47,1533.78,M499515834,3.72,12.41,0,0
498,TRANSFER,1253.91,C9612278927,1139.97,0.0,C6779887479,580.7,1834.61,0,0
442,CASH_IN,261.43,C2198153660,454.21,192.78,C6523376519,163.7,425.13,0,0
130,CASH_OUT,2183.14,C3741081194,2694.87,511.73,M397593078,116.52,2299.66,0,0
639,PAYMENT,158.73,C8945099343,164.66,5.93,M426436435,3751.27,3910.0,0,0
292,PAYMENT,47818.28,C3828854190,67583.19,19764.91,M255915797,78530.26,126348.54,0,0
114,PAYMENT,499.13,C9804187068,1053.83,554.7,M798312120,10379.27,10878.4,0,0
199,CASH_IN,1962.86,C6208942213,9005.31,7042.45,C8463280598,7396.91,9359.77,0,0
13,TRANSFER,54.63,C3726409418,288.16,233.53,C2025428955,50.75,105.38,0,0
271,PAYMENT,38.47,C7467461031,379.57,341.1,M506563457,2139.88,2178.35,0,0
601,PAYMENT,30.15,C6909717687,10998.28,10968.13,M456969401,155.02,185.17,0,0
215,CASH_OUT,30.56,C7519881548,7327.44,7296.88,M226889897,123.64,154.2,0,0
444,PAYMENT,1567.01,C8823446783,806.91,0.0,M443244772,87683.64,89250.65,0,0
512,PAYMENT,120.78,C1880773280,12.65,0.0,M743275587,2.71,123.49,0,0
447,PAYMENT,31.82,C4194864301,295.86,264.04,M586159908,1344.41,1376.23,0,0
715,CASH_OUT,100.14,C6736841883,879.19,779.05,M276881812,1135.39,1235.53,0,0
74,CASH_IN,1647.93,C4044639391,199.15,0.0,C7179941760,3272.32,4920.25,0,0
537,CASH_OUT,1567.71,C8727416331,45.58,0.0,M708783795,3080.84,4648.55,0,0
101,CASH_IN,2962.54,C3396872955,9274.53,6311.99,C6211651580,1452.1,4414.64,0,0
176,CASH_IN,229.74,C8334775786,698.3,468.56,C7710806653,1135.29,1365.03,0,0
427,PAYMENT,21900.01,C8251740303,100934.24,79034.23,M390690707,58.64,21958.65,0,0
117,PAYMENT,3512.3,C1922264811,721.24,0.0,M704648379,472.31,3984.61,0,0
166,PAYMENT,38.54,C9464016539,1708.91,1670.37,M166845871,3324.6,3363.14,0,0
41,CASH_OUT,2047.3,C8951361692,251.65,0.0,M188588536,75.37,2122.67,0,0
429,CASH_IN,419.15,C5330094969,47935.66,47516.51,C4533669707,1034.24,1453.39,0,0
344,CASH_OUT,289.99,C5107604438,514.97,224.98,M672748157,3423.67,3713.66,0,0
424,PAYMENT,411.45,C1056529609,660.3,248.85,M117806120,179.63,591.08,0,0
366,CASH_OUT,106.49,C1122517124,101.43,0.0,M604523772,20105.88,20212.37,0,0
120,CASH_IN,3035.08,C7517400310,2832.76,0.0,C8227939261,1694.33,4729.41,0,0
609,PAYMENT,126.92,C5257671407,480.75,353.83,M728722623,7.79,134.71,0,0
657,CASH_IN,131.59,C6669465206,97.2,0.0,C5773258131,511.66,643.25,0,0
728,PAYMENT,1845.28,C1839700547,971.32,0.0,M346635957,57.52,1902.8,0,0
229,CASH_IN,30975.52,C4766730877,6709.26,0.0,C6030316306,31.45,31006.97,0,0
130,CASH_OUT,149.33,C9819242107,67532.48,67383.15,M833710505,37.01,186.34,0,0
352,PAYMENT,33.35,C2871233503,1977.46,1944.11,M930580008,47997.31,48030.66,0,0
318,PAYMENT,3942.97,C3110345898,276.87,0.0,M362274504,55.04,3998.01,0,0
649,CASH_OUT,595.91,C5075798324,3434.88,2838.97,M543360748,280.0,875.91,0,0
337,CASH_OUT,1101.8,C2963122134,771.98,0.0,M737823416,914.59,2016.39,0,0
273,CASH_OUT,432.1,C5547994825,1262.39,830.29,M783653699,69.55,501.65,0,0
117,CASH_OUT,1322.38,C3519835127,1090.91,0.0,M140453085,51.38,1373.76,0,0
368,PAYMENT,835.29,C5781291130,3475.32,2640.03,M466999050,,920.42,0,0
94,CASH_OUT,141.61,C6593049507,4855.63,4714.02,M489254697,94.32,235.93,0,0
168,PAYMENT,1648.72,C6580345846,969.16,0.0,M455727314,1520.78,3169.5,0,0
715,CASH_OUT,1096.85,C2384944538,7238455.61,7237358.76,M384958609,47.79,1144.64,0,0
341,CASH_OUT,192.02,C1424940041,10899.31,10707.29,M907135724,18728.94,18920.96,0,0
661,TRANSFER,285.42,C5432203306,6.06,0.0,C5839928298,236.15,521.57,0,0
695,PAYMENT,83.78,C3517703048,460.76,376.98,M206682597,23271.23,23355.01,0,0
152,CASH_OUT,1016.15,C6917997393,1044.74,28.59,M516033618,345.32,1361.47,0,0
586,PAYMENT,1038.63,C6493279798,5029.27,3990.64,M499627201,9.82,1048.45,0,0
274,CASH_OUT,373.35,C2564666116,107496.49,107123.14,M182481106,83.07,456.42,0,0
554,CASH_OUT,41.37,C4084732353,181.54,140.17,M121019978,1535.29,1576.66,0,0
496,CASH_OUT,7.06,C9710587542,19483.59,19476.53,M864577420,29.8,36.86,0,0
724,TRANSFER,253.97,C6450364687,1824.45,1570.48,C6398759809,365.4,619.37,0,0
101,CASH_IN,647.57,C9193021658,2496.92,1849.35,C7863613192,967.98,1615.55,0,0
557,CASH_IN,1464.62,C3198580164,21715.3,20250.68,C5026338630,1033.55,2498.17,0,0
82,TRANSFER,3887.86,C2935368825,17.13,0.0,C2833717060,1683.55,5571.41,0,0
529,TRANSFER,197.51,C9256762759,4176.01,3978.5,C5671078753,727.77,925.28,0,0
73,CASH_IN,17.04,C6188784279,68266.52,68249.48,C9885981234,32.76,49.8,0,0
14,CASH_IN,144.41,C4930919950,77.88,0.0,C9224257044,203.85,348.26,0,0
433,CASH_OUT,31778.1,C3904212955,1103.04,0.0,M881099605,415.96,32194.06,0,0
157,CASH_OUT,10812.59,C8134897877,5978.11,0.0,M522165600,1227.79,12040.38,0,0
735,PAYMENT,949.73,C1676919125,8.23,0.0,M592367476,64.55,1014.28,0,0
132,PAYMENT,170.17,C2690752917,2540.02,2369.85,M665080930,364.0,534.17,0,0
338,TRANSFER,336.11,C1460689005,571.4,235.29,C3387856039,48411.84,48747.95,0,0
404,PAYMENT,12449.04,C5265873746,36479.89,24030.85,M130065433,4137.33,16586.37,0,0
376,CASH_IN,613.99,C2797435884,172.66,0.0,C8378745769,,4273.47,0,0
559,PAYMENT,188.48,C1307301153,987.21,798.73,M701114990,349.3,537.78,0,0
107,CASH_OUT,5724.44,C9665419445,146.6,0.0,M511411043,647.67,6372.11,0,0
620,PAYMENT,8.2,C3572498030,814.37,806.17,M354010744,420.24,428.44,0,0
265,PAYMENT,54.1,C3253969501,182.31,128.21,M438314643,1345.52,1399.62,0,0
205,PAYMENT,80.65,C9875116890,418.27,337.62,M532846717,18.42,99.07,0,0
79,PAYMENT,2990.67,C2798967341,62.43,0.0,M999411368,54.99,3045.66,0,0
155,CASH_OUT,131.43,C3460875006,192.47,61.04,M540631852,12.03,143.46,0,0
247,PAYMENT,11.63,C2229779440,167.88,156.25,M623504597,2613.65,2625.28,0,0
531,PAYMENT,101.05,C5495825365,348.41,247.36,M326650532,2488.08,2589.13,0,0
538,PAYMENT,157.29,C8050156979,819.4,662.11,M634812826,79.69,236.98,0,0
729,PAYMENT,352.49,C4386994003,0.77,0.0,M691780653,69.4,421.89,0,0
154,CASH_OUT,521.37,C6457753085,1567.55,1046.18,M453062101,2524.06,3045.43,0,0
154,CASH_OUT,2794.33,C9666118237,24289.93,21495.6,M507005703,2379.34,5173.67,0,0
686,CASH_OUT,216.14,C5742580937,7221.42,7005.28,M708357131,23417.85,23633.99,0,0
92,PAYMENT,125.77,C1245779510,125.56,0.0,M679200977,51.55,177.32,0,0
433,PAYMENT,442.92,C1268268629,14141.36,13698.44,M384489280,303.33,746.25,0,0
338,CASH_IN,655.43,C6300351536,145.2,0.0,C8911544355,551.39,1206.82,0,0
480,CASH_OUT,121.19,C1769434256,2280.57,2159.38,M213730989,1660.13,1781.32,0,0
693,CASH_OUT,13.38,C6785324644,2.61,0.0,M542888591,4528.22,4541.6,0,0
131,PAYMENT,151.44,C8047873957,5032.95,4881.51,M274948732,299.76,451.2,0,0
450,PAYMENT,2028.13,C3483352188,1110.49,0.0,M239726964,698.62,2726.75,0,0
273,PAYMENT,344.6,C8217570544,1550.95,1206.35,M154971823,184.01,528.61,0,0
588,CASH_IN,4854.7,C1873180480,1145.42,0.0,C1431729103,11.02,4865.72,0,0
177,CASH_IN,1102.25,C6436658151,117071.75,115969.5,C9728251104,48.67,1150.92,0,0
696,CASH_OUT,140.35,C7813312763,9744.4,9604.05,M482954712,125.15,265.5,0,0
643,TRANSFER,7616.54,C6512164417,6567.48,0.0,C9327978169,1636.35,9252.89,0,0
49,CASH_OUT,70.94,C3366292733,4394.92,4323.98,M756772704,2.09,73.03,0,0
567,PAYMENT,14.15,C3625729148,165124.48,165110.33,M915092783,1704.91,1719.06,0,0
666,PAYMENT,802.84,C9032876618,584.08,0.0,M644599592,1729.03,2531.87,0,0
355,PAYMENT,84.12,C7476006956,34.07,0.0,M923266610,128.75,212.87,0,0
712,CASH_OUT,360.2,C8690766025,80212.24,79852.04,M214805411,47096.24,47456.44,0,0
308,CASH_OUT,47.28,C7308514302,334.31,287.03,M370530019,760.79,808.07,0,0
630,PAYMENT,407.11,C9751029658,3786.16,3379.05,M789525040,736.33,1143.44,0,0
46,CASH_OUT,1063.79,C5152857370,4037.26,2973.47,M169679987,268.86,1332.65,0,0
302,CASH_OUT,1429.61,C4836640012,175.06,0.0,M424912185,4.18,1433.79,0,0
408,PAYMENT,41.41,C6511161350,32.0,0.0,M845072539,79.27,120.68,0,0
189,PAYMENT,26.89,C6538188399,15753.34,15726.45,M766870497,55.75,82.64,0,0
129,PAYMENT,893.34,C3794628663,26136.83,25243.49,M103262095,2099.68,2993.02,0,0
561,CASH_OUT,188.83,C6213660393,5341.6,5152.77,M614847347,108.09,296.92,0,0
537,CASH_IN,132.49,C9706994435,2997.01,2864.52,C4308570742,856.72,989.21,0,0
266,CASH_OUT,318.88,C6933142194,33.25,0.0,M154164695,,325.89,0,0
118,CASH_IN,286.92,C2812697540,478.42,191.5,C5855220005,12223.36,12510.28,0,0
464,PAYMENT,852.27,C2544217260,22791.99,21939.72,M315836829,2411.18,3263.45,0,0
144,PAYMENT,1069.58,C4894185854,155.94,0.0,M677213813,379.12,1448.7,0,0
442,CASH_IN,2886.46,C5499923828,1528.43,0.0,C6298572122,120.65,3007.11,0,0
200,CASH_OUT,240.7,C2284816874,3473.44,3232.74,M705722686,3238.81,3479.51,0,0
157,CASH_OUT,2955.86,C3542988216,3970.33,1014.47,M567198970,110.67,3066.53,0,0
487,PAYMENT,1306.41,C5939722984,84.65,0.0,M727808433,108.56,1414.97,0,0
134,CASH_OUT,2312.42,C7534759125,817.06,0.0,M747147744,227.49,2539.91,0,0
148,PAYMENT,44.1,C8343940086,9087.15,9043.05,M822427293,15653.68,15697.78,0,0
336,CASH_OUT,328.28,C9589364199,114415.6,114087.32,M416040277,83.97,412.25,0,0
71,CASH_IN,17862.82,C8079130167,639.34,0.0,C9983441849,2211.25,20074.07,0,0
233,PAYMENT,25.99,C5107625821,3065.33,3039.34,M633211592,58.94,84.93,0,0
334,CASH_OUT,14516.98,C3453716861,60.39,0.0,M518348962,2.06,14519.04,0,0
666,CASH_IN,13287.34,C2940622468,597.88,0.0,C4905521301,1081.19,14368.53,0,0
90,CASH_OUT,1743.98,C8772130462,314.21,0.0,M962993817,,1790.26,0,0
334,CASH_OUT,27.29,C5684538272,139360.94,139333.65,M867939551,192.41,219.7,0,0
199,PAYMENT,261.61,C9829115066,6855.61,6594.0,M596069596,3300.28,3561.89,0,0
161,PAYMENT,1968.71,C6495085485,1385.21,0.0,M909151524,41.5,2010.21,0,0
538,PAYMENT,28.46,C5686360048,9.4,0.0,M167657891,142.82,171.28,0,0
121,PAYMENT,1560.04,C4509485948,2370.89,810.85,M566651821,2012.31,3572.35,0,0
301,CASH_OUT,500.69,C7075150743,2431.29,1930.6,M778682473,128.65,629.34,0,0
724,TRANSFER,129.28,C8794773862,622.0,492.72,C8634229718,501.6,630.88,0,0
575,CASH_IN,43.02,C1377758919,1232.42,1189.4,C1930888191,279.87,322.89,0,0
436,CASH_OUT,7465.89,C7320003554,99086.04,91620.15,M416278474,281.57,7747.46,0,0
68,CASH_IN,1907.5,C7923923974,11753.39,9845.89,C3545347723,239.82,2147.32,0,0
459,PAYMENT,290.07,C1788372395,119.89,0.0,M457996563,1233.18,1523.25,0,0
514,CASH_OUT,432.53,C3602870385,144483.65,144051.12,M893036441,3.41,435.94,0,0
398,CASH_OUT,236.12,C8524879033,150.56,0.0,M619210251,206.98,443.1,0,0
620,CASH_OUT,10.85,C8806885317,62324.59,62313.74,M265496937,56.4,67.25,0,0
286,CASH_IN,5308.04,C1456847524,179.43,0.0,C7503014872,2203.86,7511.9,0,0
561,PAYMENT,624.96,C6021248124,751.1,126.14,M154327943,7939.12,8564.08,0,0
140,CASH_OUT,2721.02,C2968335958,5.58,0.0,M665435763,383.76,3104.78,0,0
730,CASH_OUT,162.64,C9452321222,4098.49,3935.85,M571864595,266.23,428.87,0,0
556,PAYMENT,485.06,C1956550037,8.11,0.0,M730217176,1407.2,1892.26,0,0
590,PAYMENT,764.98,C2555473383,1841.47,1076.49,M613267951,553.82,1318.8,0,0
728,CASH_IN,3172.63,C1713614007,369.99,0.0,C2812016307,271.8,3444.43,0,0
610,TRANSFER,14559.41,C5508566929,380.5,0.0,C9811334919,737.02,15296.43,0,0
282,PAYMENT,200.84,C2176405845,2936.51,2735.67,M310920864,174.18,375.02,0,0
661,PAYMENT,201.29,C4521134198,8509.79,8308.5,M133497700,2430.87,2632.16,0,0
578,PAYMENT,246.8,C7527104830,28910.17,28663.37,M191580542,32089.39,32336.19,0,0
457,CASH_IN,122.41,C1686575120,58.9,0.0,C9319520742,261.71,384.12,0,0
87,CASH_OUT,80251.98,C4630598768,503.75,0.0,M857150114,1177.13,81429.11,0,0
79,CASH_OUT,13.97,C5754079220,973.34,959.37,M319477144,2.93,16.9,0,0
205,CASH_IN,86924.53,C7517778299,4951.23,0.0,C9162502479,5.2,86929.73,0,0
337,CASH_OUT,1447.14,C5313686015,4704.66,3257.52,M773030525,699.33,2146.47,0,0
254,CASH_OUT,342.01,C2927852864,132.72,0.0,M712041968,159.63,501.64,0,0
304,PAYMENT,75.55,C5993077513,22129.16,22053.61,M890166254,66.38,141.93,0,0
380,CASH_OUT,372.06,C8001374440,3057.32,2685.26,M688402925,1236.33,1608.39,0,0
130,CASH_OUT,130.65,C4466329968,96032.31,95901.66,M569932795,194.92,325.57,0,0
596,PAYMENT,6378.69,C1228984992,2422.87,0.0,M913565280,1223.81,7602.5,0,0
276,PAYMENT,1425.19,C8396564070,7.34,0.0,M798006968,551.11,1976.3,0,0
699,CASH_OUT,11405.3,C2889449993,139.98,0.0,M168122374,2622.15,14027.45,0,0
558,TRANSFER,225.7,C2217968283,733.24,507.54,C8357215569,290.32,516.02,0,0
183,CASH_OUT,535.22,C3665714664,132.88,0.0,M531798227,383.8,919.02,0,0
268,CASH_IN,332.02,C3239780985,121.16,0.0,C3922006245,195.77,527.79,0,0
322,CASH_OUT,191.02,C1821996875,128152.02,127961.0,M298306717,125.28,316.3,0,0
512,PAYMENT,51.52,C5672778700,48.26,0.0,M212477843,1224.27,1275.79,0,0
612,CASH_OUT,1700.62,C6878827967,291.98,0.0,M510887241,38.84,1739.46,0,0
78,CASH_OUT,797.96,C6034146021,1293.97,496.01,M445921900,5617.04,6415.0,0,0
339,CASH_OUT,367.06,C3161247259,40.92,0.0,M197443483,34.86,401.92,0,0
674,PAYMENT,1103.11,C3612009565,729.45,0.0,M393265810,177.12,1280.23,0,0
556,PAYMENT,176.92,C7549066376,2.98,0.0,M410982273,143.81,320.73,0,0
509,CASH_OUT,415.88,C8077656928,276.53,0.0,M111688492,1678.9,2094.78,0,0
238,TRANSFER,2262.14,C7447865566,66.92,0.0,C8221245875,8578.32,10840.46,0,0
134,CASH_OUT,2972.9,C9689783138,509.33,0.0,M995266227,877.33,,0,0
192,PAYMENT,8573.02,C8739689250,953.91,0.0,M927937196,19422.42,27995.44,0,0
356,CASH_OUT,43.86,C3225121594,31944.25,31900.39,M159702220,71.19,115.05,0,0
278,PAYMENT,58.84,C6969620287,238.51,179.67,M661420043,206.22,265.06,0,0
18,CASH_IN,40.29,C3368805375,229347.23,229306.94,C8327634708,12.56,52.85,0,0
524,PAYMENT,110.34,C1232110293,1864.29,1753.95,M705054112,25.03,135.37,0,0
180,CASH_OUT,206.36,C8166916545,103.85,0.0,M772164695,4129.6,4335.96,0,0
123,CASH_OUT,966.92,C5135271939,1537.45,570.53,M977766198,243.33,1210.25,0,0
246,CASH_IN,4142.68,C4356579866,24072.2,19929.52,C8975752713,123.09,4265.77,0,0
734,CASH_OUT,183.51,C7914214318,75.99,0.0,M424583967,43.57,227.08,0,0
373,PAYMENT,1271.49,C7952099711,140862.43,139590.94,M809783884,2212.37,3483.86,0,0
51,CASH_OUT,5197.8,C7251508008,4148.1,0.0,M387379922,144.06,5341.86,0,0
71,CASH_OUT,162.31,C6474553260,62.8,0.0,M547723295,22.51,184.82,0,0
480,CASH_OUT,229.85,C9832576252,297.22,67.37,M131838502,429.37,659.22,0,0
560,CASH_IN,460.46,C6564793023,387.93,0.0,C3460704494,1439.22,1899.68,0,0
19,CASH_IN,14.14,C3939524285,17513.47,17499.33,C4380016395,267.98,282.12,0,0
84,PAYMENT,1121.69,C8671639478,57.49,0.0,M116409605,108.16,1229.85,0,0
155,CASH_OUT,36.25,C7041270697,51464.81,51428.56,M500860729,466.99,503.24,0,0
565,PAYMENT,1957.48,C9843611183,19034.54,17077.06,M170287827,13.27,1970.75,0,0
619,PAYMENT,170.39,C7019378740,70328.55,70158.16,M647188841,2051.32,2221.71,0,0
357,PAYMENT,145.36,C3820945897,1270.32,1124.96,M212368595,1029.98,1175.34,0,0
647,CASH_OUT,56.98,C1870294745,24033.75,23976.77,M710608055,5092.78,5149.76,0,0
443,TRANSFER,1190.35,C7450288659,600.77,0.0,C4857150907,49.65,1240.0,0,0
69,PAYMENT,1174.92,C8818608064,14102.65,12927.73,M195908602,7.88,1182.8,0,0
523,TRANSFER,162.34,C3211317154,1364.91,1202.57,C9214309913,9.76,172.1,0,0
143,CASH_OUT,14695.46,C6522969115,98979.69,84284.23,M756882737,33.16,14728.62,0,0
192,CASH_OUT,432.07,C4128832319,2144.87,1712.8,M548961285,19.99,452.06,0,0
387,CASH_OUT,392.32,C5589332900,132.74,0.0,M990916484,1492.59,1884.91,0,0
378,CASH_IN,454.23,C7266974860,48158.05,47703.82,C7472866714,118.77,573.0,0,0
581,CASH_OUT,103.48,C4496596006,1846.92,1743.44,M967598135,218.57,322.05,0,0
535,CASH_IN,55.27,C6017547537,286.69,231.42,C4162291220,88.9,144.17,0,0
693,CASH_IN,191.13,C5293232104,254.64,63.51,C5013516980,262.33,453.46,0,0
293,PAYMENT,1433.63,C2153348635,118.49,0.0,M548133327,2114.07,3547.7,0,0
9,PAYMENT,9.95,C2845225668,30.54,20.59,M246541088,19259.01,19268.96,0,0
271,CASH_IN,20.1,C1516264504,381.62,361.52,C7690657334,3761.87,3781.97,0,0
387,PAYMENT,119.69,C7715498778,1830.06,1710.37,M226361524,435.23,554.92,0,0
93,PAYMENT,11.15,C6359092129,422.83,411.68,M277765937,191.6,202.75,0,0
529,PAYMENT,23.73,C2008914624,0.09,0.0,M250177834,8276.65,8300.38,0,0
154,CASH_IN,2036.37,C2625696333,23.51,0.0,C5088849588,38.4,2074.77,0,0
405,CASH_OUT,167.92,C8918550000,11501.09,11333.17,M611879586,387.27,555.19,0,0
149,TRANSFER,74.31,C2503772954,823.76,749.45,C4440961796,21.93,96.24,0,0
267,CASH_OUT,533.74,C4082474187,15.41,0.0,M397024515,7500.04,7500.04,1,0
422,CASH_OUT,507.75,C3352064141,450.83,0.0,M482781582,13006.37,13514.12,0,0
618,CASH_OUT,4143.13,C9446699091,1497.47,0.0,M726732796,15.81,4158.94,0,0
472,CASH_OUT,11.48,C8822844602,11948.73,11937.25,M731491927,13.17,24.65,0,0
547,CASH_IN,63.25,C7959097647,197.17,133.92,C2508018121,113.95,177.2,0,0
631,TRANSFER,122.24,C5594607556,5354.48,5232.24,C3948069444,1628.66,1750.9,0,0
526,CASH_IN,882.07,C7040112128,1037.44,155.37,C1884185260,53.87,935.94,0,0
503,TRANSFER,131109.81,C8089983686,434.11,0.0,C5316877067,61.43,131171.24,0,0
14,CASH_OUT,1303.44,C5282442323,9726.16,8422.72,M937197221,1900.39,3203.83,0,0
652,CASH_OUT,237.04,C8530764735,103.31,0.0,M396412710,750.24,987.28,0,0
364,PAYMENT,35.64,C6316743088,11711.86,11676.22,M788168920,315.48,351.12,0,0
119,CASH_IN,27.75,C8406118206,63.21,35.46,C4036867706,451.39,479.14,0,0
238,CASH_OUT,2456.0,C1458105554,259.61,0.0,M204363511,763.28,3219.28,0,0
546,DEBIT,82.31,C3285498084,419.48,337.17,M257024752,3023.21,3105.52,0,0
169,PAYMENT,198.71,C6598753383,831.22,632.51,M510116145,3244.11,3442.82,0,0
522,TRANSFER,11098.2,C6759300092,1.9,0.0,C7704949794,105.49,11203.69,0,0
634,PAYMENT,13.08,C4036916260,1427.74,1414.66,M906903172,295.83,308.91,0,0
657,PAYMENT,692.96,C2394254190,11.38,0.0,M130094156,86.81,779.77,0,0
735,CASH_IN,66.2,C3988931414,1667.51,1601.31,C3019377957,,1179.73,0,0
516,CASH_IN,10641.77,C9722020898,2177.25,0.0,C8891774220,32.37,10674.14,0,0
397,CASH_OUT,61.73,C5330425105,12601.97,12540.24,M466272910,22.98,84.71,0,0
106,TRANSFER,1537.38,C1645229491,38.93,0.0,C9677858405,121.43,1658.81,0,0
85,CASH_IN,10.84,C3595008047,1945.59,1934.75,C9854620453,2.05,12.89,0,0
214,CASH_OUT,9014.2,C1670126188,973.37,0.0,M776696671,0.04,9014.24,0,0
121,CASH_OUT,2538.8,C9831846341,265.24,0.0,M804364386,990.36,3529.16,0,0
132,PAYMENT,132.64,C5661577797,74.65,0.0,M983201235,1230.46,1363.1,0,0
197,PAYMENT,885.34,C5665677446,1342.25,456.91,M221674067,32.25,917.59,0,0
19,CASH_IN,2737.1,C5531535042,31017.29,28280.19,C2707863116,250.1,2987.2,0,0
642,CASH_OUT,547.67,C3993724184,600.94,53.27,M176573785,15168.13,15715.8,0,0
12,PAYMENT,185.47,C1877373557,25194.13,25008.66,M229129040,244.88,430.35,0,0
81,PAYMENT,331.57,C5965126877,19242.63,18911.06,M994521437,8350.48,8682.05,0,0
330,CASH_OUT,502.73,C9581880874,5.22,0.0,M641564551,64.71,567.44,0,0
392,PAYMENT,451.55,C5929874628,127.99,0.0,M503406408,539.4,990.95,0,0
637,CASH_OUT,962.02,C7092802962,278.13,0.0,M593670485,1153.57,2115.59,0,0
307,CASH_OUT,52.33,C3554896416,30017.37,29965.04,M785520267,100.7,153.03,0,0
267,PAYMENT,110.34,C7852510836,1043.31,932.97,M652350560,161.65,271.99,0,0
447,TRANSFER,184.87,C7689611202,27629.65,27444.78,C6632433855,229.36,414.23,0,0
441,CASH_OUT,1034.84,C6608256202,779.77,0.0,M362449787,45.66,,0,0
652,PAYMENT,18.99,C8014028473,29636.73,29617.74,M449125502,582.08,601.07,0,0
2,CASH_OUT,548.84,C8612300277,3397.64,2848.8,M981716606,7074.27,7623.11,0,0
520,CASH_OUT,1922.86,C6750924404,863.22,0.0,M508670918,6548.52,8471.38,0,0
651,PAYMENT,444.43,C1938637619,20677.42,20232.99,M800135682,46519.14,46963.57,0,0
636,CASH_IN,468.92,C5622891677,310.6,0.0,C1777126583,121.55,590.47,0,0
309,CASH_OUT,220.3,C4049613607,171412.01,171191.71,M911756639,96.8,317.1,0,0
740,TRANSFER,456.91,C5945718386,28.39,0.0,C7488067178,1658.16,2115.07,0,0
522,CASH_OUT,166.97,C5488060686,373.78,206.81,M348151233,11465.11,11632.08,0,0
469,CASH_IN,289.23,C2464381530,1410.88,1121.65,C8952171592,5442.8,5732.03,0,0
212,CASH_IN,166.78,C9773653709,171.65,4.87,C9772628410,1914.58,2081.36,0,0
112,PAYMENT,281.81,C1439551079,2939.25,2657.44,M725119950,49.54,331.35,0,0
8,CASH_OUT,213.75,C1656049785,811.21,597.46,M345724489,59.76,273.51,0,0
477,PAYMENT,38.0,C3960654820,2501.68,2463.68,M112963720,1370.86,1408.86,0,0
460,PAYMENT,19.86,C9179039721,118.77,98.91,M126068943,1088.68,1108.54,0,0
253,CASH_IN,472.7,C7563974221,86.46,0.0,C6276653420,267.51,740.21,0,0
526,PAYMENT,1349.86,C4738779143,1020.95,0.0,M108711834,1224.54,2574.4,0,0
438,PAYMENT,9031.64,C1586055587,6786.72,0.0,M924840505,486.23,9517.87,0,0
661,CASH_IN,3623.28,C1986123880,110041.59,106418.31,C1888241334,2652.5,6275.78,0,0
236,TRANSFER,2461.26,C4340919995,11.38,0.0,C2057358647,95.22,2556.48,0,0
306,PAYMENT,638.07,C1067622558,670.07,32.0,M299280278,11.31,649.38,0,0
478,CASH_IN,512.08,C1443592182,3318.19,2806.11,C1632656268,16.21,528.29,0,0
679,PAYMENT,83.24,C4059035717,2732.97,2649.73,M422022568,65.51,148.75,0,0
20,PAYMENT,66.39,C6805959197,51.82,0.0,M681741150,94.23,160.62,0,0
216,PAYMENT,590.53,C5734335390,178.18,0.0,M418787543,369.1,959.63,0,0
135,CASH_IN,75.95,C8185184423,1059.4,983.45,C1483355241,47.53,123.48,0,0
129,CASH_OUT,336.58,C3709762951,898517.46,898180.88,M140881102,25.35,361.93,0,0
410,PAYMENT,2.73,C2448556701,11588.44,11585.71,M386082215,8.65,11.38,0,0
422,PAYMENT,1026.88,C7186771713,2633.51,1606.63,M708980721,635.38,1662.26,0,0
294,CASH_OUT,50.93,C3834055947,1.31,0.0,M867733229,378.63,429.56,0,0
246,CASH_OUT,23.21,C4320067809,40.71,17.5,M988575293,648.01,671.22,0,0
701,CASH_IN,1711.14,C6330645195,50.8,0.0,C5173436604,122.54,1833.68,0,0
556,PAYMENT,2768.75,C9609214234,2683.93,0.0,M250013133,35064.38,37833.13,0,0
86,CASH_OUT,340.72,C6439327408,780.14,439.42,M581452514,21.07,361.79,0,0
556,CASH_IN,96.14,C9420341186,224.08,127.94,C5076507338,465.46,561.6,0,0
375,CASH_IN,1696.91,C6230120291,2530.36,833.45,C3630546435,1.6,1698.51,0,0
446,PAYMENT,86.66,C3673666665,25.11,0.0,M466435620,1097.08,1183.74,0,0
378,CASH_OUT,294.34,C6014531740,143.02,0.0,M181018770,58.4,352.74,0,0
390,TRANSFER,5982.65,C2733039960,930.09,0.0,C4323991338,14.05,5996.7,0,0
657,CASH_IN,854.51,C3191114746,117364.75,116510.24,C9480584827,1233.38,2087.89,0,0
51,CASH_OUT,367.85,C6266274680,10291.9,9924.05,M532952662,19.18,387.03,0,0
242,CASH_OUT,232.34,C3513439618,3221.47,2989.13,M732118295,49.52,281.86,0,0
294,PAYMENT,440.39,C8250360293,402.69,0.0,M688841963,4557.82,4998.21,0,0
563,PAYMENT,686.78,C7309183492,1047.94,361.16,M199026380,586.87,1273.65,0,0
266,CASH_OUT,42.48,C4129168968,22929.41,22886.93,M615483120,152.19,194.67,0,0
120,PAYMENT,4521.12,C7599367830,105277.64,100756.52,M940413151,566.79,5087.91,0,0
712,PAYMENT,161.37,C5187468102,601.91,440.54,M944934080,143.75,305.12,0,0
248,CASH_IN,267.99,C6867536022,3383.04,3115.05,C7465256549,1990.79,2258.78,0,0
70,PAYMENT,2053.38,C3169277325,10777.84,8724.46,M150479152,266.94,2320.32,0,0
57,PAYMENT,304.01,C1625248714,3047.24,2743.23,M579245175,37.12,341.13,0,0
382,TRANSFER,2349.72,C8509299688,41.54,0.0,C1695802743,9.67,2359.39,0,0
39,CASH_OUT,367.21,C4536022620,170.3,0.0,M366738383,6629.49,6996.7,0,0
443,CASH_OUT,492.09,C7145571839,6985.41,6493.32,M414341497,11.7,503.79,0,0
18,CASH_IN,620.64,C7790862072,268.08,0.0,C3138209731,2583.92,3204.56,0,0
732,CASH_OUT,852.19,C4967327971,97149.26,96297.07,M906130008,45.15,897.34,0,0
352,CASH_IN,1235.22,C8287577733,508.27,0.0,C7809374302,76.57,1311.79,0,0
298,CASH_OUT,3307.63,C4935749944,39.07,0.0,M919260824,8905.47,12213.1,0,0
283,CASH_OUT,2937.31,C1040939151,14567.16,11629.85,M330778866,73.31,3010.62,0,0
586,CASH_IN,82.55,C1322244698,445.88,363.33,C3494845773,200.48,283.03,0,0
110,PAYMENT,7393.84,C1383705860,543.45,0.0,M591581700,7264.1,14657.94,0,0
180,CASH_IN,13.45,C6184641287,9602.5,9589.05,C6796893641,1823.86,1837.31,0,0
544,CASH_OUT,114.16,C1801105849,92.2,0.0,M329567525,2085.97,2200.13,0,0
25,CASH_OUT,306.26,C1248652802,1346.57,1040.31,M100433435,50.73,356.99,0,0
738,CASH_IN,39.15,C4557564725,53.07,13.92,C6658393248,44.55,83.7,0,0
57,PAYMENT,706.02,C4276300855,1325.88,619.86,M667624495,1598.82,2304.84,0,0
180,PAYMENT,1771.75,C2825997427,18.23,0.0,M234948307,402.22,2173.97,0,0
232,CASH_OUT,97.0,C7121893847,134.01,37.01,M563407295,354.18,451.18,0,0
343,PAYMENT,1019.33,C6419249769,10360.47,9341.14,M222889054,18.43,1037.76,0,0
477,CASH_IN,2151.02,C9843679761,28088.48,25937.46,C6165750022,69.72,2220.74,0,0
576,CASH_IN,8.41,C3207001017,120.06,111.65,C8078068487,5.54,13.95,0,0
455,CASH_IN,571.63,C9059979170,116.85,0.0,C9532607234,546.74,1118.37,0,0
232,CASH_IN,851.17,C8150576478,1416.46,565.29,C8149885571,1159.67,,0,0
289,PAYMENT,64.43,C6160828888,145.34,80.91,M203447572,4006.72,4071.15,0,0
213,PAYMENT,36.97,C5381978821,11431.82,11394.85,M439415893,10.81,47.78,0,0
258,CASH_IN,101.95,C8068571543,33.94,0.0,C8408802505,2168.22,2270.17,0,0
530,CASH_OUT,277.52,C2441614340,228.69,0.0,M887929256,336.47,613.99,0,0
687,CASH_OUT,89.9,C1950568566,101800.31,101710.41,M979616804,5365.62,5455.52,0,0
229,TRANSFER,1225.55,C5462644423,2822.78,1597.23,C6632166409,4.45,1230.0,0,0
226,CASH_OUT,946.03,C8513705311,4727.1,3781.07,M985263075,20415.1,21361.13,0,0
596,CASH_OUT,855.64,C2079664159,681.66,0.0,M452983003,235.71,1091.35,0,0
435,PAYMENT,4995.98,C3413128159,28.35,0.0,M530424531,654.12,5650.1,0,0
402,CASH_IN,1466.88,C4320514245,52691.64,51224.76,C2913613081,49.99,1516.87,0,0
622,PAYMENT,711.07,C7028579439,1786.21,1075.14,M755512683,33.99,745.06,0,0
88,PAYMENT,34.84,C3747708955,11763.67,11728.83,M881132586,1404.07,1438.91,0,0
584,TRANSFER,4084.61,C5475519575,553.02,0.0,C9154795053,172.39,4257.0,0,0
542,CASH_IN,5081.37,C2242145520,1028.58,0.0,C2366995076,22940.21,28021.58,0,0
684,CASH_IN,208.89,C9408872759,403.46,194.57,C8619260383,192.95,401.84,0,0
309,CASH_OUT,79.95,C8709176386,1834.61,1754.66,M709134398,3220.61,3300.56,0,0
343,CASH_OUT,1824.68,C4714630950,338.06,0.0,M295692248,230.75,2055.43,0,0
436,PAYMENT,10.58,C3002820137,127.02,116.44,M460800565,,10.91,0,0
177,CASH_OUT,894.9,C4458260466,668.2,0.0,M704572203,138.83,1033.73,0,0
139,CASH_OUT,8051.22,C6959407720,4103.3,0.0,M240049273,2572.48,10623.7,0,0
194,CASH_OUT,188.23,C3065232024,20113.53,19925.3,M656389116,579.09,767.32,0,0
186,PAYMENT,654.84,C3270275602,37.76,0.0,M274632871,112.8,767.64,0,0
218,CASH_IN,493.76,C3607722370,10064.1,9570.34,C5223294669,697.52,1191.28,0,0
164,CASH_IN,3250.74,C4550742651,191.4,0.0,C6651574140,9603.94,12854.68,0,0
161,CASH_OUT,498.82,C5309730811,88.3,0.0,M571160911,5705.92,6204.74,0,0
525,PAYMENT,203.28,C6474378394,101.29,0.0,M868132385,10.53,213.81,0,0
601,CASH_OUT,19.33,C3760499980,736515.85,736496.52,M489570052,429.23,448.56,0,0
42,PAYMENT,487.11,C1090909297,7051.08,6563.97,M136487153,608.58,1095.69,0,0
210,PAYMENT,350.86,C9727056217,61.64,0.0,M902679401,25.86,376.72,0,0
741,PAYMENT,6.9,C7377350900,275.59,268.69,M300942928,55.69,62.59,0,0
275,CASH_IN,53.88,C3902593915,36.85,0.0,C3817440795,36.14,90.02,0,0
279,CASH_IN,122.09,C2483353230,40.05,0.0,C2594985959,42.97,165.06,0,0
251,PAYMENT,122.14,C3445874269,36.45,0.0,M892563989,8.7,130.84,0,0
310,CASH_IN,381.29,C9860324868,80.99,0.0,C4284669904,248.66,629.95,0,0
720,PAYMENT,323.91,C1950011210,7440.03,7116.12,M301868461,2288.67,2612.58,0,0
140,CASH_IN,355.84,C8516373930,15744.17,15388.33,C7279524646,83.59,439.43,0,0
546,PAYMENT,37018.29,C7235618904,109.49,0.0,M788377631,23958.48,60976.77,0,0
530,PAYMENT,166.86,C2075453304,390.22,223.36,M471725434,9963.45,10130.31,0,0
57,CASH_IN,70.9,C1500882483,8924.11,8853.21,C5310607056,183.66,254.56,0,0
112,CASH_OUT,9264.9,C2942089517,1201.71,0.0,M380376174,210.41,9475.31,0,0
5,CASH_IN,7539.29,C4490286397,2619.4,0.0,C8686800487,9475.61,17014.9,0,0
410,TRANSFER,46.32,C2643006567,300.25,253.93,C6694590526,68.42,114.74,0,0
414,CASH_IN,4568.11,C1773221601,50377.23,45809.12,C2439286221,732.69,5300.8,0,0
182,CASH_OUT,10.04,C6693431310,80290.07,80280.03,M980684022,4136.3,4146.34,0,0
13,PAYMENT,125590.19,C6352175101,6682.2,0.0,M101959468,112.29,125702.48,0,0
339,CASH_IN,14266.59,C1877555955,244.52,0.0,C7260792962,327.02,14593.61,0,0
259,TRANSFER,1168.96,C9774663090,40.75,0.0,C9698348869,17.3,1186.26,0,0
90,PAYMENT,2246.53,C1440961564,86097.41,83850.88,M843046614,22.74,2269.27,0,0
616,CASH_IN,979.88,C8156553578,2482.48,1502.6,C2362428180,17686.73,18666.61,0,0
698,CASH_IN,107.98,C3554249801,1475.52,1367.54,C4417234876,1043.01,1150.99,0,0
250,CASH_OUT,4408.66,C7735339308,6502.65,2093.99,M200283261,2296.27,6704.93,0,0
255,CASH_IN,6077.3,C2078776625,1174.1,0.0,C2421868388,1088.35,7165.65,0,0
588,CASH_OUT,94.21,C9301766145,565.27,471.06,M449283567,546.39,640.6,0,0
108,PAYMENT,378.41,C7678669048,279426.33,279047.92,M575676686,108.96,487.37,0,0
668,PAYMENT,34.25,C8063536444,21033.15,20998.9,M441223015,32177.94,32212.19,0,0
594,PAYMENT,366.76,C7516988908,69776.65,69409.89,M859642965,16.22,382.98,0,0
589,CASH_IN,236.22,C7445273868,57155.45,56919.23,C2851922033,20.4,256.62,0,0
485,PAYMENT,4939.29,C9795527765,7.72,0.0,M339837902,82.85,5022.14,0,0
258,CASH_IN,9913.78,C8319431766,8779.52,0.0,C9454240388,1075.79,10989.57,0,0
639,CASH_IN,48.07,C2022025888,3818.72,3770.65,C9678032978,613.7,661.77,0,0
282,CASH_IN,1878.59,C4869923136,235.49,0.0,C9887102524,52.22,1930.81,0,0
88,PAYMENT,2343.3,C1861092980,1711054.15,1708710.85,M404768260,171.68,2514.98,0,0
204,CASH_OUT,12.23,C5896582195,1608.93,1596.7,M783400805,130.4,142.63,0,0
16,PAYMENT,2779.45,C2884257806,301.98,0.0,M745475538,718.3,3497.75,0,0
151,CASH_IN,20.98,C8812234074,778.11,757.13,C8045313207,,145.75,0,0
254,CASH_OUT,145.12,C6704871112,5162.53,5017.41,M387014482,25916.06,26061.18,0,0
188,TRANSFER,66.55,C2653346849,3352.63,3286.08,C5808182582,194.13,260.68,0,0
329,CASH_IN,17.42,C3029259485,294.15,276.73,C2590904988,197.29,214.71,0,0
544,CASH_IN,3668.67,C1880776138,8963.15,5294.48,C7193431149,2344.43,6013.1,0,0
397,PAYMENT,61.29,C4726424254,1192.54,1131.25,M933155897,1526.22,1587.51,0,0
517,PAYMENT,182.62,C6601894091,585.2,402.58,M893593011,6893.96,7076.58,0,0
459,CASH_IN,397.96,C8684803130,651.83,253.87,C8459662329,4384.09,4782.05,0,0
330,PAYMENT,1782.86,C1993227358,59.51,0.0,M648804549,224.24,2007.1,0,0
169,CASH_IN,58.13,C4012915259,97.9,39.77,C7346904862,7056.26,7114.39,0,0
693,CASH_IN,1069.53,C8630827535,78.83,0.0,C4839754245,145.93,1215.46,0,0
366,CASH_IN,254.18,C8195784796,2.83,0.0,C4733112065,25.7,279.88,0,0
178,CASH_IN,53.72,C6014115092,2578.49,2524.77,C5794115306,364.25,417.97,0,0
655,CASH_OUT,3105.77,C2954817581,86.1,0.0,M617139364,1043.85,4149.62,0,0
362,CASH_OUT,25768.6,C8311587203,390.68,0.0,M234772182,690.74,26459.34,0,0
639,CASH_IN,606.61,C3429782522,515.61,0.0,C1951767322,1241.9,1848.51,0,0
40,CASH_OUT,119.35,C7771128220,93.12,0.0,M891661018,56.15,175.5,0,0
416,PAYMENT,92.63,C9138092745,440.15,347.52,M972479575,1832.5,1925.13,0,0
355,PAYMENT,2024.04,C8374801359,1338.86,0.0,M801548378,12698.52,14722.56,0,0
255,CASH_OUT,414.49,C5892988333,192.78,0.0,M807956343,57.49,471.98,0,0
143,CASH_OUT,48.2,C6354765262,110.96,62.76,M749687646,3774.75,3822.95,0,0
740,CASH_IN,13.65,C2349466615,238.7,225.05,C6133817943,1052.92,1066.57,0,0
710,PAYMENT,864.74,C7902164933,11837.54,10972.8,M189945664,2184.05,3048.79,0,0
577,PAYMENT,32.12,C8225666930,265.24,233.12,M464331999,56.12,88.24,0,0
11,TRANSFER,180.34,C1446489266,1668.43,1488.09,C3313708554,569.06,749.4,0,0
620,CASH_OUT,10482.13,C2498910952,313.66,0.0,M591679082,442.97,10925.1,0,0
26,CASH_OUT,76.53,C1723336331,840.28,763.75,M227724517,375.21,451.74,0,0
421,CASH_IN,3318.82,C5503681384,9126.48,5807.66,C7068010513,722.77,4041.59,0,0
663,CASH_IN,52.33,C5631276997,116.23,63.9,C8862994562,1538.45,1590.78,0,0
221,PAYMENT,2320.13,C9855376315,287855.54,285535.41,M855346753,13701.23,16021.36,0,0
496,TRANSFER,1274.46,C4065456702,2678.19,1403.73,C2222101782,5155.9,6430.36,0,0
237,TRANSFER,1071.01,C6400387308,1825.93,754.92,C6948322999,4011.33,5082.34,0,0
237,CASH_OUT,119.42,C8038810195,79.66,0.0,M290472755,11293.84,11413.26,0,0
219,CASH_OUT,1441.99,C3451707534,5573.02,4131.03,M511351302,666.62,2108.61,0,0
487,CASH_IN,853.34,C5899495710,70212.52,69359.18,C4397957282,44.57,897.91,0,0
461,CASH_OUT,17604.08,C6951875660,165.88,0.0,M169224335,642.93,18247.01,0,0
663,CASH_OUT,117.69,C9873676810,89.13,0.0,M374807476,1226.6,1344.29,0,0
635,CASH_IN,5281.59,C7106040299,1233.38,0.0,C2671432951,3201.54,8483.13,0,0
144,PAYMENT,66.6,C2361441207,87.75,21.15,M617058792,1568.79,1635.39,0,0
189,PAYMENT,250.24,C9604620178,354.93,104.69,M861555211,258.84,509.08,0,0
255,CASH_OUT,112.5,C4254593165,8878.57,8766.07,M261345632,8183.67,8296.17,0,0
68,PAYMENT,149.77,C1679393857,91295.1,91145.33,M502655994,861.71,1011.48,0,0
616,PAYMENT,294.49,C8870880724,9912.23,9617.74,M660856846,239.43,,0,0
336,CASH_OUT,7211.97,C4385653253,127.65,0.0,M307420857,5.26,7217.23,0,0
671,CASH_OUT,1005.55,C7643335997,549.71,0.0,M178599450,1276.31,2281.86,0,0
409,PAYMENT,4760.73,C4373172490,458.09,0.0,M269370575,22.03,4782.76,0,0
300,TRANSFER,415.36,C9085852163,1408.33,992.97,C2314436030,32.85,448.21,0,0
602,TRANSFER,5247.31,C9284788646,9998.02,4750.71,C1553882028,1261.12,6508.43,0,0
357,CASH_OUT,635.25,C8518068735,148.09,0.0,M432730219,1330.97,1966.22,0,0
256,CASH_IN,83.22,C8990345129,260415.52,260332.3,C8564089120,24.6,107.82,0,0
353,CASH_IN,3334.24,C3816683214,81.31,0.0,C7433129034,150.64,3484.88,0,0
732,CASH_IN,7846.35,C1356346281,137.48,0.0,C7379131763,342.67,8189.02,0,0
521,PAYMENT,1446.11,C5388201842,148.29,0.0,M757891787,3115.49,4561.6,0,0
524,CASH_OUT,2125.49,C4480142575,514196.37,512070.88,M485054945,95.03,2220.52,0,0
694,CASH_IN,5209.85,C6495779342,65197.46,59987.61,C4638520184,2804.5,8014.35,0,0
284,CASH_OUT,235.07,C5904475171,142.9,0.0,M275812708,48.17,283.24,0,0
312,CASH_OUT,95.98,C5795183234,346.59,250.61,M311828516,17.08,113.06,0,0
99,PAYMENT,833.3,C9600587862,864.1,30.8,M848177128,6092.24,6925.54,0,0
197,TRANSFER,12745.1,C3633511745,328.92,0.0,C9932597839,14742.15,27487.25,0,0
482,CASH_OUT,736.85,C5632807538,10429.47,9692.62,M735329803,7415.68,8152.53,0,0
226,PAYMENT,1421.42,C5583780107,3735.44,2314.02,M789327150,2353.25,3774.67,0,0
615,CASH_OUT,468.46,C7070757346,1819.56,1351.1,M956782785,524.22,992.68,0,0
618,CASH_IN,727.16,C9125548307,8516.87,7789.71,C9021110645,1648.66,2375.82,0,0
365,PAYMENT,140.33,C6423065330,3285.68,3145.35,M195261449,1492.38,1632.71,0,0
368,CASH_OUT,1207.77,C8852928665,5897.23,4689.46,M950701280,34901.32,36109.09,0,0
570,CASH_OUT,2334.54,C1430179128,1690.62,0.0,M655470977,66.86,2401.4,0,0
590,PAYMENT,19.98,C3917272031,81180.07,81160.09,M271040337,95.47,115.45,0,0
75,CASH_OUT,20.04,C9180807765,1524.0,1503.96,M612094512,43.1,63.14,0,0
42,CASH_OUT,12.09,C6456158299,756.58,744.49,M704839055,11894.81,11906.9,0,0
422,PAYMENT,7714.94,C5699127291,8056.36,341.42,M466190533,414.01,8128.95,0,0
181,PAYMENT,63.46,C9495333159,4537.74,4474.28,M164320462,,131.52,0,0
545,CASH_IN,815.22,C3800141853,1042.01,226.79,C5644017854,3.25,818.47,0,0
71,CASH_OUT,14328.87,C5076546762,18.25,0.0,M485351426,51.98,14380.85,0,0
568,PAYMENT,784.5,C2661213249,37215.02,36430.52,M860734632,739.26,1523.76,0,0
105,PAYMENT,1128.43,C6617084879,24490.0,23361.57,M920628999,5.23,1133.66,0,0
200,CASH_OUT,74.72,C9046798751,130.91,56.19,M543720187,42.13,116.85,0,0
101,PAYMENT,785.58,C9997784918,3101.11,2315.53,M617436964,442.33,1227.91,0,0
307,CASH_OUT,55.14,C2144184144,296.91,241.77,M327675730,238.39,293.53,0,0
586,CASH_IN,8.97,C8498026655,4108.6,4099.63,C9791980917,21.0,29.97,0,0
683,PAYMENT,447.95,C8029039169,17834.74,17386.79,M315342913,54.26,502.21,0,0
377,PAYMENT,766.34,C6339487193,791.65,25.31,M672971044,217.11,983.45,0,0
655,CASH_OUT,140.22,C8840792614,6495.93,6355.71,M407720612,991.95,1132.17,0,0
678,CASH_OUT,90.63,C8346475434,32.36,0.0,M994468866,1679.87,1770.5,0,0
399,PAYMENT,263.26,C4594515540,127.62,0.0,M124387051,298.87,562.13,0,0
221,PAYMENT,94.3,C7301530380,10430.41,10336.11,M251208379,10137.31,10231.61,0,0
595,CASH_OUT,1780.06,C9904557977,221.98,0.0,M324582753,119.51,1899.57,0,0
182,CASH_OUT,986.04,C9420588155,138.74,0.0,M419946337,28.58,1014.62,0,0
307,CASH_OUT,10468.04,C3868470088,178.97,0.0,M413895294,4.41,10472.45,0,0
522,PAYMENT,198.14,C1702749215,74.01,0.0,M625378667,1975.1,2173.24,0,0
396,CASH_OUT,463.89,C8371538538,13516.82,13052.93,M609708655,323.37,787.26,0,0
4,PAYMENT,570.87,C8659644109,16256.68,15685.81,M795717611,10.36,581.23,0,0
281,CASH_OUT,191.33,C6456219143,163.8,0.0,M468731770,772.74,964.07,0,0
215,PAYMENT,7.64,C6764249714,68.87,61.23,M996539296,3659.2,3666.84,0,0
610,CASH_OUT,980.22,C5901013230,867.34,0.0,M185698261,758.48,1738.7,0,0
420,PAYMENT,43029.59,C2650461394,58.84,0.0,M987800558,81.32,43110.91,0,0
101,CASH_OUT,2977.12,C1620238866,6403.1,3425.98,M312317120,24.14,3001.26,0,0
521,CASH_OUT,20259.39,C4949994941,1125.02,0.0,M682356780,742.02,21001.41,0,0
573,PAYMENT,2425.01,C2544785725,442.57,0.0,M211534511,441.15,2866.16,0,0
309,PAYMENT,297.69,C7345644393,14096.7,13799.01,M202057535,168297.73,168595.42,0,0
658,PAYMENT,1343.68,C4447234318,103.7,0.0,M421131579,33.86,1377.54,0,0
510,CASH_IN,3428.18,C9586646716,377.47,0.0,C8666528100,1062.93,4491.11,0,0
63,CASH_IN,16.42,C7301652385,55.02,38.6,C7186085244,102.66,119.08,0,0
633,CASH_OUT,982.05,C2627049472,34.89,0.0,M737055183,74.1,1056.15,0,0
226,CASH_IN,331.34,C6880276526,113.71,0.0,C9350149892,25.57,356.91,0,0
105,PAYMENT,7745.67,C7329799840,144.85,0.0,M470519852,5204.51,12950.18,0,0
425,CASH_OUT,849.5,C2430688610,115.02,0.0,M292922112,5014.1,5863.6,0,0
255,TRANSFER,2.94,C7281890202,872.51,869.57,C7859392271,3508.99,3511.93,0,0
429,CASH_IN,972.41,C8094747897,854.98,0.0,C8680749507,131.78,1104.19,0,0
434,DEBIT,6.53,C3091363748,22.66,16.13,M525346297,1388.22,1394.75,0,0
207,CASH_OUT,5157.55,C8440585683,8047.34,2889.79,M572647941,9372.72,14530.27,0,0
28,CASH_OUT,86.85,C9041977223,24.77,0.0,M986933763,1.32,88.17,0,0
682,PAYMENT,42.04,C4569477393,14.6,0.0,M401684548,1435.48,1477.52,0,0
336,PAYMENT,86.31,C2516386296,14620.02,14533.71,M920521762,3883.07,3969.38,0,0
588,CASH_OUT,67.54,C4236654016,69.62,2.08,M204557960,2181.75,2249.29,0,0
628,CASH_IN,295.47,C5663341799,2677.7,2382.23,C3535573750,51.33,346.8,0,0
69,PAYMENT,72.17,C6217248248,254.79,182.62,M585044420,46.31,118.48,0,0
513,PAYMENT,221.04,C9466809996,88.88,0.0,M349740952,868.78,1089.82,0,0
167,PAYMENT,18.46,C1725524818,56.59,38.13,M205765676,450.27,468.73,0,0
730,PAYMENT,243.89,C5620834767,2838.27,2594.38,M261242193,3490.92,3734.81,0,0
368,CASH_OUT,6940.82,C1729225230,106.28,0.0,M862336413,3407.23,10348.05,0,0
251,DEBIT,164.49,C6528566097,16953.03,16788.54,M383838239,111.3,275.79,0,0
686,PAYMENT,1405.7,C8994323682,24.38,0.0,M729563490,8.24,1413.94,0,0
170,CASH_OUT,32.7,C3304260929,37703.29,37670.59,M523120467,15.95,48.65,0,0
90,CASH_IN,1286.13,C7322051230,6.06,0.0,C3050853008,30.8,1316.93,0,0
561,DEBIT,3925.18,C1821445994,2236.66,0.0,M687839666,119.6,4044.78,0,0
446,CASH_IN,6977.35,C8799992294,58.05,0.0,C8014171207,814.2,7791.55,0,0
294,CASH_IN,602.75,C3412172268,20.52,0.0,C5521711464,186.84,789.59,0,0
150,PAYMENT,1545.16,C5604769115,853.97,0.0,M390597840,21.41,1566.57,0,0
132,TRANSFER,31.15,C5128188486,5941.42,5910.27,C7934062314,1759.63,1790.78,0,0
433,CASH_OUT,187.39,C1027099555,672.42,485.03,M233861570,196.31,383.7,0,0
59,CASH_IN,81.4,C8770394504,982.45,901.05,C5635361934,81.97,163.37,0,0
199,PAYMENT,778.14,C1373840905,1824.82,1046.68,M220507180,60.29,838.43,0,0
215,CASH_OUT,140.27,C1203733118,5128.45,4988.18,M500004648,827.2,967.47,0,0
561,PAYMENT,1593.32,C1276551871,67117.91,65524.59,M238529669,211.66,1804.98,0,0
472,PAYMENT,56228.59,C9809746041,170.44,0.0,M999703601,97.57,56326.16,0,0
247,CASH_IN,1398.49,C4443572842,3626.44,2227.95,C1418905897,23.13,1421.62,0,0
382,CASH_OUT,6790.75,C5831189715,261.63,0.0,M805685185,97.07,6887.82,0,0
239,CASH_IN,37.75,C5400601592,708.49,670.74,C9505235552,714.13,751.88,0,0
367,CASH_OUT,340.38,C3308144059,6035.12,5694.74,M895350605,1709.54,2049.92,0,0
168,PAYMENT,622.48,C1792550861,1724.14,1101.66,M328474299,3702.96,4325.44,0,0
560,CASH_IN,459.49,C1972309720,169.89,0.0,C3485763310,,536.47,0,0
51,PAYMENT,16101.42,C1919041723,1424.6,0.0,M711113336,10.4,16111.82,0,0
610,PAYMENT,91.12,C1223331603,2649.52,2558.4,M343633848,1558.55,1649.67,0,0
728,CASH_OUT,769.89,C5113796347,5307.38,4537.49,M981547721,580.26,1350.15,0,0
689,PAYMENT,3.14,C7426949982,19032.27,19029.13,M796503834,13.65,16.79,0,0
380,TRANSFER,943.26,C6836386688,96874.19,95930.93,C9533663399,2374.11,3317.37,0,0
474,TRANSFER,1109.69,C6204488502,1103.57,0.0,C9103285970,0.34,1110.03,0,0
80,CASH_IN,363.4,C8512443472,69.56,0.0,C3782016728,34.66,398.06,0,0
697,CASH_OUT,889.45,C7478121502,2420.3,1530.85,M965310616,23240.77,24130.22,0,0
367,CASH_OUT,130.45,C9596172714,38.67,0.0,M755236489,416219.24,416349.69,0,0
461,CASH_OUT,35.06,C5149921974,127444.72,127409.66,M545373086,3900.73,3935.79,0,0
539,PAYMENT,55.86,C3199307165,272.15,216.29,M476955758,175.99,231.85,0,0
452,CASH_OUT,73.32,C1342477457,12872.27,12798.95,M991296644,987.87,1061.19,0,0
464,CASH_OUT,30.43,C1445608116,2413.43,2383.0,M506904653,2.51,32.94,0,0
478,PAYMENT,28.12,C3986137115,2020.23,1992.11,M385598542,134.06,162.18,0,0
420,CASH_OUT,76.7,C2703563750,21.06,0.0,M872028827,7.09,83.79,0,0
707,PAYMENT,197.91,C1195873672,152.83,0.0,M525488967,6484.89,6682.8,0,0
214,TRANSFER,525.19,C5228233258,409.2,0.0,C2141329460,2845.98,3371.17,0,0
369,PAYMENT,34.89,C1570366739,430.43,395.54,M627485953,1895.66,1930.55,0,0
114,CASH_IN,62.32,C8738015342,1383.08,1320.76,C3411955178,2983.16,3045.48,0,0
503,CASH_IN,118.09,C6200220939,209.89,91.8,C5343946218,102.65,220.74,0,0
636,CASH_OUT,966.57,C4640921160,3733.39,2766.82,M138582151,365.63,1332.2,0,0
588,CASH_OUT,36.96,C6988522311,862.05,825.09,M616978412,74.02,110.98,0,0
311,CASH_OUT,143.38,C2000730910,5674.06,5530.68,M388989173,442.91,586.29,0,0
469,CASH_OUT,2820.9,C7115322835,26.77,0.0,M301032165,316.94,3137.84,0,0
708,PAYMENT,82.33,C2908012107,7725.59,7643.26,M779844827,1014.59,1096.92,0,0
44,CASH_IN,33.3,C8198387459,64423.45,64390.15,C9995231688,26.11,59.41,0,0
415,TRANSFER,338.85,C8647131798,736.06,397.21,C9075252352,414.52,753.37,0,0
698,CASH_OUT,76.52,C8273036564,22419.56,22343.04,M331156317,400.52,477.04,0,0
246,DEBIT,1.61,C7840490938,1023.12,1021.51,M284707884,639.08,640.69,0,0
84,CASH_OUT,600.7,C1568693254,385.25,0.0,M412685629,39.62,640.32,0,0
207,CASH_IN,2299.56,C8306476478,1858.05,0.0,C9940315971,87.8,2387.36,0,0
151,CASH_OUT,385.79,C7619792998,55436.82,55051.03,M729002915,50.88,436.67,0,0
668,CASH_OUT,3249.96,C2110407199,45350.6,42100.64,M802252686,52751.04,56001.0,0,0
528,PAYMENT,1462.72,C8631438499,23.86,0.0,M249353549,8008.45,9471.17,0,0
165,CASH_IN,72.98,C2404464048,83.79,10.81,C4022866449,341.49,414.47,0,0
145,CASH_OUT,24319.01,C2453955437,882.05,0.0,M510676172,1226.52,25545.53,0,0
37,CASH_OUT,766.85,C3914458942,187.22,0.0,M479370638,18743.11,19509.96,0,0
333,CASH_IN,949.19,C8846996422,2852.36,1903.17,C2793862106,22183.13,23132.32,0,0
403,TRANSFER,55.32,C8664843352,775.66,720.34,C9724637563,1092.4,1147.72,0,0
414,CASH_OUT,18.33,C4424884609,352.99,334.66,M867363256,50.83,69.16,0,0
45,CASH_IN,46.21,C7821322736,153815.4,153769.19,C8067828110,8258.08,8304.29,0,0
402,CASH_OUT,2540.72,C9293493355,7760.21,5219.49,M146896489,723.53,3264.25,0,0
206,PAYMENT,12344.88,C2628729097,6549.84,0.0,M440286284,172.75,12517.63,0,0
62,PAYMENT,718.74,C6946261143,145.76,0.0,M223478869,2194.6,2913.34,0,0
420,PAYMENT,485.44,C9760505943,999.28,513.84,M468386927,80.63,566.07,0,0
468,PAYMENT,2791.9,C1684030671,778.55,0.0,M675844967,8.7,2800.6,0,0
19,PAYMENT,6389.02,C4063357263,1386.55,0.0,M488913236,9796.38,16185.4,0,0
365,PAYMENT,22.11,C9153227023,364.79,342.68,M658888586,1238.28,1260.39,0,0
300,CASH_IN,10465.8,C6972104535,11007.73,541.93,C7845699905,3186.22,13652.02,0,0
7,CASH_IN,188.48,C9515976279,30570.87,30382.39,C3888105418,3.99,192.47,0,0
428,PAYMENT,3526.14,C9904529365,7432.39,3906.25,M221622873,1147.85,4673.99,0,0
117,CASH_OUT,47.69,C2668128488,854.02,806.33,M395886248,833.87,881.56,0,0
580,PAYMENT,3187.54,C6089960833,400.51,0.0,M949503860,170.43,3357.97,0,0
507,CASH_IN,22.93,C6458409925,16418.08,16395.15,C8301765580,174.15,197.08,0,0
546,PAYMENT,3799.5,C2126662296,2463.92,0.0,M948090062,113.87,3913.37,0,0
706,PAYMENT,1460.73,C6173790915,4408.0,2947.27,M210521783,20692.52,22153.25,0,0
325,CASH_OUT,17.39,C4524855886,2356.11,2338.72,M515950833,3281.63,3299.02,0,0
55,PAYMENT,5171.03,C3837534048,171.16,0.0,M844056182,209.37,5380.4,0,0
42,CASH_OUT,57.29,C8146925555,54637.38,54580.09,M242618674,80.98,138.27,0,0
297,TRANSFER,3967.26,C7849992636,506062.8,502095.54,C9721572069,381.93,4349.19,0,0
231,PAYMENT,538.59,C7019325988,372.34,0.0,M285317041,395.12,933.71,0,0
453,CASH_OUT,33.36,C5452516984,993.94,960.58,M357741970,29.73,63.09,0,0
394,PAYMENT,53.17,C5933656865,423.46,370.29,M416240889,6410.16,6463.33,0,0
522,CASH_IN,990135.85,C2543918930,209.1,0.0,C7361349158,212.07,990347.92,0,0
358,CASH_OUT,40728.93,C3517701140,4869.38,0.0,M615143574,483.49,41212.42,0,0
444,PAYMENT,264.71,C5034487703,257.83,0.0,M310321368,3051.53,3316.24,0,0
128,PAYMENT,943.2,C6131554020,100.69,0.0,M691543595,20760.71,21703.91,0,0
691,CASH_IN,4474.13,C9358978320,3346.16,0.0,C4380384155,532.95,5007.08,0,0
405,CASH_OUT,30.45,C5406249699,123.14,92.69,M648325015,11.44,41.89,0,0
392,PAYMENT,1603.39,C6421932842,235.09,0.0,M472223627,1780.15,3383.54,0,0
193,TRANSFER,2905.43,C4253481293,202.21,0.0,C2403297868,603.77,3509.2,0,0
604,TRANSFER,831.88,C6717560029,3485.27,2653.39,C6376498932,106.45,938.33,0,0
743,PAYMENT,6515.19,C8603881882,1320.02,0.0,M362306089,1053.73,7568.92,0,0
78,TRANSFER,547.46,C2272566222,10.26,0.0,C6945736073,80.18,627.64,0,0
85,PAYMENT,3679.73,C5313542074,2240.31,0.0,M227616190,8.61,3688.34,0,0
30,PAYMENT,647.16,C4678947008,139.36,0.0,M696184063,561.53,1208.69,0,0
725,PAYMENT,18.78,C5067884833,51233.46,51214.68,M610723350,38.18,56.96,0,0
49,CASH_OUT,2638.39,C7054838164,6.2,0.0,M452514512,202.1,2840.49,0,0
145,PAYMENT,5452.85,C2687386758,2807.27,0.0,M857896113,1725.61,7178.46,0,0
69,PAYMENT,298.15,C3043865920,7673.81,7375.66,M310581575,2.09,300.24,0,0
58,CASH_IN,27.71,C4107522687,53.68,25.97,C8149899573,159.15,186.86,0,0
697,CASH_IN,2289.64,C4635973329,546.39,0.0,C2546418445,37.24,2326.88,0,0
574,PAYMENT,759.72,C3691340267,1391.77,632.05,M915286740,9.55,769.27,0,0
479,CASH_OUT,730.72,C2372423805,753.03,22.31,M796527363,440.03,1170.75,0,0
445,CASH_OUT,588.77,C2509666283,3707.78,3119.01,M399809837,113.45,702.22,0,0
296,CASH_OUT,3027.28,C7558774044,1626.72,0.0,M187594532,1870.63,4897.91,0,0
678,PAYMENT,717.57,C7931818893,7832.12,7114.55,M539158464,1116.52,1834.09,0,0
171,CASH_OUT,156.05,C8925860651,2501.07,2345.02,M581081533,1609.53,1765.58,0,0
575,PAYMENT,15.95,C6932666230,1441.14,1425.19,M369880898,3.25,19.2,0,0
147,PAYMENT,160.28,C3983894844,549.59,389.31,M601903162,560.23,720.51,0,0
484,CASH_IN,2487.71,C7564437611,2035.19,0.0,C6035436039,620.24,3107.95,0,0
306,CASH_IN,206.54,C2439469198,86748.46,86541.92,C3495787097,17.78,224.32,0,0
673,CASH_IN,2479.22,C9596838821,883.77,0.0,C8905943617,288.7,2767.92,0,0
653,CASH_OUT,23.84,C2528350990,45.44,21.6,M136852512,722.66,746.5,0,0
609,PAYMENT,53.34,C6595130890,16977.43,16924.09,M488350128,432.42,485.76,0,0
446,CASH_OUT,47.49,C1853135972,196647.45,196599.96,M427575952,1854.66,1902.15,0,0
221,CASH_OUT,528.87,C5212890787,4646.38,4117.51,M229229330,1247.23,1776.1,0,0
555,CASH_OUT,14530.81,C2201804645,149096.36,134565.55,M463150566,1957.08,16487.89,0,0
378,CASH_OUT,35903.88,C3405310783,1567.81,0.0,M744143114,14.05,35917.93,0,0
620,CASH_OUT,3344.52,C1203272778,1745326.7,1741982.18,M628359483,65.1,3409.62,0,0
266,CASH_OUT,8.04,C4313404832,27.91,19.87,M843075860,143.3,151.34,0,0
95,CASH_OUT,89.64,C4136807968,752.46,662.82,M168113835,260.47,350.11,0,0
262,PAYMENT,1.0,C4452424527,4904.08,4903.08,M635471962,6.77,7.77,0,0
71,DEBIT,561.38,C4391180618,162.1,0.0,M548896150,249.47,810.85,0,0
219,CASH_IN,10402.09,C6454450763,21099.12,10697.03,C1158573141,2483.31,12885.4,0,0
533,CASH_OUT,2061.14,C6501192018,4304.6,2243.46,M375522060,12.94,2074.08,0,0
92,PAYMENT,11.81,C5061302004,639.77,627.96,M437707693,8.76,20.57,0,0
127,CASH_IN,6486.28,C6643041973,3211.25,0.0,C4865859768,8394.08,14880.36,0,0
80,CASH_OUT,4485.29,C7804247891,1803.73,0.0,M277882806,1034.71,5520.0,0,0
238,CASH_IN,8833.06,C6212910229,5565.14,0.0,C2002097564,49755.65,58588.71,0,0
372,PAYMENT,3707.89,C7436163075,612.52,0.0,M670993316,555.01,4262.9,0,0
486,TRANSFER,140.85,C1619702405,4.36,0.0,C3256085946,295.87,436.72,0,0
694,CASH_IN,9.88,C8269884149,9506.76,9496.88,C6238746359,60.66,70.54,0,0
25,PAYMENT,4195.85,C3207957400,931.82,0.0,M535132425,139085.59,143281.44,0,0
156,PAYMENT,1906.83,C4610717319,153.78,0.0,M459464368,7849.46,9756.29,0,0
517,CASH_OUT,7.82,C4673935626,429.7,421.88,M898298215,1300.86,1308.68,0,0
632,CASH_OUT,58.64,C5209526213,670.83,612.19,M987491153,813.72,872.36,0,0
530,PAYMENT,62.03,C5584172187,26.63,0.0,M165237603,22.04,84.07,0,0
710,CASH_OUT,1728.38,C7448974896,119.03,0.0,M816600245,403.97,2132.35,0,0
57,CASH_OUT,391.11,C6299173013,822.74,431.63,M756192245,24.93,416.04,0,0
605,CASH_OUT,238.09,C1378508530,716.52,478.43,M857463138,184.89,422.98,0,0
19,CASH_IN,174.35,C8322886290,106.28,0.0,C6914582899,520.07,694.42,0,0
384,CASH_OUT,42.46,C8624040996,43.79,1.33,M551385281,629.52,671.98,0,0
193,CASH_OUT,2781.55,C3360430570,129.99,0.0,M590040280,30.96,2812.51,0,0
237,PAYMENT,94.28,C8783644311,2302.64,2208.36,M594695000,1450.01,1544.29,0,0
387,PAYMENT,4124.72,C5661667272,217.89,0.0,M127738715,314.45,4439.17,0,0
426,CASH_OUT,24.88,C5950685912,9702.15,9677.27,M238905206,2647.86,2672.74,0,0
277,TRANSFER,150.82,C1034619027,20036.24,19885.42,C8385695076,1732.11,1882.93,0,0
227,PAYMENT,20530.49,C4992274078,85788.11,65257.62,M412598698,8552.95,29083.44,0,0
552,PAYMENT,645.0,C3081333903,5225.71,4580.71,M224081454,55.34,700.34,0,0
323,CASH_OUT,151.25,C5231362629,3152.73,3001.48,M748943378,55977.75,56129.0,0,0
153,PAYMENT,114.87,C5865581210,34318.64,34203.77,M192506197,24.4,139.27,0,0
639,CASH_IN,70.9,C3839529640,52.17,0.0,C5994541390,168.72,239.62,0,0
237,CASH_OUT,999.64,C7488350456,5249.17,4249.53,M472716476,633.19,1632.83,0,0
55,PAYMENT,2433.76,C1193568990,11767.41,9333.65,M934724541,1624.45,4058.21,0,0
436,CASH_OUT,666.87,C7634737105,1068.61,401.74,M831095878,188.49,855.36,0,0
684,TRANSFER,358.37,C6092782804,8574.5,8216.13,C7311173745,337.19,695.56,0,0
109,CASH_OUT,1343.64,C3651358220,475.91,0.0,M377763274,58005.23,59348.87,0,0
184,CASH_IN,24.31,C6424587467,1210.35,1186.04,C8568875255,78.58,102.89,0,0
368,CASH_OUT,859.34,C7364233941,2741.55,1882.21,M948432691,31.63,890.97,0,0
198,PAYMENT,962.28,C5195101211,2545.47,1583.19,M304782202,16.01,978.29,0,0
371,PAYMENT,688.63,C4918459746,33.99,0.0,M126740540,87.2,775.83,0,0
373,CASH_OUT,132.89,C3485583547,303.62,170.73,M787960166,0.1,132.99,0,0
497,PAYMENT,85.62,C9675707175,1219.07,1133.45,M371735719,401.75,487.37,0,0
599,CASH_OUT,29.91,C6160368081,2922.92,2893.01,M194663576,28249.45,28279.36,0,0
201,CASH_OUT,7640.08,C8592913890,5902.45,0.0,M868301065,346.77,7986.85,0,0
509,CASH_IN,360.92,C1456074031,1165.67,804.75,C3879545017,8379.97,8740.89,0,0
322,CASH_OUT,172.85,C9773444268,17502.74,17329.89,M226165426,,326.25,0,0
275,PAYMENT,142.24,C5442034673,527.81,385.57,M164826437,32284.67,32426.91,0,0
211,CASH_OUT,59.56,C6082274273,9340.49,9280.93,M625309669,1116.23,1175.79,0,0
504,CASH_OUT,138.18,C6007778815,753.74,615.56,M831092615,371.46,509.64,0,0
118,PAYMENT,4548.07,C1966453444,110.76,0.0,M860763413,34.68,4582.75,0,0
703,PAYMENT,1291.32,C5079147713,763944.33,762653.01,M450249899,637.64,1928.96,0,0
554,CASH_OUT,2115.37,C8327438806,3819.96,1704.59,M477640313,34337.14,36452.51,0,0
42,PAYMENT,2747.85,C9900269620,11.0,0.0,M146556016,3.32,2751.17,0,0
315,CASH_OUT,32848.46,C3697943014,10496.8,0.0,M494347044,308.16,33156.62,0,0
329,CASH_IN,426.43,C1477279647,1654.68,1228.25,C3656094297,160.72,587.15,0,0
17,CASH_OUT,171.4,C2264106661,9581.4,9410.0,M127220840,12.72,184.12,0,0
283,CASH_OUT,967.15,C2839883775,4250.72,3283.57,M398158569,62.95,1030.1,0,0
258,CASH_IN,1476.39,C2334549371,162.55,0.0,C7559572819,3107.51,4583.9,0,0
575,CASH_OUT,376.87,C3226160514,10940.84,10563.97,M864450939,104.79,481.66,0,0
574,CASH_OUT,67.5,C5857265260,209.16,141.66,M391920337,6566.44,6633.94,0,0
612,PAYMENT,585.22,C6198778346,145.72,0.0,M827504424,181.33,766.55,0,0
19,CASH_IN,1198.69,C7120725269,474.68,0.0,C8075432411,332.29,1530.98,0,0
529,TRANSFER,808.17,C6830948619,81.85,0.0,C7034128107,3694.82,4502.99,0,0
423,CASH_IN,10.22,C6539355198,3838.27,3828.05,C1664432977,293.71,303.93,0,0
466,PAYMENT,16.77,C8598783673,201605.58,201588.81,M808915398,817.67,834.44,0,0
373,PAYMENT,1691.83,C7363850864,69.42,0.0,M545601034,118.1,1809.93,0,0
81,PAYMENT,191.59,C6456548829,34102.95,33911.36,M232119755,190.43,382.02,0,0
551,CASH_OUT,34514.86,C2621104789,245.47,0.0,M771693555,2927.21,37442.07,0,0
548,TRANSFER,5897.72,C3141322940,248.6,0.0,C6772802442,63.58,5961.3,0,0
424,CASH_OUT,31.94,C3694786575,63.2,31.26,M262718311,26.88,58.82,0,0
429,CASH_OUT,3143.31,C9606315480,2584.81,0.0,M950791968,192.35,3335.66,0,0
388,CASH_IN,9908.55,C2101317137,40.07,0.0,C6343605771,379.6,10288.15,0,0
709,CASH_IN,165.58,C1731236260,335.28,169.7,C5248130131,34.76,200.34,0,0
670,CASH_OUT,339.56,C4574818010,17538.1,17198.54,M779352164,14397.52,14737.08,0,0
204,CASH_OUT,134.82,C9481116504,54672.31,54537.49,M728575193,650.42,785.24,0,0
196,PAYMENT,42.72,C9921710198,101.96,59.24,M852875266,53.15,95.87,0,0
728,PAYMENT,9451.76,C7291071541,512.57,0.0,M463535932,1492.06,10943.82,0,0
285,PAYMENT,2.27,C4862765904,769.11,766.84,M808122666,4348.5,4350.77,0,0
196,CASH_OUT,104.67,C2370474086,27.69,0.0,M188319745,26.11,130.78,0,0
307,TRANSFER,173.31,C7707625090,261.19,87.88,C3749385047,1374.8,1548.11,0,0
664,CASH_OUT,552.46,C5202868918,224.48,0.0,M449262075,110.88,663.34,0,0
14,PAYMENT,33.8,C6888494446,3721.03,3687.23,M303814418,1334.23,1368.03,0,0
146,PAYMENT,6062.45,C2791719736,2024.8,0.0,M148420831,71609.99,77672.44,0,0
57,CASH_OUT,10.26,C1703543580,1494.66,1484.4,M299182848,60.97,71.23,0,0
723,CASH_OUT,10.56,C5980616425,646.97,636.41,M573597889,797.11,807.67,0,0
210,TRANSFER,453.1,C7044286551,29100.05,28646.95,C7453587557,2.66,455.76,0,0
529,CASH_IN,30.76,C3664879179,1038.6,1007.84,C5847814968,57041.58,57072.34,0,0
344,CASH_OUT,611.26,C9391438344,13144.51,12533.25,M307492825,2.06,613.32,0,0
715,CASH_IN,91.82,C8216053173,4789.76,4697.94,C1443253610,614.99,706.81,0,0
611,CASH_OUT,2027.97,C1011375205,1606.61,0.0,M587461703,5181.67,7209.64,0,0
279,PAYMENT,63.07,C5334707328,10131.02,10067.95,M982455668,326.37,389.44,0,0
209,CASH_OUT,7252.5,C1290059838,507.64,0.0,M904249851,158.09,7410.59,0,0
641,CASH_IN,1420.57,C7892711894,117.16,0.0,C9912969778,293.12,1713.69,0,0
335,CASH_OUT,88.57,C4984537312,1018.59,930.02,M329098180,186.47,275.04,0,0
288,PAYMENT,1405.98,C1137347334,46916.97,45510.99,M280642295,6.57,1412.55,0,0
252,CASH_IN,540.25,C7628346788,1872.56,1332.31,C5100020950,0.86,541.11,0,0
265,CASH_OUT,1941.12,C6047528818,310.71,0.0,M813280957,6805.06,8746.18,0,0
271,PAYMENT,1337.94,C3270622323,144.36,0.0,M881704278,53.28,1391.22,0,0
700,CASH_OUT,827.64,C8223469297,24.42,0.0,M356267152,378.79,1206.43,0,0
419,PAYMENT,459.12,C2440754616,141.16,0.0,M639574010,17.35,476.47,0,0
726,CASH_OUT,2462.54,C3732680924,2323.94,0.0,M104976040,184.95,2647.49,0,0
211,PAYMENT,4193.09,C4651713506,605.65,0.0,M143322642,3016.71,7209.8,0,0
365,TRANSFER,530.14,C2222308116,1911.28,1381.14,C4912645753,109.02,639.16,0,0
76,CASH_OUT,1356.0,C1436165129,112.15,0.0,M144303491,9886.91,11242.91,0,0
660,CASH_OUT,2629.41,C2553097867,14279.49,11650.08,M667429316,568.83,3198.24,0,0
321,PAYMENT,10035.2,C4683905269,7195.32,0.0,M367048959,434.02,10469.22,0,0
725,CASH_IN,7074.46,C3399004437,268.94,0.0,C9528958244,884.3,7958.76,0,0
433,TRANSFER,3164.38,C1387891773,32.16,0.0,C7829607095,773.69,3938.07,0,0
109,CASH_OUT,176.22,C5656352797,2049.93,1873.71,M488468706,1742.77,1918.99,0,0
641,PAYMENT,29.2,C6354425870,8.04,0.0,M840453379,254.87,284.07,0,0
522,CASH_IN,1234.71,C8133110171,40.93,0.0,C7301473134,43.49,1278.2,0,0
47,CASH_IN,1216.16,C3972653700,399.83,0.0,C5501595904,9903.44,11119.6,0,0
379,PAYMENT,182.38,C2666019816,121.04,0.0,M845507583,4809.48,4991.86,0,0
96,CASH_OUT,27.98,C7182199718,27925.26,27897.28,M807038456,997.5,1025.48,0,0
103,CASH_OUT,11065.5,C2102085154,481.25,0.0,M322017214,4350.79,15416.29,0,0
146,CASH_OUT,945.0,C4651859418,3709.69,2764.69,M236691045,19.46,964.46,0,0
27,TRANSFER,36.0,C3943766674,4.74,0.0,C8859734086,32.23,68.23,0,0
732,CASH_OUT,312.95,C7029685577,12.66,0.0,M830636848,1600.47,1913.42,0,0
530,PAYMENT,27.46,C7436270145,202.39,174.93,M466713733,15.32,42.78,0,0
679,PAYMENT,1577.46,C2494039022,1869.74,292.28,M892814255,36310.08,37887.54,0,0
82,PAYMENT,16320.27,C7749943495,45.78,0.0,M438886460,72.98,16393.25,0,0
428,PAYMENT,278.09,C5632005502,2716.07,2437.98,M704394134,10.03,288.12,0,0
584,PAYMENT,335.3,C3354183839,31916.43,31581.13,M207363111,63.53,398.83,0,0
479,PAYMENT,232.16,C3838412133,152.69,0.0,M655385548,42.14,274.3,0,0
162,CASH_OUT,257.55,C7695199569,1065.65,808.1,M112405909,535.25,792.8,0,0
402,PAYMENT,85.47,C6347815447,552.58,467.11,M503846778,845.08,930.55,0,0
508,CASH_IN,6400.21,C6380846838,380.0,0.0,C7909933472,41.17,6441.38,0,0
38,TRANSFER,595.89,C6892030301,2430.61,1834.72,C1171372071,415.45,1011.34,0,0
511,PAYMENT,457.95,C5652543811,1120.89,662.94,M153118699,54.24,512.19,0,0
393,CASH_IN,256.7,C5924154070,694.93,438.23,C7070349148,5199.73,5456.43,0,0
713,PAYMENT,31.63,C1629000124,1561.82,1530.19,M164461376,28.13,59.76,0,0
494,PAYMENT,2635.33,C2268031883,9480.44,6845.11,M839930278,16835.83,19471.16,0,0
200,TRANSFER,6945.97,C1069171218,4961.19,0.0,C6289813886,340.79,7286.76,0,0
255,PAYMENT,9.75,C5165458152,13.63,3.88,M226861104,2247.06,2256.81,0,0
179,CASH_OUT,1667.19,C4664584963,119.74,0.0,M499619105,20.66,1687.85,0,0
547,TRANSFER,2264.03,C2271534752,4726.41,2462.38,C6884518891,224.57,2488.6,0,0
594,CASH_IN,5262.76,C4140609720,696588.25,691325.49,C1544598458,53870.68,59133.44,0,0
389,PAYMENT,4495.94,C4223746819,213.3,0.0,M525258621,106.41,4602.35,0,0
398,TRANSFER,78559.01,C7705720664,25.9,0.0,C2673505339,1028.46,79587.47,0,0
732,CASH_OUT,898.32,C6654733096,326378.03,325479.71,M354061305,146.87,,0,0
158,PAYMENT,2937.62,C2535925970,26025.72,23088.1,M144878917,126.29,3063.91,0,0
4,PAYMENT,413.59,C9623348157,22084.71,21671.12,M749144819,8263.5,8677.09,0,0
167,CASH_OUT,80.99,C9800405649,1444.39,1363.4,M702467354,13344.74,13425.73,0,0
468,CASH_IN,1663.28,C7975799182,965.82,0.0,C4925962929,3.74,1667.02,0,0
409,CASH_OUT,2944.19,C5943467314,768.07,0.0,M746371867,103.04,3047.23,0,0
412,CASH_OUT,799.17,C3337575676,7346.46,6547.29,M207288532,30.66,829.83,0,0
204,PAYMENT,14.58,C7547304356,25100.46,25085.88,M696872891,913.06,927.64,0,0
194,PAYMENT,22.24,C5030517309,1648.72,1626.48,M795792222,1226.0,1248.24,0,0
235,CASH_OUT,1871.68,C3083596933,7612.91,5741.23,M620278717,60.31,1931.99,0,0
718,TRANSFER,194.13,C8586824280,35599.68,35405.55,C4203181025,101.04,295.17,0,0
150,PAYMENT,822.37,C6119644088,11451.35,10628.98,M355423022,625.5,1447.87,0,0
159,CASH_OUT,1059.32,C5362336618,4704.47,3645.15,M298097840,206.38,1265.7,0,0
279,CASH_OUT,320.91,C2260645924,180.46,0.0,M736609367,4207.83,4528.74,0,0
404,CASH_IN,241.73,C3485492102,215.62,0.0,C5906239766,64.64,306.37,0,0
678,PAYMENT,310.9,C7628008299,14.72,0.0,M593548363,1555.49,1866.39,0,0
311,CASH_OUT,1316.83,C9595598709,2876.4,1559.57,M732614768,237.0,1553.83,0,0
68,CASH_OUT,1053.63,C9079317714,1455.26,401.63,M919506135,6086.39,7140.02,0,0
463,PAYMENT,81.62,C2537611844,26422.64,26341.02,M470632400,956.13,1037.75,0,0
88,CASH_OUT,391.63,C9676929068,3434.58,3042.95,M971249220,12.58,404.21,0,0
217,PAYMENT,48.36,C5109610033,487.98,439.62,M753116860,32.12,80.48,0,0
1,TRANSFER,1128.58,C7419140204,326.4,0.0,C7347065580,32.55,1161.13,0,0
135,CASH_OUT,159.0,C6908593468,2600.99,2441.99,M904945446,221.05,380.05,0,0
697,CASH_IN,1701.97,C3026959857,2061.13,359.16,C2515897791,179.37,1881.34,0,0
351,TRANSFER,249.42,C9763255002,104572.65,104323.23,C2502171186,535.45,784.87,0,0
140,CASH_IN,3975.92,C4918829588,835.74,0.0,C5565502287,14421.32,18397.24,0,0
618,TRANSFER,5802.94,C9662658893,3701.28,0.0,C5531060125,1780.65,7583.59,0,0
133,CASH_IN,980.83,C5659157299,65311.52,64330.69,C8564841447,244.3,1225.13,0,0
620,PAYMENT,193.55,C1884242868,760.53,566.98,M249716467,82.41,275.96,0,0
178,PAYMENT,61.89,C9986879318,479.88,417.99,M486474619,4863.92,4925.81,0,0
358,PAYMENT,2760.77,C5000963928,39.07,0.0,M245841276,2172.16,4932.93,0,0
380,CASH_IN,353.4,C4468599483,445.45,92.05,C8200906019,43298.63,43652.03,0,0
658,CASH_OUT,444.21,C9081719604,2820.48,2376.27,M178266940,3003.36,3447.57,0,0
450,CASH_OUT,185.53,C1002315930,34043.56,33858.03,M199425184,280.74,466.27,0,0
586,CASH_OUT,25.39,C6855875206,35.31,9.92,M803491680,4266.85,4292.24,0,0
463,CASH_IN,3459.8,C7610833677,116.3,0.0,C5318582795,35794.02,39253.82,0,0
108,CASH_IN,340.55,C4889969958,9.87,0.0,C3632357894,108.04,448.59,0,0
122,PAYMENT,9.73,C9151767726,99376.98,99367.25,M945397691,,70.09,0,0
17,CASH_OUT,306.11,C9099897536,1640.62,1334.51,M327045488,28.78,334.89,0,0
196,PAYMENT,26.86,C9891065606,371.16,344.3,M745895740,289.34,316.2,0,0
327,CASH_OUT,1313.9,C3663967092,12.29,0.0,M486062522,111.08,1424.98,0,0
318,PAYMENT,998.25,C7980288687,1091.29,93.04,M216921823,325.69,1323.94,0,0
479,PAYMENT,8237.97,C2584982428,399.43,0.0,M664610203,230.66,8468.63,0,0
252,TRANSFER,21.05,C2314367095,12.39,0.0,C4164469015,1530.16,1551.21,0,0
503,PAYMENT,7146.77,C3860311282,534.07,0.0,M241723892,4008.43,11155.2,0,0
119,PAYMENT,1139.87,C7228634505,23458.74,22318.87,M320882791,924.43,2064.3,0,0
674,CASH_IN,26.21,C2335577516,572.03,545.82,C8768286021,680.17,706.38,0,0
710,PAYMENT,15584.55,C8270609995,20771.25,5186.7,M361915491,629.75,16214.3,0,0
498,CASH_OUT,314.53,C8002531717,53739.1,53424.57,M183046248,46.8,361.33,0,0
486,PAYMENT,37.25,C6400557378,560.59,523.34,M758775627,1899.97,1937.22,0,0
45,TRANSFER,3226.54,C7890339419,877.05,0.0,C8818956088,675.33,3901.87,0,0
314,PAYMENT,45.7,C8997499642,3841.66,3795.96,M301168910,1.33,47.03,0,0
179,PAYMENT,4074.25,C8776092133,14137.99,10063.74,M402703947,954.21,5028.46,0,0
418,TRANSFER,274.81,C6084299808,38410.65,38135.84,C9256315457,296.38,571.19,0,0
556,CASH_IN,200.65,C3133545547,48842.88,48642.23,C5863167037,1590.46,1791.11,0,0
78,PAYMENT,29.87,C8431131709,175.23,145.36,M694552090,1649.07,1678.94,0,0
326,CASH_IN,50.04,C4954784912,41633.56,41583.52,C6795708605,10279.27,10329.31,0,0
690,TRANSFER,556.09,C1278951201,3969.65,3413.56,C1238541156,69.08,625.17,0,0
357,TRANSFER,15.2,C9386021989,297.47,282.27,C6466428784,8.64,23.84,0,0
416,TRANSFER,1601.11,C5604805214,62.77,0.0,C9543827101,13530.42,15131.53,0,0
515,PAYMENT,141.23,C8692521905,148.99,7.76,M780523004,5019.1,5160.33,0,0
214,PAYMENT,182.59,C8661072696,2726.92,2544.33,M903616130,75.69,258.28,0,0
74,CASH_OUT,1295.08,C3341334965,321.04,0.0,M354404268,127.38,1422.46,0,0
563,PAYMENT,268.23,C7831295202,2714.0,2445.77,M613313722,513.38,781.61,0,0
579,TRANSFER,4727.5,C2492259621,65.52,0.0,C1143703016,447.92,5175.42,0,0
509,CASH_IN,6.68,C9553062187,166.59,159.91,C3524739016,43.98,50.66,0,0
332,PAYMENT,2000.0,C8417109226,875.9,0.0,M724827694,2643.58,4643.58,0,0
93,PAYMENT,423.34,C2302675157,713.21,289.87,M309295989,659.24,1082.58,0,0
688,CASH_OUT,108.23,C1971294262,45.04,0.0,M681589160,12.23,120.46,0,0
657,PAYMENT,2691.85,C7058315229,227.55,0.0,M525200115,476.27,3168.12,0,0
519,CASH_IN,1304.59,C8089304091,14.01,0.0,C4394202628,1926.95,3231.54,0,0
269,PAYMENT,636.94,C9043216452,1294.38,657.44,M790329766,101.58,738.52,0,0
376,CASH_OUT,243.19,C1973343904,49982.23,49739.04,M312481147,224.84,468.03,0,0
4,PAYMENT,98.4,C9469902574,161.53,63.13,M954739271,577.8,676.2,0,0
138,CASH_OUT,46.62,C7548350715,101.14,54.52,M313957739,3.42,50.04,0,0
231,TRANSFER,6197.31,C9797661072,12791.67,6594.36,C5901619694,246.86,6444.17,0,0
600,PAYMENT,2107.95,C8746984625,58.74,0.0,M558311711,922.55,3030.5,0,0
529,CASH_IN,1258.04,C7116338069,13545.8,12287.76,C8202128303,527.87,1785.91,0,0
52,CASH_OUT,171.74,C5710018318,54.33,0.0,M705287222,11837.77,12009.51,0,0
646,CASH_OUT,23571.32,C2840136278,450.92,0.0,M220879046,2434.03,26005.35,0,0
723,PAYMENT,100.6,C7992136289,600.14,499.54,M248962400,144.12,244.72,0,0
325,CASH_IN,189.4,C1526908523,6380.55,6191.15,C3915642541,,511.74,0,0
731,PAYMENT,15152.31,C7732668723,118277.33,103125.02,M193746463,969.48,16121.79,0,0
717,CASH_OUT,363.28,C5030798302,461.26,97.98,M952219952,0.52,363.8,0,0
723,CASH_OUT,13045.77,C7238620143,1046.93,0.0,M734307695,7.66,13053.43,0,0
277,PAYMENT,860.22,C8017746647,15.27,0.0,M416853468,361.8,1222.02,0,0
536,CASH_OUT,144.09,C4486391484,990.23,846.14,M582192651,36610.1,36754.19,0,0
486,CASH_OUT,272.7,C6934821698,19672.23,19399.53,M740644341,240.53,513.23,0,0
516,PAYMENT,96.2,C3330540589,403189.8,403093.6,M793008933,5132.84,5229.04,0,0
152,CASH_OUT,1614.31,C3983959422,446.58,0.0,M418488961,,1625.58,0,0
483,CASH_OUT,4655.38,C2075934279,6581.53,1926.15,M899204135,122.97,4778.35,0,0
259,CASH_OUT,1027.26,C5479514110,19806.45,18779.19,M124522813,63.04,1090.3,0,0
324,DEBIT,711.42,C5537380427,30.09,0.0,M854957714,830.45,1541.87,0,0
168,PAYMENT,50.48,C2527875235,38043.14,37992.66,M450045365,3601.29,3651.77,0,0
688,CASH_IN,3593.15,C7605774812,145.84,0.0,C6371981604,234.25,3827.4,0,0
310,CASH_OUT,2164.17,C5069093990,2124.86,0.0,M756028616,155.0,2319.17,0,0
479,CASH_IN,703.58,C7529325444,46.65,0.0,C3007399444,,12998.46,0,0
56,CASH_OUT,220.8,C9030156580,438.68,217.88,M589444767,95218.53,95439.33,0,0
620,PAYMENT,440.46,C3683122755,16.11,0.0,M709679571,137.33,577.79,0,0
473,CASH_IN,65.38,C2523604254,2135.17,2069.79,C6564766827,321.93,387.31,0,0
296,CASH_IN,21.14,C4538639578,50871.27,50850.13,C9437610794,782.65,803.79,0,0
461,CASH_IN,221.47,C1991691980,1190.48,969.01,C2540051700,1087.81,1309.28,0,0
324,CASH_IN,72.24,C3388492770,29.81,0.0,C6173364799,723.89,796.13,0,0
141,CASH_OUT,146.16,C2881262472,470.59,324.43,M692289613,2.59,148.75,0,0
667,PAYMENT,152.03,C8150678673,1870.66,1718.63,M489557784,1167.0,1319.03,0,0
262,PAYMENT,345.14,C3869061116,761.92,416.78,M462263772,51776.21,52121.35,0,0
420,CASH_IN,302.66,C4586671226,5984.19,5681.53,C6681861157,6.97,309.63,0,0
241,CASH_OUT,1.0,C1406360182,169228.28,169227.28,M505919485,7.37,8.37,0,0
355,TRANSFER,809.0,C2081260301,946.6,137.6,C1985303598,16.25,825.25,0,0
589,PAYMENT,524.79,C1204116412,791.86,267.07,M944404580,1944.8,2469.59,0,0
180,PAYMENT,2758.09,C3792604565,180.74,0.0,M581389412,4.57,2762.66,0,0
66,CASH_OUT,263.06,C3952569443,14404.72,14141.66,M576306784,7054.94,7318.0,0,0
348,PAYMENT,3529.34,C4826904428,130181.83,126652.49,M152207197,28.41,3557.75,0,0
171,CASH_IN,297.06,C2609007441,682.26,385.2,C5434759294,3136.31,3433.37,0,0
474,PAYMENT,796.44,C1556766285,2072.64,1276.2,M330716929,94.2,890.64,0,0
534,TRANSFER,64.44,C9363533813,1646.8,1582.36,C1207448507,64.8,129.24,0,0
367,CASH_IN,3913.39,C8808956859,160.68,0.0,C3325007381,1390.11,5303.5,0,0
107,PAYMENT,5431.63,C5918896178,6846.95,1415.32,M890569013,1719.16,7150.79,0,0
439,CASH_IN,17441.91,C6736229198,991.01,0.0,C8356203204,59.3,17501.21,0,0
227,PAYMENT,136.34,C6257901824,1934.54,1798.2,M222009394,775.75,912.09,0,0
444,PAYMENT,1163.71,C2998974809,12266.03,11102.32,M477427566,2110.37,3274.08,0,0
442,CASH_OUT,22.66,C1039520937,484.55,461.89,M806254800,3.71,26.37,0,0
396,PAYMENT,9.26,C4768990863,1386.39,1377.13,M187609185,339.3,348.56,0,0
728,PAYMENT,1244.98,C1697047603,178.83,0.0,M964764907,324.35,1569.33,0,0
581,CASH_IN,321.93,C7446092322,71.58,0.0,C3831259192,4.06,325.99,0,0
84,CASH_OUT,30.87,C8628396971,1485.24,1454.37,M909405481,395.69,426.56,0,0
615,CASH_OUT,577.24,C3600369233,1843.23,1265.99,M266200172,350.12,927.36,0,0
551,PAYMENT,2610.46,C7168747657,11023.67,8413.21,M346394641,3181.87,5792.33,0,0
13,CASH_OUT,457.69,C2915715915,162.67,0.0,M172305713,1296.44,1754.13,0,0
693,CASH_IN,4707.7,C9963449017,79.47,0.0,C6304192591,13577.35,18285.05,0,0
493,CASH_IN,107.61,C8917508136,93333.81,93226.2,C3451947309,1023.46,1131.07,0,0
268,PAYMENT,3517.44,C2755147349,1522.29,0.0,M801030565,35.17,3552.61,0,0
525,CASH_IN,187.25,C8142763741,35.07,0.0,C8821798149,130.36,317.61,0,0
120,PAYMENT,4723.62,C8229728736,954.75,0.0,M963630084,4933.67,9657.29,0,0
353,PAYMENT,31.74,C7757804909,212.27,180.53,M555828937,,3163.48,0,0
57,CASH_OUT,640.0,C6859179176,2685.38,2045.38,M299857477,2544.01,3184.01,0,0
40,PAYMENT,637.3,C9885514519,386.3,0.0,M471355272,3277.92,3915.22,0,0
336,CASH_IN,1047.57,C7268653962,24156.07,23108.5,C6433614111,884.32,1931.89,0,0
640,CASH_OUT,199.77,C8045537452,42.52,0.0,M416365711,590.06,789.83,0,0
173,PAYMENT,956.57,C7809705510,26789.96,25833.39,M160675152,272.26,1228.83,0,0
547,CASH_OUT,271.35,C2746126903,7028.8,6757.45,M539192671,5378.45,5649.8,0,0
259,CASH_OUT,140.73,C5553279884,2457.91,2317.18,M953526943,903.62,1044.35,0,0
517,CASH_OUT,6823.89,C8020113910,14561.74,7737.85,M804251523,2.63,6826.52,0,0
730,CASH_OUT,471.57,C4346640453,22895.83,22424.26,M154834358,1049.12,1520.69,0,0
523,TRANSFER,19.54,C8405845747,1100.32,1080.78,C2003399557,3924.66,3944.2,0,0
117,CASH_IN,105.0,C4852374719,64479.8,64374.8,C3313511790,46.28,151.28,0,0
184,CASH_OUT,7353.82,C5221121829,5138.93,0.0,M900565127,103.66,7457.48,0,0
116,CASH_IN,65.55,C7838576992,278.86,213.31,C4666595738,417.12,482.67,0,0
162,CASH_OUT,1189.98,C8508031187,37.84,0.0,M469536828,13423.67,14613.65,0,0
579,PAYMENT,100.58,C9120924098,16074.94,15974.36,M638234171,181.53,282.11,0,0
712,CASH_OUT,22.73,C7346088401,1095.08,1072.35,M233245909,187.38,210.11,0,0
543,CASH_OUT,1054.59,C8638187884,12.44,0.0,M806397629,1363.69,2418.28,0,0
587,CASH_IN,209.1,C9107823233,2524.22,2315.12,C4163972057,674.93,884.03,0,0
237,CASH_OUT,9672.64,C1038898371,575.28,0.0,M158122891,76.24,9748.88,0,0
66,CASH_IN,3831.79,C1376761307,205.25,0.0,C7500452024,455.28,4287.07,0,0
70,PAYMENT,5067.06,C4530271529,13667.9,8600.84,M635854446,462.94,5530.0,0,0
447,CASH_OUT,3402.19,C7362168081,153.04,0.0,M486102354,9528.03,12930.22,0,0
416,CASH_IN,1602.03,C2440107656,353.03,0.0,C7927806523,37.86,1639.89,0,0
532,PAYMENT,26.27,C3176938491,639.45,613.18,M977319871,495.56,521.83,0,0
441,CASH_OUT,252.67,C9946589658,13933.52,13680.85,M111095716,1621.17,1873.84,0,0
738,CASH_OUT,1543.41,C3650769913,58.19,0.0,M862517640,5906.77,7450.18,0,0
464,CASH_OUT,225.7,C2634352682,225.47,0.0,M847791518,90.33,316.03,0,0
396,TRANSFER,379.94,C8981939140,3174.68,2794.74,C5113978108,42368.43,42748.37,0,0
711,PAYMENT,1718.53,C8535205974,3789.86,2071.33,M776920257,6.1,1724.63,0,0
551,CASH_OUT,3334.62,C1078882117,65.67,0.0,M282124367,9.95,3344.57,0,0
657,CASH_IN,63.74,C3035962729,409.56,345.82,C6110660439,692.3,756.04,0,0
557,CASH_OUT,1540.84,C8123977473,817.87,0.0,M509849705,6.73,1547.57,0,0
395,CASH_OUT,1248.78,C4071442581,2252.81,1004.03,M640017321,83.53,1332.31,0,0
326,CASH_OUT,55.83,C8800705427,649.15,593.32,M709239443,1401.71,1457.54,0,0
91,PAYMENT,178.94,C5506359636,51375.3,51196.36,M584996397,14457.31,14636.25,0,0
70,CASH_OUT,544.23,C1079384763,857.17,312.94,M452470718,812.01,1356.24,0,0
166,PAYMENT,6502.2,C8673801409,47711.94,41209.74,M423947280,1039.78,7541.98,0,0
642,CASH_IN,176.0,C1668793315,342.97,166.97,C3304395924,2169.73,2345.73,0,0
214,CASH_OUT,930.12,C5160689521,20.05,0.0,M474103571,7.54,937.66,0,0
601,CASH_OUT,4177.77,C6280357711,583749.39,579571.62,M154054230,1870.26,6048.03,0,0
335,PAYMENT,16471.08,C9775680931,882.61,0.0,M699411343,407.12,16878.2,0,0
369,PAYMENT,635.02,C4477738641,2762.98,2127.96,M805405820,54.88,689.9,0,0
584,TRANSFER,5.82,C9614173405,29.21,23.39,C8951420561,36.48,42.3,0,0
677,PAYMENT,2557.62,C7286886632,2110.84,0.0,M636127852,328.71,2886.33,0,0
49,CASH_OUT,615.32,C9984930639,8552.01,7936.69,M273131482,3106.09,3721.41,0,0
52,CASH_OUT,74.45,C9782329145,62.55,0.0,M610089648,6105.89,6180.34,0,0
289,CASH_OUT,1672.59,C5014320931,767.78,0.0,M762323354,294.29,1966.88,0,0
626,PAYMENT,16825.7,C4545065276,942.6,0.0,M297338777,5519.41,22345.11,0,0
239,CASH_OUT,612.76,C6990947919,44.58,0.0,M855705307,26.85,639.61,0,0
133,CASH_OUT,15.74,C2969645059,63670.04,63654.3,M468187499,132.65,148.39,0,0
166,PAYMENT,7245.85,C4422388504,1.36,0.0,M427463776,29071.38,36317.23,0,0
374,CASH_OUT,422.12,C3304530756,5.23,0.0,M876845881,8024.69,8446.81,0,0
373,PAYMENT,1677.56,C7905544794,1430.51,0.0,M912590180,53.9,1731.46,0,0
478,CASH_OUT,456.7,C3268159434,91.17,0.0,M138508626,2582.06,3038.76,0,0
479,TRANSFER,1004.59,C4714457862,5959.63,4955.04,C2051898887,97.62,1102.21,0,0
650,CASH_OUT,1527.47,C1939112026,462.16,0.0,M688260187,192.34,1719.81,0,0
591,TRANSFER,2026.16,C2059231858,2969.68,943.52,C1053081787,354.76,2380.92,0,0
682,CASH_OUT,540.95,C1905969974,35.96,0.0,M162671369,14.39,555.34,0,0
635,CASH_IN,88.13,C3985679673,405.94,317.81,C9066827487,858.91,947.04,0,0
688,CASH_OUT,594.29,C8202494935,362.74,0.0,M829273181,12521.49,13115.78,0,0
300,PAYMENT,1952.91,C1987064386,384651.14,382698.23,M825031990,277.97,2230.88,0,0
82,CASH_OUT,89.37,C4787327734,353.41,264.04,M346005876,102.11,191.48,0,0
87,PAYMENT,44.11,C7741676454,3.58,0.0,M499080586,93.77,137.88,0,0
225,PAYMENT,5802.57,C4023224084,17202.33,11399.76,M697603001,1.74,5804.31,0,0
16,PAYMENT,11886.55,C1882175766,595.59,0.0,M666901500,0.94,,0,0
358,PAYMENT,435.61,C2505619132,2150.93,1715.32,M493070886,42476.5,42912.11,0,0
163,CASH_OUT,1342.7,C2865948787,462.51,0.0,M686022045,133.05,1475.75,0,0
610,CASH_OUT,855.39,C6322149222,45.12,0.0,M993198860,40.54,895.93,0,0
668,PAYMENT,5.16,C5094786295,28778.65,28773.49,M928602487,,49.18,0,0
514,CASH_OUT,610.0,C5760632382,95.12,0.0,M412646491,346.53,956.53,0,0
350,CASH_OUT,7569.98,C8773411798,26.95,0.0,M963186291,218.34,7788.32,0,0
681,CASH_OUT,38.52,C5488762776,3553.91,3515.39,M118846818,1064.96,1103.48,0,0
464,CASH_OUT,32.08,C3429533140,1618.54,1586.46,M444149873,16.06,48.14,0,0
375,PAYMENT,93.63,C3546661479,15889.96,15796.33,M214098869,1208.99,1302.62,0,0
92,PAYMENT,156.29,C2823927683,2210.91,2054.62,M482764278,1710.55,1866.84,0,0
181,CASH_IN,1531.93,C7493650757,908.77,0.0,C7666511611,195.74,1727.67,0,0
743,PAYMENT,5660.58,C4266685355,10605.49,4944.91,M276111793,3118.13,8778.71,0,0
301,TRANSFER,5401.12,C7751620659,17.82,0.0,C4581104338,10765.14,16166.26,0,0
660,PAYMENT,1492.03,C4460442222,696.29,0.0,M492196739,199.51,1691.54,0,0
189,TRANSFER,16.74,C7378935430,102.89,86.15,C1912321827,348.97,365.71,0,0
314,CASH_IN,16.6,C8268974701,2064.5,2047.9,C1835000928,923.56,940.16,0,0
493,PAYMENT,1751.73,C3306798200,8427.48,6675.75,M676333436,2009.35,3761.08,0,0
128,PAYMENT,16.88,C8824747226,2202.19,2185.31,M174412285,2737.74,2754.62,0,0
519,CASH_OUT,1225.02,C3942055300,6450.69,5225.67,M447131105,2197.93,3422.95,0,0
426,CASH_OUT,702.74,C1332406201,24279.95,23577.21,M330094627,2521.33,3224.07,0,0
559,TRANSFER,159.67,C5104475810,3860.55,3700.88,C6131244128,628.0,787.67,0,0
565,TRANSFER,2.48,C5335882241,6997.04,6994.56,C1360166229,2917.93,2920.41,0,0
187,CASH_IN,603.99,C7339701922,118953.88,118349.89,C7590317403,2663.05,3267.04,0,0
550,CASH_IN,1122.95,C9186937572,805590.35,804467.4,C1559387279,289.79,1412.74,0,0
453,TRANSFER,132.66,C5214094730,740.85,608.19,C4848755597,10761.18,10893.84,0,0
471,PAYMENT,45.43,C5566383062,104.57,59.14,M483868436,11.09,56.52,0,0
738,PAYMENT,725.36,C9925233253,1.74,0.0,M954647572,580.25,1305.61,0,0
565,PAYMENT,22.1,C7724177066,134848.81,134826.71,M198102593,1120.3,1142.4,0,0
224,PAYMENT,1385.37,C3528252492,264.88,0.0,M206023314,383.38,1768.75,0,0
154,CASH_OUT,3333.19,C9806156423,3486.44,153.25,M415006739,37325.22,40658.41,0,0
560,PAYMENT,8.0,C6190410244,5710.81,5702.81,M473625858,317.89,325.89,0,0
351,PAYMENT,140.29,C9872459263,8214.22,8073.93,M421644882,,13270.93,0,0
147,PAYMENT,365.94,C7482970979,585.71,219.77,M161551502,109.18,475.12,0,0
576,CASH_IN,388.08,C5713483445,7994.51,7606.43,C9142319509,252.34,640.42,0,0
349,CASH_OUT,69.55,C8328697300,4252.72,4183.17,M123376696,766.11,835.66,0,0
182,CASH_OUT,27.87,C2335261185,201.33,173.46,M437845980,289.27,317.14,0,0
637,CASH_IN,160.73,C7640879610,63961.81,63801.08,C2461763850,21.26,181.99,0,0
179,PAYMENT,1462.99,C3491322712,5955.82,4492.83,M405954689,1013.25,2476.24,0,0
39,CASH_OUT,1262.63,C1728647652,44.28,0.0,M649372014,494.41,1757.04,0,0
3,PAYMENT,1293.88,C5812627585,433.13,0.0,M962066901,94.33,1388.21,0,0
64,PAYMENT,4924.51,C5218009705,409.49,0.0,M980700432,,4926.17,0,0
29,TRANSFER,49.67,C8192884625,263.69,214.02,C7469205294,8.68,58.35,0,0
372,PAYMENT,189.44,C8675238546,5055.27,4865.83,M430681581,9.75,199.19,0,0
523,CASH_OUT,278.75,C2724373472,27663.26,27384.51,M231955318,345.16,623.91,0,0
97,PAYMENT,1.26,C6508828194,71.12,69.86,M405938114,6462.56,6463.82,0,0
442,CASH_IN,631.74,C5503919826,449.07,0.0,C7428615730,62.86,694.6,0,0
203,PAYMENT,380.19,C6818483247,19256.49,18876.3,M445534331,1811.1,2191.29,0,0
411,CASH_IN,41.57,C8991675716,134.28,92.71,C9562628819,30.7,72.27,0,0
21,CASH_OUT,2304.42,C8514381102,184.15,0.0,M673278056,220.69,2525.11,0,0
551,CASH_IN,2030.85,C1456511989,3.93,0.0,C4429976421,195.97,2226.82,0,0
735,CASH_IN,897.54,C8996490268,7494.12,6596.58,C9295401760,463.89,1361.43,0,0
102,CASH_IN,13.23,C9224816929,1818.24,1805.01,C6537663134,242.15,255.38,0,0
46,CASH_OUT,57.63,C2806718087,475.66,418.03,M957730444,457.73,515.36,0,0
66,CASH_IN,741.05,C1757933823,19.81,0.0,C3810299094,3054.01,3795.06,0,0
603,PAYMENT,137.84,C2059660127,465.49,327.65,M558141219,1468.09,1605.93,0,0
164,CASH_IN,254.26,C1673330331,8.96,0.0,C4179896856,697.33,951.59,0,0
111,PAYMENT,44.6,C6263729383,707.42,662.82,M436318831,640.14,684.74,0,0
338,CASH_OUT,592.18,C4728461989,133496.85,132904.67,M209999511,56.79,648.97,0,0
123,CASH_OUT,8181.09,C1302605543,1790.96,0.0,M301326810,125.87,8306.96,0,0
705,PAYMENT,770.84,C3415096240,23886.97,23116.13,M276878560,487.08,1257.92,0,0
447,PAYMENT,2814.36,C4755864284,28665.49,25851.13,M576755858,634.94,3449.3,0,0
611,PAYMENT,2333.74,C2497837293,292.81,0.0,M331192988,20.52,2354.26,0,0
291,PAYMENT,197.08,C8722139471,5147.02,4949.94,M792356188,1.84,198.92,0,0
671,CASH_IN,278.35,C8952363037,1.19,0.0,C2042114237,372.31,650.66,0,0
412,CASH_OUT,7641.93,C7250340966,2215.13,0.0,M203076138,34.54,7676.47,0,0
615,CASH_OUT,1745.99,C3408965403,16141.27,14395.28,M718917392,13052.65,14798.64,0,0
281,CASH_IN,2756.57,C5807383423,4048.43,1291.86,C4713820256,2171.52,4928.09,0,0
43,PAYMENT,562.96,C6819433883,447.3,0.0,M236591137,1743.16,2306.12,0,0
486,PAYMENT,184.21,C9981896019,25317.26,25133.05,M319320461,14.26,198.47,0,0
596,PAYMENT,234.98,C1153406430,18831.94,18596.96,M231442939,3592.88,3827.86,0,0
703,PAYMENT,6339.53,C4958334791,969.63,0.0,M731586713,84.03,6423.56,0,0
51,CASH_OUT,402.78,C8947462756,45567.82,45165.04,M310945553,2732.4,3135.18,0,0
210,PAYMENT,4891.71,C6499789851,4004.42,0.0,M108508307,3498.05,8389.76,0,0
126,DEBIT,6702.74,C5820791301,19.6,0.0,M908444102,8.08,6710.82,0,0
492,PAYMENT,2543.3,C7839711486,2441.92,0.0,M299799581,33.49,2576.79,0,0
509,CASH_OUT,2012.82,C6161338818,182.71,0.0,M256275868,15604.34,17617.16,0,0
581,CASH_IN,12013.77,C3264661592,3798.64,0.0,C3984696897,9.86,12023.63,0,0
258,PAYMENT,74.35,C3575846378,0.12,0.0,M709458068,1549.67,1624.02,0,0
188,CASH_OUT,176.87,C2906165448,59003.08,58826.21,M283498185,28.33,205.2,0,0
230,CASH_IN,32.5,C3569810632,17889.2,17856.7,C8314619429,7457.09,7489.59,0,0
189,CASH_OUT,20.19,C2927737059,58405.16,58384.97,M978740064,231.49,251.68,0,0
415,TRANSFER,369.21,C6784155093,1068.97,699.76,C7454381243,337.33,706.54,0,0
10,PAYMENT,690.31,C3101896909,19740.59,19050.28,M414095444,7051.44,7741.75,0,0
114,CASH_IN,1108.45,C2830839895,1861.09,752.64,C4415340727,26995.41,28103.86,0,0
76,PAYMENT,100.03,C2047463368,93.76,0.0,M538928475,303.85,403.88,0,0
676,CASH_OUT,176.6,C9407273617,144.27,0.0,M880923705,1505.24,1681.84,0,0
502,PAYMENT,2193.99,C5128154872,462.67,0.0,M144775752,375.54,2569.53,0,0
85,TRANSFER,21.74,C2575200268,24964.84,24943.1,C3624846185,34420.03,34441.77,0,0
49,CASH_IN,413.79,C9975822312,22946.3,22532.51,C9494453046,16054.76,16468.55,0,0
495,PAYMENT,5496.59,C1091525335,217.66,0.0,M131424284,533.46,6030.05,0,0
689,DEBIT,237.17,C1326023105,6594.88,6357.71,M351669871,2004.99,2242.16,0,0
387,CASH_OUT,173.76,C1134846988,1142.07,968.31,M892507218,6004.97,6178.73,0,0
389,CASH_OUT,4844.83,C2968531725,103.42,0.0,M679165045,,4922.25,0,0
218,CASH_OUT,23.87,C5630365320,57.17,33.3,M538972703,269.64,293.51,0,0
701,CASH_IN,80.8,C9283456233,615.41,534.61,C3462429870,5060.18,5140.98,0,0
346,CASH_IN,87.25,C1672301012,11308.19,11220.94,C6166377696,14.63,101.88,0,0
230,PAYMENT,1617.16,C5642670295,308.78,0.0,M886279085,2030.14,3647.3,0,0
255,CASH_IN,16.31,C4744049139,7906.09,7889.78,C6345879820,1603.64,1619.95,0,0
236,CASH_IN,4756.34,C7638647309,2381.19,0.0,C9422511900,68.76,4825.1,0,0
26,PAYMENT,382.52,C2408337049,18.27,0.0,M477631105,6324.48,6707.0,0,0
584,CASH_OUT,3266.88,C3027331811,166017.23,162750.35,M536815349,1136.31,4403.19,0,0
261,TRANSFER,4825.41,C7497311937,21749.32,0.0,C2098813366,79.28,79.28,1,0
271,CASH_OUT,83.83,C2445540819,32.42,0.0,M334569392,12.01,95.84,0,0
123,PAYMENT,418.5,C7375126391,2975.51,2557.01,M228696514,127.7,546.2,0,0
656,CASH_OUT,255.66,C2109564318,43907.15,43651.49,M527692725,39.79,295.45,0,0
257,CASH_OUT,353.93,C8974572979,3060.26,2706.33,M554659165,115.6,469.53,0,0
656,PAYMENT,129.13,C7774044748,388.93,259.8,M748228593,139.18,268.31,0,0
421,CASH_OUT,3745.58,C5338511059,806.61,0.0,M363809428,7958.97,11704.55,0,0
259,TRANSFER,278.07,C1800902793,585.33,307.26,C3148459596,15.02,293.09,0,0
47,PAYMENT,206.8,C2520009804,769.84,563.04,M739875643,28.06,234.86,0,0
525,PAYMENT,3816.52,C9361143576,18233.24,14416.72,M232811330,138.8,3955.32,0,0
208,CASH_IN,2148.11,C9806648518,3574.68,1426.57,C5380016131,258844.03,260992.14,0,0
311,PAYMENT,717.01,C3819238452,126.77,0.0,M368897124,7.98,724.99,0,0
149,CASH_IN,184.05,C5173847278,555.12,371.07,C8376517477,2.49,186.54,0,0
438,CASH_OUT,7549.38,C4314659104,406.91,0.0,M686196366,9854.29,17403.67,0,0
155,CASH_OUT,48.73,C9561858191,2260.41,2211.68,M626018747,112.62,,0,0
678,CASH_OUT,3445.3,C1991136848,67.2,0.0,M202268712,52.56,3497.86,0,0
90,CASH_IN,1412.2,C4153493264,25.35,0.0,C1384662860,1031.46,2443.66,0,0
698,TRANSFER,32.05,C8573803977,107.8,75.75,C7735205433,2288.2,2320.25,0,0
358,CASH_OUT,467.69,C9945656478,22.18,0.0,M237218065,3205.51,3673.2,0,0
174,CASH_IN,28.75,C7692094644,24.08,0.0,C6017340776,1656.32,1685.07,0,0
217,CASH_OUT,201.18,C8967345063,23412.63,23211.45,M678311744,70.34,271.52,0,0
456,CASH_OUT,706.5,C5540201225,795.12,88.62,M116021727,2097.05,2803.55,0,0
609,PAYMENT,53.06,C3269934594,2778.65,2725.59,M309945324,1103.66,1156.72,0,0
629,CASH_OUT,3.69,C6317780616,1276.65,1272.96,M905008320,11509.72,11513.41,0,0
199,PAYMENT,312.47,C3520224978,1468.52,1156.05,M483156019,15840.69,16153.16,0,0
486,PAYMENT,619.62,C3398898362,2313.02,1693.4,M599373487,42.0,661.62,0,0
533,CASH_IN,189.81,C6741607552,4764.98,4575.17,C6737313384,27882.94,28072.75,0,0
200,PAYMENT,391.2,C1787027466,2760.54,2369.34,M563822481,128.93,520.13,0,0
371,PAYMENT,281.68,C9757861894,1168168.34,1167886.66,M541512588,11.34,293.02,0,0
448,PAYMENT,52.7,C9348778499,84.51,31.81,M601884376,25842.41,,0,0
248,CASH_OUT,19815.82,C8002853627,77.48,0.0,M118861004,3116.87,22932.69,0,0
264,CASH_IN,760.5,C5892699122,279.3,0.0,C2466942070,2.83,763.33,0,0
58,CASH_OUT,172.15,C8327474923,40.15,0.0,M806394020,113.97,286.12,0,0
302,CASH_OUT,77.51,C7522934899,533.51,456.0,M697411805,67.49,145.0,0,0
31,PAYMENT,182.16,C2365409542,100.35,0.0,M725959649,96.69,278.85,0,0
498,CASH_IN,194.43,C9116061949,1344.33,1149.9,C7252493646,42426.79,42621.22,0,0
249,CASH_OUT,435.42,C8705826198,1317.57,882.15,M236768185,236.74,672.16,0,0
605,CASH_OUT,3993.46,C5837350969,42.0,0.0,M329473194,122.18,4115.64,0,0
271,CASH_OUT,80.71,C4256250985,7450.82,7370.11,M950496919,5151.71,5232.42,0,0
606,PAYMENT,575.62,C1505172354,147.61,0.0,M860972326,121.81,697.43,0,0
666,PAYMENT,1996.75,C3644640647,105.13,0.0,M570675514,158237.75,160234.5,0,0
394,CASH_OUT,104.83,C6128705243,3289.11,3184.28,M160768968,668.21,773.04,0,0
502,CASH_IN,103.63,C4549713485,1096.73,993.1,C1006855457,4607.91,4711.54,0,0
592,CASH_IN,19.72,C3135838756,1100.21,1080.49,C2263770357,52466.08,52485.8,0,0
84,CASH_IN,11642.55,C6904387433,91.67,0.0,C7537823403,53.26,11695.81,0,0
365,PAYMENT,1114.15,C9091662792,67.85,0.0,M769637896,2824.23,3938.38,0,0
549,PAYMENT,128.93,C5642309316,8053.69,7924.76,M256406745,103.36,232.29,0,0
342,PAYMENT,118.23,C7616230401,911.99,793.76,M117648808,675.95,794.18,0,0
407,PAYMENT,51.28,C2253902607,1944.69,1893.41,M668927054,3.59,54.87,0,0
425,CASH_OUT,552.36,C6848507923,1605.97,1053.61,M854971882,106.49,658.85,0,0
93,PAYMENT,203.51,C3298363168,5968.02,5764.51,M854629287,12246.39,12449.9,0,0
614,PAYMENT,64.41,C2902956995,949.9,885.49,M744926521,3140.84,3205.25,0,0
412,CASH_OUT,86.19,C1595463359,614.09,527.9,M910079459,190.32,276.51,0,0
432,CASH_OUT,1722.33,C3605140184,6586.9,4864.57,M896769870,,2254.58,0,0
678,CASH_OUT,188.13,C6221860362,292631.33,292443.2,M117145209,2640.56,2828.69,0,0
159,CASH_IN,34.6,C1040741342,49.15,14.55,C9328002679,2819.09,2853.69,0,0
14,CASH_OUT,459.14,C9512208892,278.22,0.0,M852172485,1157.59,1616.73,0,0
373,CASH_IN,102.26,C1907208414,2281.13,2178.87,C6390868202,5061.99,5164.25,0,0
225,PAYMENT,1468.72,C4499128807,4.76,0.0,M942337569,262.29,1731.01,0,0
505,CASH_IN,8216.37,C8650344661,17604.82,9388.45,C9368402559,10.4,8226.77,0,0
73,PAYMENT,8.37,C4028001388,8001.05,7992.68,M544390849,36.08,44.45,0,0
249,TRANSFER,98.11,C5750669867,1182.2,1084.09,C4755785391,132.19,230.3,0,0
511,CASH_OUT,532.21,C6805771413,3518.98,2986.77,M915775375,3.14,535.35,0,0
603,PAYMENT,346.23,C8840829687,47436.19,47089.96,M288031428,24.53,370.76,0,0
216,CASH_OUT,4933.0,C3422474337,2259.69,0.0,M393018226,35.48,4968.48,0,0
602,PAYMENT,388.15,C4280762168,46.39,0.0,M571116715,15.45,403.6,0,0
541,PAYMENT,607.1,C4675109095,12101.44,11494.34,M968825814,6.43,613.53,0,0
220,PAYMENT,954.95,C9696300968,11116.24,10161.29,M383246979,30318.94,31273.89,0,0
727,PAYMENT,103.37,C5512608014,1845.69,1742.32,M726033502,4087.13,4190.5,0,0
221,CASH_OUT,1130.48,C9127527005,757399.33,756268.85,M951573458,205.94,1336.42,0,0
389,PAYMENT,907.91,C7718518457,843.74,0.0,M324373447,616.81,1524.72,0,0
554,PAYMENT,495.91,C7052442158,12.36,0.0,M340244325,141.89,637.8,0,0
647,CASH_OUT,8.71,C8177333251,2097.7,2088.99,M449764515,137.03,145.74,0,0
42,TRANSFER,88.06,C4257729376,1582.81,1494.75,C3493009680,3968.19,4056.25,0,0
676,TRANSFER,584.9,C6786621686,286882.45,0.0,C4109018564,698.74,698.74,1,0
283,CASH_IN,333.54,C9691466469,2675.39,2341.85,C5248920586,31.07,364.61,0,0
58,CASH_IN,1804.37,C3790129984,599.87,0.0,C8330956292,7016.9,8821.27,0,0
537,CASH_OUT,1833.44,C8631005043,47.55,0.0,M351474402,1175.62,3009.06,0,0
73,DEBIT,803.66,C3770418409,100665.31,99861.65,M466352630,3731.62,4535.28,0,0
129,PAYMENT,1834.0,C7867994409,3.66,0.0,M101423679,651.28,2485.28,0,0
599,CASH_OUT,1096.84,C2419985712,3544.87,2448.03,M987984126,491.44,1588.28,0,0
426,CASH_IN,140.81,C5588351908,7.22,0.0,C3215894884,289.13,429.94,0,0
665,CASH_OUT,398.76,C9540828511,528.77,130.01,M962724284,1498.63,1897.39,0,0
694,PAYMENT,44.8,C7128470942,450.98,406.18,M505629621,20.91,65.71,0,0
125,CASH_OUT,7996.73,C6486989956,197.08,0.0,M313465386,1554.88,9551.61,0,0
67,PAYMENT,32.82,C9460733667,434.76,401.94,M781309182,7.71,40.53,0,0
6,PAYMENT,6.24,C3566041925,1556.98,1550.74,M981271377,86.62,92.86,0,0
637,PAYMENT,28038.37,C8403088219,346.42,0.0,M495153060,14980.89,43019.26,0,0
314,CASH_OUT,335.05,C9831878514,816.28,481.23,M961106370,26.23,361.28,0,0
326,PAYMENT,2415.13,C7928035703,193.1,0.0,M840218657,97.26,2512.39,0,0
565,PAYMENT,1747.39,C8896500336,598.64,0.0,M940667351,111.11,1858.5,0,0
578,CASH_OUT,3264.29,C3074748384,12483.16,9218.87,M202896122,54.31,3318.6,0,0
506,TRANSFER,1315.89,C2905684667,345.99,0.0,C6594970579,220.95,1536.84,0,0
82,PAYMENT,1332.44,C8274968121,54368.46,53036.02,M332142407,582.24,1914.68,0,0
599,CASH_IN,3.74,C4582845231,12437.4,12433.66,C4742668283,13628.51,13632.25,0,0
2,CASH_OUT,58.72,C7025323542,8546.85,8488.13,M300918762,5306.09,5364.81,0,0
204,CASH_OUT,2.1,C5005308498,1117.08,1114.98,M304969883,1751.64,1753.74,0,0
662,CASH_OUT,78.27,C4519373058,101.74,23.47,M725789881,288.69,366.96,0,0
404,PAYMENT,138.92,C1660931154,1404.3,1265.38,M576057117,69.08,208.0,0,0
103,CASH_OUT,319.53,C8039417543,89068.87,88749.34,M141699131,1675.43,1994.96,0,0
536,PAYMENT,60.61,C1850606872,139.38,78.77,M239636917,1129.78,1190.39,0,0
368,PAYMENT,199.37,C6424058652,2286.08,2086.71,M395131571,1387.39,1586.76,0,0
212,CASH_OUT,143.2,C4763383233,113.34,0.0,M376855483,153.54,296.74,0,0
577,PAYMENT,804.99,C1406332617,400.57,0.0,M722217520,578.24,1383.23,0,0
209,TRANSFER,1841.34,C5874976277,2321.61,480.27,C4409518425,707.59,2548.93,0,0
117,CASH_OUT,619.19,C1582057460,2726.79,2107.6,M355970356,91.79,710.98,0,0
628,CASH_IN,1423.14,C9902972674,1469.87,46.73,C6832532261,6563.38,7986.52,0,0
478,CASH_IN,590.92,C9510758315,4995.1,4404.18,C2666841026,7.57,598.49,0,0
105,PAYMENT,4332.96,C4672866647,3415.15,0.0,M523518360,76.64,4409.6,0,0
495,CASH_IN,16785.89,C1297159848,483.12,0.0,C4769816127,44.82,16830.71,0,0
46,TRANSFER,3.03,C1617075209,6689.83,6686.8,C3509416499,154.96,157.99,0,0
331,PAYMENT,3890.95,C6421610373,97.8,0.0,M596183474,99.27,3990.22,0,0
216,PAYMENT,30.59,C4328660913,574.7,544.11,M893220337,95.0,125.59,0,0
492,PAYMENT,584.99,C9212812154,343.45,0.0,M178988145,3046.18,3631.17,0,0
449,PAYMENT,680.42,C1692731458,2781.68,2101.26,M397202932,717.67,1398.09,0,0
536,CASH_OUT,1362.22,C1815256078,2.88,0.0,M388866630,50.34,1412.56,0,0
511,TRANSFER,364.36,C5551152128,404.01,39.65,C1253461485,1494.03,1858.39,0,0
458,CASH_IN,399.51,C3943915866,3434.16,3034.65,C3909010225,,1603.13,0,0
547,CASH_OUT,801.75,C7852254326,526988.79,526187.04,M409404299,3.55,805.3,0,0
536,CASH_OUT,201.89,C2778874789,1241.81,1039.92,M544523747,123.95,325.84,0,0
540,TRANSFER,9.03,C2459531169,73.32,64.29,C8670792978,1859.84,1868.87,0,0
484,CASH_OUT,402.02,C8956267977,5919.24,5517.22,M987188981,1031.33,1433.35,0,0
16,PAYMENT,90.23,C9379251783,200.2,109.97,M344385779,1798.56,1888.79,0,0
571,CASH_OUT,76.05,C3349625410,36.79,0.0,M771758261,51.58,127.63,0,0
243,CASH_OUT,62.61,C2939501636,1731.42,1668.81,M437459570,1071.1,1133.71,0,0
207,CASH_OUT,7.83,C6776167014,29925.97,29918.14,M221168646,4.84,12.67,0,0
271,PAYMENT,181.39,C4491765537,147.77,0.0,M388387326,243.02,424.41,0,0
705,CASH_OUT,404.07,C6250561140,646.43,242.36,M969623107,30629.96,31034.03,0,0
730,PAYMENT,1874.36,C3214189704,6198.86,4324.5,M444548182,3635.01,5509.37,0,0
115,PAYMENT,123.78,C7841957283,14140.32,14016.54,M446753628,643.4,767.18,0,0
580,PAYMENT,9461.94,C4217418112,38776.47,29314.53,M780541864,98.79,9560.73,0,0
299,CASH_IN,1296.62,C7552535940,191.88,0.0,C3781854033,9140.39,10437.01,0,0
483,PAYMENT,42.86,C1726622032,802.01,759.15,M937356516,396.48,439.34,0,0
397,PAYMENT,151.93,C8385537490,4.84,0.0,M224138974,148.85,300.78,0,0
394,PAYMENT,22996.27,C1025573282,408.82,0.0,M417042603,11613.75,34610.02,0,0
75,PAYMENT,1844.39,C1507624837,79.71,0.0,M704404899,474.15,2318.54,0,0
482,TRANSFER,140.64,C9118106781,1558.18,1417.54,C9713393442,977.58,1118.22,0,0
103,PAYMENT,2405.02,C7244378092,10040.1,7635.08,M614526816,11.29,2416.31,0,0
297,CASH_OUT,32.38,C2900672707,6158.6,6126.22,M269783233,116.51,148.89,0,0
178,CASH_IN,133.57,C8833453929,60.39,0.0,C2092095210,2496.52,2630.09,0,0
215,CASH_OUT,3.82,C2345158343,405.12,401.3,M504834084,349.12,352.94,0,0
315,CASH_OUT,1349.39,C8079731473,3473.04,2123.65,M386663959,301.79,1651.18,0,0
39,PAYMENT,39.21,C3326967901,1498.98,1459.77,M432559358,26.98,66.19,0,0
259,CASH_IN,343.38,C3559002291,188.9,0.0,C4397469385,3660.78,4004.16,0,0
716,PAYMENT,18.3,C5552747802,2797.77,2779.47,M659002524,160.86,179.16,0,0
7,CASH_IN,602.35,C9139245924,7445.41,6843.06,C8913134412,725.77,1328.12,0,0
49,PAYMENT,347.82,C5897456565,682.7,334.88,M584541728,12389.02,12736.84,0,0
538,CASH_OUT,21.16,C6549437214,92.2,71.04,M702670120,30120.81,30141.97,0,0
161,DEBIT,155.29,C5129561833,2816.54,2661.25,M965403648,55.21,210.5,0,0
176,PAYMENT,526.58,C5901174650,126.96,0.0,M640967998,189.87,716.45,0,0
591,CASH_IN,982.76,C2988649216,29907.52,28924.76,C2507867257,1738.47,2721.23,0,0
2,CASH_IN,9572.06,C9299650959,1.5,0.0,C9029633615,74.79,9646.85,0,0
455,TRANSFER,4608.92,C8596034237,486.78,0.0,C1623591934,4864.5,9473.42,0,0
644,CASH_OUT,100.47,C4305824751,118.43,17.96,M230256437,2098.3,2198.77,0,0
276,CASH_OUT,98.05,C1091197767,6507.51,6409.46,M301593861,1882.95,1981.0,0,0
498,CASH_IN,23.07,C1789766824,39463.92,39440.85,C9745242041,236.77,259.84,0,0
629,PAYMENT,53.54,C7707539860,213.66,160.12,M666898648,493.98,547.52,0,0
676,PAYMENT,2253.66,C7193574810,105.15,0.0,M188311031,1451.51,3705.17,0,0
28,CASH_OUT,16.81,C4377714078,5485.15,5468.34,M746659217,,679.12,0,0
333,CASH_OUT,295.94,C8286832643,12.5,0.0,M799173700,9.44,305.38,0,0
1,PAYMENT,220.72,C2958608374,2030.92,1810.2,M833604582,12026.26,12246.98,0,0
188,CASH_OUT,88.62,C6616937840,1007.87,919.25,M309051466,584.42,673.04,0,0
56,CASH_OUT,29.83,C3239303956,634.5,604.67,M360113965,423.14,452.97,0,0
547,CASH_OUT,9.13,C1383828150,134.67,125.54,M157794928,8637.12,8646.25,0,0
112,CASH_OUT,30.37,C3538291722,5.6,0.0,M982816866,315.47,345.84,0,0
310,CASH_IN,341.65,C9874717674,12513.92,12172.27,C8955723913,32.32,373.97,0,0
36,CASH_IN,1333.17,C4842148222,5289.62,3956.45,C6731387158,187.62,1520.79,0,0
439,CASH_OUT,10136.14,C1292388013,948.98,0.0,M423299364,8491.42,18627.56,0,0
729,CASH_OUT,787.58,C1067805556,1946.48,1158.9,M171237719,36.71,824.29,0,0
592,PAYMENT,1320.22,C4930457125,752.39,0.0,M165142943,3.51,1323.73,0,0
595,CASH_OUT,10061.1,C8714900091,12778.35,2717.25,M426013600,94.96,10156.06,0,0
577,CASH_IN,793.66,C7462000676,667.25,0.0,C3213154731,1252.55,2046.21,0,0
325,CASH_IN,2881.76,C9273161366,1013.24,0.0,C6617817671,7583.82,10465.58,0,0
640,CASH_IN,188.82,C7793863036,1584.87,1396.05,C2677492878,683.42,872.24,0,0
307,PAYMENT,1707.02,C6664384103,418.94,0.0,M321005285,161.7,1868.72,0,0
534,PAYMENT,614.0,C9406190893,869.67,255.67,M878113702,11.54,625.54,0,0
728,PAYMENT,248.72,C6158288812,789.12,540.4,M266896671,106.91,355.63,0,0
619,CASH_OUT,8905.32,C6001363758,197.75,0.0,M242656234,3.5,8908.82,0,0
109,CASH_OUT,36.37,C9282770535,101.27,64.9,M159758951,6008.33,6044.7,0,0
372,CASH_OUT,72.25,C5637116918,669.11,596.86,M764530718,27.71,99.96,0,0
357,PAYMENT,4252.27,C5184371654,514.38,0.0,M407597160,57.26,4309.53,0,0
181,CASH_OUT,2813.82,C6502764973,15463.25,12649.43,M156086467,17.1,2830.92,0,0
356,CASH_OUT,413.8,C1192843129,98.94,0.0,M836482701,269.46,683.26,0,0
676,PAYMENT,795.83,C7431313613,271.81,0.0,M886271245,821.8,1617.63,0,0
68,DEBIT,1135.43,C1691423824,1739.42,603.99,M766676530,6182.61,7318.04,0,0
292,CASH_OUT,837.17,C5375025529,2967.55,2130.38,M791029545,338.31,1175.48,0,0
692,PAYMENT,653.48,C5239754977,774.55,121.07,M195453545,67.27,720.75,0,0
181,CASH_OUT,75.12,C4075954829,8486.39,8411.27,M877117260,4522.09,4597.21,0,0
466,TRANSFER,4800.45,C6951397205,844.59,0.0,C7588118558,959.18,5759.63,0,0
434,CASH_OUT,268.24,C5275498343,125.11,0.0,M306686225,366.6,634.84,0,0
464,CASH_IN,55.64,C7194975920,994.21,938.57,C7777569330,142.12,197.76,0,0
681,CASH_OUT,527.52,C6138649619,7065.4,6537.88,M607300515,40.38,567.9,0,0
534,CASH_IN,801.45,C2592891640,12468.85,11667.4,C7671202146,1918.33,2719.78,0,0
66,CASH_OUT,889.54,C4855288043,11628.97,10739.43,M534457580,350.2,1239.74,0,0
21,CASH_OUT,2823.04,C3537403316,1779.72,0.0,M918716520,8.86,2831.9,0,0
612,CASH_OUT,188.74,C6163419450,2114.33,1925.59,M448840698,218.81,407.55,0,0
384,CASH_OUT,354.14,C2420583988,4791.02,4436.88,M598783570,4073.83,4427.97,0,0
615,CASH_IN,74.6,C9204356433,18.71,0.0,C9804596833,115613.89,115688.49,0,0
559,PAYMENT,643.83,C6693116140,182.31,0.0,M271502459,211.33,855.16,0,0
39,PAYMENT,72.44,C4799289553,2313.93,2241.49,M688782828,2816.81,2889.25,0,0
285,TRANSFER,123.99,C9756148921,93.25,0.0,C8565627585,148.16,272.15,0,0
602,PAYMENT,2883.91,C7903280036,19510.12,16626.21,M366843627,525.08,3408.99,0,0
597,TRANSFER,530.04,C9351952296,15815.36,15285.32,C4107540813,906.73,1436.77,0,0
336,CASH_OUT,6968.34,C6326296315,282.91,0.0,M721818743,13649.33,20617.67,0,0
188,CASH_IN,4244.74,C6946373662,113.75,0.0,C6139894860,6699.33,10944.07,0,0
671,CASH_OUT,621.1,C5438517679,3213.3,2592.2,M637177106,1902.39,2523.49,0,0
243,PAYMENT,818.46,C3637682435,45.03,0.0,M298974541,,870.76,0,0
73,PAYMENT,250.39,C6566605281,1555.41,1305.02,M450297385,1412.7,1663.09,0,0
479,PAYMENT,3254.57,C7403727642,1297119.01,1293864.44,M891364713,17549.27,20803.84,0,0
561,PAYMENT,834.01,C7865735316,88.14,0.0,M149695704,1652.28,2486.29,0,0
101,PAYMENT,2487.72,C6262286867,155.19,0.0,M109808650,2316.25,4803.97,0,0
514,DEBIT,110.64,C6527102229,234.24,123.6,M731300770,582.52,693.16,0,0
176,TRANSFER,26.52,C5315104883,116.16,89.64,C7181712225,184.3,210.82,0,0
238,TRANSFER,1101.59,C7576373742,131.86,0.0,C2623915913,1548.22,2649.81,0,0
59,TRANSFER,1645.15,C5416567307,80617.9,78972.75,C5810617516,241.34,1886.49,0,0
99,CASH_IN,468.9,C1271791710,1282.82,813.92,C5551539778,8.01,476.91,0,0
495,TRANSFER,1283.35,C6422300090,10650.66,9367.31,C1882340483,11928.34,13211.69,0,0
514,CASH_IN,73.41,C2183639102,21995.31,21921.9,C2782275003,2150.74,2224.15,0,0
297,PAYMENT,2640.16,C1046145937,12.06,0.0,M328160752,2.96,2643.12,0,0
211,CASH_IN,4202.51,C3630951530,160.25,0.0,C6108168020,0.87,4203.38,0,0
123,TRANSFER,3106.85,C8344941549,113.62,0.0,C7241508863,249.96,3356.81,0,0
229,CASH_IN,516.95,C1930352867,1.52,0.0,C7413393030,1864.67,2381.62,0,0
594,PAYMENT,4328.55,C6168725811,3180.78,0.0,M803905405,89.53,4418.08,0,0
656,CASH_OUT,41.03,C5000469556,2343.08,2302.05,M956124819,42.82,83.85,0,0
388,CASH_IN,1270.22,C1605489814,29907.44,28637.22,C6835302961,278.0,1548.22,0,0
140,TRANSFER,1690.7,C4604986441,3587.83,1897.13,C5730233725,278.06,1968.76,0,0
541,PAYMENT,1099.36,C8173200605,1.62,0.0,M824858543,223.81,1323.17,0,0
391,CASH_OUT,61.51,C9024988345,189.61,128.1,M483617350,22.56,84.07,0,0
270,CASH_OUT,638.24,C7614719783,227.23,0.0,M882588951,618.87,1257.11,0,0
12,PAYMENT,241.72,C6467752749,3937.91,3696.19,M363358928,412.57,654.29,0,0
389,CASH_OUT,8.05,C6396220406,1.44,0.0,M933506406,9.5,17.55,0,0
337,PAYMENT,38.27,C6144773006,4272.3,4234.03,M954643716,1329.87,1368.14,0,0
506,TRANSFER,4115.5,C1757606289,7865.61,3750.11,C1449568689,157.55,4273.05,0,0
106,PAYMENT,182.03,C7940516644,586.71,404.68,M172686890,55.36,237.39,0,0
32,PAYMENT,3335.11,C4422722702,148.78,0.0,M924381140,621.19,3956.3,0,0
74,TRANSFER,3973.1,C8967554862,20856.02,16882.92,C3194983069,185.26,4158.36,0,0
171,PAYMENT,1202.89,C9212536524,34.5,0.0,M504035907,160.87,1363.76,0,0
69,CASH_OUT,118.05,C5276398835,19230.88,19112.83,M238846916,52.07,170.12,0,0
362,PAYMENT,2666.36,C5746346934,10630.31,7963.95,M507070076,791.87,3458.23,0,0
649,PAYMENT,618.39,C3094337751,4454.72,3836.33,M533071508,7994.3,8612.69,0,0
433,CASH_IN,441.13,C2065999240,102956.72,102515.59,C4087623673,334.53,775.66,0,0
100,TRANSFER,65.16,C1909078009,1144.05,1078.89,C3014666568,75.43,140.59,0,0
658,CASH_OUT,148.18,C7534239161,5179.74,5031.56,M709363935,3526.83,3675.01,0,0
9,CASH_OUT,67.08,C4938280933,972.46,905.38,M414247664,484.97,552.05,0,0
574,CASH_OUT,2746.99,C1746869788,491.26,0.0,M176303510,12.51,2759.5,0,0
697,CASH_IN,8679.67,C2197954547,4112.05,0.0,C2559911641,690.43,9370.1,0,0
29,CASH_IN,2559.0,C7361899670,513.71,0.0,C2962178259,73.84,2632.84,0,0
114,PAYMENT,600.55,C9281883395,1282.3,681.75,M666490486,2776.87,3377.42,0,0
462,PAYMENT,218.4,C6531490311,1299.82,1081.42,M567928286,3.14,221.54,0,0
143,TRANSFER,1046.11,C8497665254,398.58,0.0,C7454816980,301.54,1347.65,0,0
390,TRANSFER,175.19,C6774395505,6881.52,6706.33,C8465139435,6572.57,6747.76,0,0
632,CASH_OUT,378.9,C3749701256,13.09,0.0,M372070950,166.47,545.37,0,0
682,CASH_IN,78.03,C6550014889,192.9,114.87,C9779439293,288.59,366.62,0,0
157,PAYMENT,1482.2,C9629401464,96.15,0.0,M218091513,65.3,1547.5,0,0
335,CASH_OUT,1638.96,C5271872097,2363.59,724.63,M619996473,255.17,1894.13,0,0
260,PAYMENT,2484.21,C8869431246,605.3,0.0,M669004651,11.89,2496.1,0,0
82,CASH_OUT,1230.99,C8825789892,31.59,0.0,M153414942,18.61,1249.6,0,0
441,CASH_OUT,1070.56,C7080106839,3551.74,2481.18,M740012498,15.96,1086.52,0,0
172,PAYMENT,50.02,C4591070488,1936.64,1886.62,M146105703,14041.18,14091.2,0,0
231,PAYMENT,46.0,C3962702510,1201.32,1155.32,M171710403,9.65,55.65,0,0
720,PAYMENT,782.2,C1630160900,7720.49,6938.29,M332309364,53.3,835.5,0,0
75,PAYMENT,3647.49,C4012140216,4044.09,396.6,M519155005,8.36,3655.85,0,0
270,CASH_OUT,236.4,C8927825790,612.39,375.99,M961695423,17735.23,17971.63,0,0
626,CASH_IN,407.98,C8738806627,3104.35,2696.37,C3352043401,109.38,517.36,0,0
62,PAYMENT,416.54,C3957542523,33653.59,33237.05,M695699498,11.29,427.83,0,0
320,PAYMENT,10.11,C4625405603,747.35,737.24,M740822460,62.17,72.28,0,0
102,TRANSFER,652.52,C2103400814,24739.39,24086.87,C9557130614,37.66,690.18,0,0
429,CASH_OUT,134.33,C5895498475,125244.46,125110.13,M153551095,3918.65,4052.98,0,0
722,PAYMENT,1369.45,C9850468630,2502.53,1133.08,M172900588,228.15,1597.6,0,0
255,PAYMENT,378.92,C5876099868,88.8,0.0,M959315921,21.39,400.31,0,0
532,CASH_IN,281.88,C9273009303,521.52,239.64,C3753214856,14237.9,14519.78,0,0
570,CASH_IN,294.43,C5832325131,1647.58,1353.15,C3779378954,1617.23,1911.66,0,0
112,CASH_OUT,209.76,C9080652671,1153.31,943.55,M834653082,43.93,253.69,0,0
313,CASH_IN,26.49,C6899737247,1513.49,1487.0,C8683497101,1080.06,1106.55,0,0
461,CASH_OUT,2715.41,C9240421791,22867.31,20151.9,M258081162,8.53,2723.94,0,0
708,TRANSFER,113.54,C4271420747,130.95,17.41,C6502134746,5.02,118.56,0,0
462,CASH_OUT,158.3,C6264123960,2752.57,2594.27,M231479166,22.57,180.87,0,0
92,CASH_IN,472.54,C7544717853,10972.95,10500.41,C5690971405,2718.04,3190.58,0,0
52,CASH_OUT,43.33,C2092068940,585.85,542.52,M312096296,16644.8,16688.13,0,0
520,PAYMENT,148.69,C9251540774,84.36,0.0,M102722576,26.71,175.4,0,0
98,TRANSFER,18638.53,C3980426371,656.3,0.0,C3232047343,446.32,19084.85,0,0
236,CASH_IN,791.14,C9655466238,81.15,0.0,C8459423453,28143.77,28934.91,0,0
374,CASH_OUT,72.56,C4331680835,187.48,114.92,M707246934,2660.07,2732.63,0,0
581,PAYMENT,6.28,C4409562464,4691.45,4685.17,M242124824,94.38,100.66,0,0
557,CASH_OUT,2989.28,C6145695682,2123.7,0.0,M932387317,3942.9,6932.18,0,0
649,PAYMENT,53.29,C9818798368,6503.25,6449.96,M537485543,3755.39,3808.68,0,0
234,CASH_OUT,136.22,C9041289224,3675.89,3539.67,M474663574,48.73,184.95,0,0
32,CASH_OUT,175.48,C6595413086,655.22,479.74,M792521896,1.0,176.48,0,0
289,PAYMENT,64.96,C7113979277,87.8,22.84,M432945871,50.65,115.61,0,0
638,CASH_OUT,346.38,C8686033886,2463.14,2116.76,M207578591,226.22,572.6,0,0
579,PAYMENT,133.91,C5523285147,288.27,154.36,M491227690,20.46,154.37,0,0
542,CASH_OUT,1369.59,C2363431065,774.11,0.0,M374868169,158.01,1527.6,0,0
114,CASH_OUT,534.38,C2354073935,183.6,0.0,M321258808,29337.93,29872.31,0,0
204,CASH_IN,7074.54,C2378120704,10506.98,3432.44,C7446616190,1149.61,8224.15,0,0
29,CASH_OUT,7366.54,C9061018090,4.05,0.0,M482704800,21.67,7388.21,0,0
643,PAYMENT,59.76,C2783459048,3975.79,3916.03,M658642488,20.15,79.91,0,0
474,PAYMENT,209.76,C8012482594,1592.12,1382.36,M580689144,4014.99,4224.75,0,0
697,PAYMENT,29989.77,C7574266744,10068.33,0.0,M562043035,265.15,30254.92,0,0
253,PAYMENT,39.77,C9861808295,51.6,11.83,M104675634,1206.09,1245.86,0,0
386,PAYMENT,1988.73,C4468576846,977.38,0.0,M358467003,962.75,2951.48,0,0
62,CASH_OUT,1207.12,C6455332890,376.32,0.0,M618292455,343.04,1550.16,0,0
515,CASH_IN,73.85,C8367579991,738.44,664.59,C5565377698,157174.15,157248.0,0,0
430,TRANSFER,81.34,C7105613337,1146.03,1064.69,C3588376315,134.32,215.66,0,0
580,CASH_OUT,16153.43,C3167392405,330.66,0.0,M792423746,15.54,16168.97,0,0
537,PAYMENT,15520.32,C6249192335,836.74,0.0,M450353112,605.31,16125.63,0,0
691,CASH_OUT,953.21,C4800770447,24283.12,23329.91,M778988221,380.5,1333.71,0,0
141,CASH_OUT,25.22,C3620688726,40865.4,40840.18,M943576824,976.31,1001.53,0,0
743,CASH_OUT,4982.64,C5688124711,1991.84,0.0,M803294134,131.67,5114.31,0,0
300,PAYMENT,25.01,C3299818023,42884.74,42859.73,M539335258,142.1,167.11,0,0
675,CASH_OUT,1686.48,C1990850048,29.68,0.0,M590550933,10240.48,11926.96,0,0
311,TRANSFER,15.82,C4786465692,8200.36,8184.54,C8897129007,4388.88,4404.7,0,0
471,PAYMENT,409.62,C7341538834,1865.02,1455.4,M363560631,224.47,634.09,0,0
393,CASH_OUT,2368.38,C5982982859,433.7,0.0,M827979543,979.56,3347.94,0,0
642,CASH_IN,1.42,C2054068321,5078.04,5076.62,C7982146501,1212.29,1213.71,0,0
445,CASH_OUT,140.22,C3367245494,1621.56,1481.34,M986932466,345.17,485.39,0,0
172,PAYMENT,548.19,C7742418345,245.1,0.0,M169779030,15.11,563.3,0,0
576,PAYMENT,202.68,C6197962395,6302.83,6100.15,M572045485,1.16,,0,0
31,CASH_OUT,105.41,C7421682782,979.67,874.26,M329114317,2265.88,2371.29,0,0
47,CASH_OUT,308.91,C6177880761,183.84,0.0,M811921718,150.84,459.75,0,0
130,CASH_OUT,3213.28,C3365588744,8318.94,5105.66,M482450036,13154.44,16367.72,0,0
352,CASH_OUT,6234.85,C3300467054,15.48,0.0,M154623630,12.75,6247.6,0,0
622,CASH_OUT,1652.5,C3602974345,66685.61,65033.11,M441016187,1179.1,2831.6,0,0
581,TRANSFER,9015.7,C2815265911,10579.0,1563.3,C6007327941,21.3,9037.0,0,0
58,CASH_OUT,138.44,C3807492636,9.71,0.0,M101317355,643.63,782.07,0,0
106,CASH_OUT,1330.84,C4813953202,22802.42,21471.58,M727209687,89.35,1420.19,0,0
330,TRANSFER,52.58,C3906895344,1356.28,1303.7,C7256245784,3.13,55.71,0,0
683,PAYMENT,141810.78,C5076591921,6.4,0.0,M184893146,2358.01,144168.79,0,0
383,PAYMENT,492.89,C1727079944,10.44,0.0,M782988988,1154.58,1647.47,0,0
162,CASH_OUT,2014.68,C9310783599,4587.96,2573.28,M547354533,1387.58,3402.26,0,0
286,PAYMENT,11.88,C3318459579,71.43,59.55,M883272370,9836.43,9848.31,0,0
71,CASH_OUT,1924.98,C6379465455,123.05,0.0,M521544781,2817.87,4742.85,0,0
454,PAYMENT,506.44,C8665199869,1426.74,920.3,M905444692,152.32,658.76,0,0
567,TRANSFER,1020.67,C9396103863,3883.46,2862.79,C1223956429,65218.49,66239.16,0,0
397,PAYMENT,414.53,C6170660080,1866.27,1451.74,M888082272,1778.82,2193.35,0,0
515,CASH_OUT,317.48,C3218926499,113.73,0.0,M139025385,33.4,350.88,0,0
26,PAYMENT,217.83,C4842938485,168.2,0.0,M677153465,196.73,414.56,0,0
313,PAYMENT,337.2,C1130424646,77.36,0.0,M933289200,80.9,418.1,0,0
126,PAYMENT,7604.92,C3609403575,1950.83,0.0,M937016840,45093.87,52698.79,0,0
408,PAYMENT,193.49,C4074864809,1719.26,1525.77,M861968873,4367.51,4561.0,0,0
565,PAYMENT,36959.11,C3773292000,2968.55,0.0,M742735993,796.09,37755.2,0,0
198,PAYMENT,456.12,C5593487722,1737.16,1281.04,M980340362,150.77,606.89,0,0
188,TRANSFER,6633.81,C1113598823,1454.16,0.0,C2278363115,58098.34,64732.15,0,0
698,CASH_IN,3975.29,C7698085744,10234.91,6259.62,C1494738372,8743.83,12719.12,0,0
716,CASH_OUT,17.69,C1755776697,1399.38,1381.69,M956957783,132.36,150.05,0,0
484,CASH_IN,27.01,C2435340690,9992.41,9965.4,C4750227140,517.42,544.43,0,0
450,CASH_OUT,103.91,C9252817053,411.06,307.15,M743970953,1563.58,1667.49,0,0
523,CASH_IN,18.41,C6316503742,153.49,135.08,C7464208214,57.49,75.9,0,0
354,CASH_OUT,176.6,C1208404362,22069.65,21893.05,M656637727,60.43,237.03,0,0
658,PAYMENT,426.77,C9084177817,338.89,0.0,M496991936,63368.69,63795.46,0,0
597,CASH_IN,1476.19,C7180160399,834.25,0.0,C1878006582,350.74,1826.93,0,0
100,CASH_OUT,578.91,C4804389004,138.58,0.0,M827934522,179.98,,0,0
616,CASH_IN,407.68,C7356953110,157647.73,157240.05,C6528171858,3159.73,3567.41,0,0
558,PAYMENT,3125.92,C8247078720,23.89,0.0,M432232955,29.09,3155.01,0,0
556,PAYMENT,2391.72,C5139345961,12791.87,10400.15,M967786023,419.27,2810.99,0,0
278,PAYMENT,18318.79,C9116582212,10.46,0.0,M481549696,10775.19,29093.98,0,0
693,TRANSFER,585.96,C5661639701,426.09,0.0,C2178994708,8.43,594.39,0,0
699,CASH_OUT,3.25,C1736548567,6978.85,6975.6,M607314742,77.91,81.16,0,0
626,CASH_IN,948.04,C8060225993,73013.42,72065.38,C6479790561,222.29,1170.33,0,0
491,CASH_IN,37724.4,C4112543567,603.68,0.0,C8978353661,60.75,37785.15,0,0
255,TRANSFER,3139.98,C4121633230,283.94,0.0,C5795251631,7282.77,10422.75,0,0
381,CASH_IN,4967.14,C5307855210,1824.65,0.0,C3286427308,8968.97,13936.11,0,0
542,PAYMENT,487.68,C3940076101,68056.14,67568.46,M810103073,1254.01,1741.69,0,0
264,CASH_IN,2505.57,C9856702554,1676.43,0.0,C4386130239,326.27,2831.84,0,0
610,CASH_IN,5518.48,C2834471660,3932.67,0.0,C3475831210,21445.9,26964.38,0,0
329,CASH_IN,206.75,C1819608637,221.43,14.68,C4541860649,143.35,350.1,0,0
115,CASH_OUT,148.18,C7398431287,10645.26,10497.08,M340857606,565.09,713.27,0,0
276,PAYMENT,1001.65,C9641525995,21.85,0.0,M391131327,741.25,1742.9,0,0
488,PAYMENT,2803.22,C5702989005,25129.75,22326.53,M862573695,127.6,2930.82,0,0
281,PAYMENT,1.63,C1534912835,30402.18,30400.55,M524981683,246.92,248.55,0,0
275,CASH_OUT,273.26,C4704851747,171436.57,171163.31,M477169816,26.35,299.61,0,0
719,CASH_OUT,8.11,C4800188191,30240.58,30232.47,M725108757,7053.56,7061.67,0,0
328,PAYMENT,315.72,C8262934840,284.62,0.0,M651884233,2.9,318.62,0,0
211,CASH_OUT,11839.88,C5573951288,42772.14,30932.26,M171293622,477.64,12317.52,0,0
727,CASH_OUT,115.81,C2798235178,18499.52,18383.71,M726668337,66.52,182.33,0,0
552,PAYMENT,227.66,C6784003721,179.14,0.0,M143436717,271.49,499.15,0,0
26,CASH_IN,1516.06,C6287644487,1846.71,330.65,C4181479225,2.74,1518.8,0,0
27,PAYMENT,2944.14,C3464393436,0.75,0.0,M511737757,6033.09,8977.23,0,0
702,CASH_OUT,2730.75,C9469314530,34.87,0.0,M651899568,171.0,2901.75,0,0
83,CASH_OUT,434.69,C5212825657,8539.04,8104.35,M634763332,1755.58,2190.27,0,0
682,PAYMENT,1262.61,C5886024615,65339.53,64076.92,M408233766,423.19,1685.8,0,0
413,CASH_IN,1156.52,C9352878025,8621.85,7465.33,C1452912581,241.69,1398.21,0,0
167,PAYMENT,98.74,C6839533289,1259.38,1160.64,M779708773,1126.86,1225.6,0,0
700,CASH_OUT,12.16,C9860485538,82.87,70.71,M394318949,20.83,32.99,0,0
169,PAYMENT,67.08,C8067787145,5491.15,5424.07,M864334803,412.42,479.5,0,0
229,CASH_IN,7168.57,C8632324236,9.11,0.0,C3659968758,11.6,7180.17,0,0
609,CASH_OUT,33739.56,C5064156183,3973.49,0.0,M160069766,30.96,33770.52,0,0
367,PAYMENT,336.29,C7133928894,115.11,0.0,M813408590,106.28,442.57,0,0
528,PAYMENT,6636.63,C3744977738,7246.52,609.89,M323422545,62.48,6699.11,0,0
647,CASH_OUT,222.56,C5519049480,8179.56,7957.0,M739934180,648.96,871.52,0,0
538,CASH_OUT,810.84,C6188075533,266.77,0.0,M310796778,12.77,823.61,0,0
524,PAYMENT,118.11,C4864116431,11322.58,11204.47,M850545116,1951.37,2069.48,0,0
72,CASH_OUT,3068.97,C7230637625,13.66,0.0,M150660823,95288.63,98357.6,0,0
645,CASH_OUT,112.48,C8398858383,765.93,653.45,M483437016,5130.07,5242.55,0,0
106,CASH_OUT,67.68,C5830168138,7923.92,7856.24,M898708435,1201.87,1269.55,0,0
732,CASH_OUT,442.97,C9285027992,5188.83,4745.86,M619189933,98.06,541.03,0,0
689,PAYMENT,2066.34,C7576673223,273.35,0.0,M858410772,633.4,2699.74,0,0
282,CASH_OUT,559.65,C6353409883,9949.34,9389.69,M164771623,1643.73,2203.38,0,0
133,CASH_OUT,157.9,C6121562727,10916.23,10758.33,M289730919,6642.73,6800.63,0,0
534,CASH_IN,66.73,C2004019394,58.36,0.0,C6298758447,28268.76,28335.49,0,0
269,PAYMENT,13.82,C2827576704,828.89,815.07,M848540336,87.36,101.18,0,0
412,PAYMENT,161.98,C8402232575,1785.79,1623.81,M729340841,8.41,170.39,0,0
673,CASH_OUT,297.13,C3916994630,1723.09,1425.96,M535359405,1344.9,1642.03,0,0
619,PAYMENT,1221.61,C2402438153,8338.18,7116.57,M608717907,283.2,1504.81,0,0
18,CASH_OUT,39.09,C5177304326,390.29,351.2,M128032522,34.27,73.36,0,0
117,CASH_OUT,1535.14,C9845729105,65482.79,63947.65,M935755201,90.77,1625.91,0,0
144,PAYMENT,122.94,C9826410917,409.58,286.64,M174568942,30.9,153.84,0,0
717,TRANSFER,144.38,C2154604970,64.39,0.0,C1507309710,632.29,776.67,0,0
551,PAYMENT,4902.2,C6501436057,622.19,0.0,M818541081,57108.28,62010.48,0,0
666,CASH_OUT,2.84,C8865913169,2070.07,2067.23,M495460115,496.95,499.79,0,0
688,CASH_IN,34.69,C8588950373,57.58,22.89,C7887093843,170.6,205.29,0,0
422,CASH_OUT,441.99,C6630041416,508.69,66.7,M289591471,6420.08,6862.07,0,0
369,CASH_IN,399.44,C5164713876,49.38,0.0,C7201051417,884.68,1284.12,0,0
646,PAYMENT,13.41,C5080887642,6360.63,6347.22,M193933488,1682.43,1695.84,0,0
558,PAYMENT,150.14,C9474396491,703.67,553.53,M385302741,53537.27,53687.41,0,0
50,PAYMENT,2740.87,C5033832701,2.82,0.0,M252385862,4.66,2745.53,0,0
678,TRANSFER,39.42,C7992580849,14692.57,14653.15,C3597647712,13.68,53.1,0,0
106,CASH_IN,3503.45,C6619217266,58.77,0.0,C8681671928,197.73,3701.18,0,0
216,PAYMENT,96.32,C4190380184,862265.47,862169.15,M821833775,12106.01,12202.33,0,0
658,CASH_IN,9.53,C3505081826,198.62,189.09,C5943119306,236.38,245.91,0,0
425,PAYMENT,2075.94,C2551907971,258.31,0.0,M459349067,3005.33,5081.27,0,0
72,CASH_IN,666.06,C2883455827,1637.67,971.61,C7430804324,14.3,680.36,0,0
446,CASH_IN,21.5,C7517075228,2.62,0.0,C3135142762,3046.32,3067.82,0,0
186,CASH_OUT,136.24,C4792536944,3297.92,3161.68,M906277288,521.32,657.56,0,0
70,CASH_OUT,12707.23,C2363728560,6329.75,0.0,M388440798,63.21,12770.44,0,0
150,TRANSFER,1505.24,C5057358059,10569.11,9063.87,C2962736038,10849.96,12355.2,0,0
246,TRANSFER,3754.73,C9757160953,2212.38,0.0,C4998862016,3371.32,7126.05,0,0
538,CASH_OUT,41.4,C2381225153,1377.05,1335.65,M525079387,554.85,596.25,0,0
652,CASH_OUT,4677.68,C2264494454,24.69,0.0,M216744492,281.63,4959.31,0,0
99,DEBIT,23.38,C9930922853,3762.66,3739.28,M914204359,8.56,31.94,0,0
278,PAYMENT,24.91,C3926111548,987.77,962.86,M664116303,142.9,167.81,0,0
563,PAYMENT,2143.59,C5076151884,377.05,0.0,M348122811,11.69,2155.28,0,0
663,CASH_OUT,28.16,C4059836260,82.91,54.75,M867620711,459.64,487.8,0,0
455,CASH_IN,8392.74,C2902202418,3639.92,0.0,C7436706581,1012.25,9404.99,0,0
104,CASH_OUT,32.96,C9873407491,489.52,456.56,M615822423,1723.25,1756.21,0,0
601,CASH_OUT,57.74,C1455972618,9.92,0.0,M229404166,479.26,537.0,0,0
653,CASH_OUT,4049.48,C4107742084,627.91,0.0,M489732244,21758.92,25808.4,0,0
725,TRANSFER,116.57,C2006513949,159.8,43.23,C5252235131,11.99,128.56,0,0
233,CASH_IN,1978.93,C9894858598,9798.19,7819.26,C5666569969,425.57,2404.5,0,0
394,CASH_IN,43.52,C3500545095,724.52,681.0,C1358488795,9287.69,9331.21,0,0
501,PAYMENT,232.01,C4122316177,568.61,336.6,M106678319,1943.85,2175.86,0,0
695,CASH_IN,1775.31,C6771095049,2372.81,597.5,C3421572754,99.44,1874.75,0,0
251,CASH_IN,74.33,C1438982256,72208.09,72133.76,C7936179502,2489.49,2563.82,0,0
521,CASH_IN,3119.58,C6007304867,3026.44,0.0,C8125937975,120.12,3239.7,0,0
79,TRANSFER,196.26,C2508490130,152.31,0.0,C3808828673,479.35,675.61,0,0
52,PAYMENT,512.95,C5411700363,22.37,0.0,M108506378,2132.24,2645.19,0,0
226,PAYMENT,54.31,C4450861229,30502.91,30448.6,M229516063,10.44,64.75,0,0
51,CASH_IN,86.42,C8713611436,2.39,0.0,C2170149153,5242.7,5329.12,0,0
186,CASH_IN,74.57,C8157197973,1038.84,964.27,C1649457282,3351.72,3426.29,0,0
34,PAYMENT,119.35,C6920382248,389822.68,389703.33,M390383788,4.6,123.95,0,0
742,CASH_OUT,8887.54,C6106914749,12.88,0.0,M474697748,0.08,8887.62,0,0
131,PAYMENT,3795.53,C7350746531,67.19,0.0,M758241721,2.18,3797.71,0,0
632,PAYMENT,995.85,C6376314925,1804.53,808.68,M113628129,461.39,1457.24,0,0
443,CASH_OUT,108.07,C8980871787,146.29,38.22,M455616219,40425.41,40533.48,0,0
432,CASH_IN,74.88,C6253065577,821.22,746.34,C4827695226,3373.48,3448.36,0,0
704,CASH_OUT,58.02,C4488203442,3174.17,3116.15,M694407010,7058.55,7116.57,0,0
497,PAYMENT,219.72,C4554314360,4551.11,4331.39,M817293479,3722.36,3942.08,0,0
403,PAYMENT,706.45,C7621738200,17500.11,16793.66,M908349636,1140.32,1846.77,0,0
323,PAYMENT,1378.21,C5908399104,21.03,0.0,M240250541,1.7,1379.91,0,0
210,CASH_OUT,415.22,C5998215676,25995.5,25580.28,M720036200,8206.3,8621.52,0,0
615,PAYMENT,1250.0,C6391383436,31779.86,30529.86,M385559518,96.56,1346.56,0,0
329,CASH_OUT,2622.55,C8274559015,9083.98,6461.43,M243408297,25.45,2648.0,0,0
372,CASH_OUT,191.81,C2900136469,64.78,0.0,M573632308,159.44,351.25,0,0
460,CASH_OUT,3629.17,C3969643126,56.98,0.0,M221141484,3337.38,6966.55,0,0
133,CASH_OUT,56.4,C7763791000,2301.94,2245.54,M989887094,437.05,493.45,0,0
651,CASH_OUT,1303.44,C4841619792,5484.21,4180.77,M826917592,578.12,1881.56,0,0
121,PAYMENT,430.06,C8603892712,20715.7,20285.64,M817297813,375.15,805.21,0,0
606,TRANSFER,572.84,C8232455856,329.57,0.0,C8882459655,12057.19,12630.03,0,0
452,PAYMENT,193.33,C4602720753,5252.76,5059.43,M262711432,5.34,198.67,0,0
129,CASH_IN,4888.51,C7904333873,4584.91,0.0,C2147673558,405.42,5293.93,0,0
91,PAYMENT,120.49,C5507371069,213.56,93.07,M506767218,1995.25,2115.74,0,0
604,CASH_IN,6469.9,C8901444673,364.42,0.0,C5253702189,714.06,7183.96,0,0
575,PAYMENT,6555.53,C9203106405,20.26,0.0,M448141265,13401.26,19956.79,0,0
29,PAYMENT,994.48,C2931246077,76.72,0.0,M465789307,679.36,1673.84,0,0
722,CASH_OUT,215.79,C6249577571,227.01,11.22,M386268637,164.96,380.75,0,0
524,CASH_OUT,75.52,C8074478899,4043.19,3967.67,M520188441,78.45,153.97,0,0
333,PAYMENT,7.47,C5817666785,313819.79,313812.32,M635223567,7.25,14.72,0,0
297,PAYMENT,1187.68,C1175436099,3684.76,2497.08,M656900145,80.72,1268.4,0,0
130,CASH_IN,43.69,C3920203878,48.84,5.15,C6618941373,,62.54,0,0
293,CASH_OUT,57.8,C1673686374,332.47,274.67,M873670864,303.89,361.69,0,0
173,CASH_OUT,1214.41,C4973954173,15147.76,13933.35,M516836788,3.46,1217.87,0,0
720,PAYMENT,170.76,C2966990221,147.26,0.0,M649824754,,667.91,0,0
24,CASH_IN,623.41,C2850311411,46536.92,45913.51,C3821471779,141.28,764.69,0,0
99,PAYMENT,1013.5,C2768206206,6071.24,5057.74,M440192297,8098.9,9112.4,0,0
406,PAYMENT,9990.6,C9292672208,584.75,0.0,M628820789,1684.31,11674.91,0,0
356,CASH_OUT,600.13,C8943163294,9.18,0.0,M258558168,7716.3,8316.43,0,0
139,PAYMENT,134.39,C6523860150,13612.6,13478.21,M440732366,468.27,602.66,0,0
503,CASH_IN,347.18,C6408664401,5481.89,5134.71,C1728913550,4152.37,4499.55,0,0
174,CASH_IN,127.01,C5203428724,3574.39,3447.38,C5189652337,461.13,588.14,0,0
29,CASH_OUT,17318.13,C2564726536,880065.1,862746.97,M478122279,47.71,17365.84,0,0
496,PAYMENT,849.35,C4361715411,105.62,0.0,M358583917,117.25,966.6,0,0
655,PAYMENT,1298.98,C7799951802,49215.77,47916.79,M583167166,1635.69,2934.67,0,0
351,CASH_OUT,6033.02,C5077838433,687.97,0.0,M605070945,1352.92,7385.94,0,0
554,CASH_IN,74.05,C4884880117,2075.33,2001.28,C4056142226,741.25,815.3,0,0
299,PAYMENT,23.27,C3194079641,2393.1,2369.83,M320344461,493.07,516.34,0,0
720,CASH_OUT,385.49,C8710721911,8835.15,8449.66,M304827595,719.44,1104.93,0,0
192,CASH_IN,23.4,C3259238074,183.77,160.37,C3419766547,48.79,72.19,0,0
672,CASH_OUT,177.29,C3756679837,435608.14,435430.85,M955885624,591.79,769.08,0,0
64,DEBIT,5.17,C7611698411,69.14,63.97,M945129107,179.99,185.16,0,0
664,CASH_IN,27.02,C6839167369,449.49,422.47,C1196055838,263.56,290.58,0,0
215,CASH_IN,4655.76,C2581720307,110022.58,105366.82,C1302793162,3.32,4659.08,0,0
166,CASH_OUT,906.21,C3721869333,20942.79,20036.58,M962440375,1081.07,1987.28,0,0
543,CASH_IN,14695.59,C7390670479,449.57,0.0,C6160726266,13.59,14709.18,0,0
232,CASH_IN,379.07,C9943846847,6007.56,5628.49,C8038763119,14.85,393.92,0,0
541,CASH_OUT,351.05,C3798526832,74.18,0.0,M138217096,1104.15,1455.2,0,0
195,PAYMENT,620.76,C7683433331,144.54,0.0,M724255357,6.4,627.16,0,0
506,CASH_OUT,528269.88,C3620989097,441.28,0.0,M526918460,2812.96,531082.84,0,0
334,TRANSFER,3311.68,C5392977211,38794.03,35482.35,C8676148677,58.07,3369.75,0,0
304,CASH_IN,75.1,C5661753633,5.67,0.0,C9366846017,1666.85,1741.95,0,0
437,TRANSFER,911.13,C2281178913,9910.25,8999.12,C4864216488,14.11,925.24,0,0
323,CASH_IN,547.37,C9855042845,407.93,0.0,C8174351834,110.08,657.45,0,0
502,PAYMENT,1705.84,C5937961896,5181.82,3475.98,M181125291,2695.45,4401.29,0,0
393,CASH_OUT,17093.27,C4024103541,4720.28,0.0,M604842700,220.33,17313.6,0,0
599,CASH_OUT,1307.08,C4991034711,1025.47,0.0,M241365663,39.1,1346.18,0,0
149,CASH_OUT,192.19,C3697130086,165.87,0.0,M771682181,1242.86,1435.05,0,0
405,PAYMENT,16792.67,C3226059428,207.01,0.0,M194449522,0.7,16793.37,0,0
283,TRANSFER,29.61,C4778639065,500.73,471.12,C8032647574,6822.6,6852.21,0,0
362,DEBIT,234.55,C9583086586,18.82,0.0,M795829068,24.37,258.92,0,0
379,CASH_OUT,2447.73,C7067469704,1371.41,0.0,M879541847,17229.74,19677.47,0,0
198,CASH_IN,83.01,C5461369323,187.83,104.82,C5605269039,2469.59,2552.6,0,0
556,PAYMENT,363.74,C8092582694,344.64,0.0,M974891451,190.4,554.14,0,0
356,PAYMENT,99.22,C8659760002,655.39,556.17,M372433148,1184.75,1283.97,0,0
540,PAYMENT,373.65,C9318425207,7156.0,6782.35,M457161262,4.26,377.91,0,0
429,PAYMENT,99.56,C4777775992,24234.38,24134.82,M633354633,56.27,155.83,0,0
17,TRANSFER,472.52,C2609830338,33924.06,33451.54,C6642157544,116.68,589.2,0,0
639,CASH_IN,208.67,C1953211877,3061.24,2852.57,C6629722119,978.44,1187.11,0,0
379,CASH_IN,5735.8,C2562252990,413.96,0.0,C7581770929,366.5,6102.3,0,0
680,CASH_OUT,872.18,C4381494313,41.7,0.0,M416106388,189.52,1061.7,0,0
506,CASH_OUT,1765.62,C2758965767,490025.93,488260.31,M629728752,124.86,1890.48,0,0
76,PAYMENT,538.41,C4862353723,94125.24,93586.83,M415580810,249.53,787.94,0,0
231,CASH_IN,169.21,C5809449643,10197.5,10028.29,C6623393453,375.43,544.64,0,0
716,TRANSFER,788.08,C5603163643,5682.57,4894.49,C3936754867,2406.11,3194.19,0,0
248,PAYMENT,605.22,C8859307145,452.6,0.0,M598957326,1038.64,1643.86,0,0
302,CASH_IN,3.18,C9538218768,1519.51,1516.33,C7546224580,1208.97,1212.15,0,0
726,PAYMENT,431.43,C8927432823,10955.22,10523.79,M709503916,18404.01,18835.44,0,0
215,CASH_OUT,1546.77,C7531696581,9.71,0.0,M510533800,1351.18,2897.95,0,0
158,CASH_IN,96.33,C2928550737,237.36,141.03,C7017496391,535.16,631.49,0,0
69,CASH_IN,2287.1,C6273393425,1126.03,0.0,C8129077228,2526.88,4813.98,0,0
393,CASH_OUT,821.54,C7940743619,8.95,0.0,M956281338,266.85,1088.39,0,0
85,CASH_OUT,182.44,C3604114157,26.61,0.0,M978549973,407.37,589.81,0,0
267,PAYMENT,1192.5,C1907999469,211.56,0.0,M575506213,11024.61,12217.11,0,0
69,CASH_OUT,193.02,C7231207684,1359.7,1166.68,M227194547,625.82,818.84,0,0
611,TRANSFER,701.76,C5846489132,47847.59,47145.83,C6653672244,2292.94,2994.7,0,0
347,PAYMENT,239.88,C6480630197,358.54,118.66,M179165981,9170.35,9410.23,0,0
728,CASH_OUT,1209.56,C9166645452,120912.5,119702.94,M128862851,36151.79,37361.35,0,0
673,CASH_OUT,5964.91,C9909213875,178.01,0.0,M543440769,4.69,5969.6,0,0
423,TRANSFER,168.64,C9069207552,800.78,632.14,C4946625952,6.31,174.95,0,0
606,CASH_IN,2451.5,C7562212573,27.05,0.0,C6959600760,24.2,2475.7,0,0
174,CASH_IN,221.87,C9260294599,368.79,146.92,C4407594760,5.32,227.19,0,0
677,CASH_OUT,225.37,C2569323496,9.41,0.0,M783091041,2304348.88,2304348.88,1,0
115,CASH_IN,183.0,C8312690221,5201454.34,5201271.34,C4481981303,6970.22,7153.22,0,0
220,PAYMENT,13.79,C3884916132,80.43,66.64,M556858225,104.95,118.74,0,0
31,PAYMENT,1097.41,C1197775941,2690.62,1593.21,M152172843,553.18,1650.59,0,0
523,TRANSFER,712.01,C2956082933,332.82,0.0,C7764098120,53.11,765.12,0,0
343,CASH_OUT,558.86,C6703181649,609.08,50.22,M269199366,19.08,577.94,0,0
377,PAYMENT,9036.62,C9442462555,905.88,0.0,M842548766,1.54,9038.16,0,0
130,CASH_OUT,11262.59,C8802748670,11774.14,511.55,M700518216,4.56,11267.15,0,0
617,PAYMENT,5518.69,C6752349568,3906.76,0.0,M702221364,2849.12,8367.81,0,0
539,CASH_OUT,251.98,C9714943273,2007.16,1755.18,M911503374,97.42,349.4,0,0
739,TRANSFER,227.67,C9330185121,4671.33,4443.66,C3341274353,39.21,266.88,0,0
2,PAYMENT,52.65,C7496642221,2773.35,2720.7,M927515103,40612.75,40665.4,0,0
101,PAYMENT,456.54,C2922032928,45.13,0.0,M307419771,1082.65,1539.19,0,0
533,CASH_IN,410.14,C3669048327,589.67,179.53,C5779160109,8811.71,9221.85,0,0
58,TRANSFER,1184.28,C7250782739,6060.29,4876.01,C7303368713,72.45,1256.73,0,0
389,PAYMENT,47.57,C4318790774,247.63,200.06,M574674260,6416.75,6464.32,0,0
692,PAYMENT,190.85,C3216726982,2678.05,2487.2,M806307681,1693.99,1884.84,0,0
341,CASH_OUT,13.6,C5918018047,17257.43,17243.83,M812529511,12.14,25.74,0,0
20,CASH_OUT,96.34,C1104586659,193.48,97.14,M414723375,403.54,499.88,0,0
255,PAYMENT,2404.91,C9824520250,13983.26,11578.35,M986886846,3.05,2407.96,0,0
317,CASH_OUT,44.57,C7227494651,841.52,796.95,M319755196,214.63,259.2,0,0
38,PAYMENT,13199.79,C1679903624,1317.0,0.0,M610200416,57.8,13257.59,0,0
660,CASH_OUT,3034.51,C7719001989,9101.01,6066.5,M364657611,1139.69,4174.2,0,0
537,PAYMENT,1099.36,C5318877989,4832.74,3733.38,M997650060,161.14,1260.5,0,0
386,PAYMENT,5808.47,C6508137095,1.22,0.0,M215185246,8966.25,14774.72,0,0
633,CASH_OUT,316.69,C5682662064,11.17,0.0,M748646862,212.55,529.24,0,0
26,CASH_OUT,92.29,C7184169632,4143.64,4051.35,M507219554,626.29,718.58,0,0
454,PAYMENT,332.99,C9308974876,770.57,437.58,M805986629,1105.93,1438.92,0,0
681,PAYMENT,12.97,C9921616074,19.93,6.96,M404107492,167.16,180.13,0,0
323,PAYMENT,4365.45,C7481420296,211.0,0.0,M683948482,9107.86,13473.31,0,0
737,CASH_IN,200.78,C6749678839,15.8,0.0,C1559507981,3659.88,3860.66,0,0
513,CASH_OUT,89.08,C1490782790,842.65,753.57,M635191216,1016.69,1105.77,0,0
13,CASH_OUT,112.27,C2970340808,25479.47,25367.2,M349714112,113.07,225.34,0,0
560,CASH_OUT,417.03,C8557213363,183.58,0.0,M912655459,22.66,439.69,0,0
371,PAYMENT,512.47,C8281631212,2027.01,1514.54,M780577777,419.29,931.76,0,0
291,CASH_IN,301.21,C5679102272,844.66,543.45,C4060178647,295.98,597.19,0,0
332,CASH_OUT,298.54,C1775314321,60048.27,59749.73,M473830182,48.08,346.62,0,0
606,PAYMENT,1211.38,C1403488234,26122.24,24910.86,M837799608,192.49,1403.87,0,0
261,PAYMENT,44.82,C2719070642,20.65,0.0,M607099665,19.54,64.36,0,0
205,TRANSFER,632.94,C1728472654,679.61,46.67,C6320953673,22753.83,23386.77,0,0
697,CASH_IN,213.64,C1560785764,119.77,0.0,C8319572450,4724.81,4938.45,0,0
687,PAYMENT,7.42,C2556534838,244.13,236.71,M826679876,16.71,24.13,0,0
387,PAYMENT,46.22,C1130712585,7812.05,7765.83,M405263048,766.62,812.84,0,0
468,DEBIT,82.77,C1892137020,1777.12,1694.35,M185845186,2.73,85.5,0,0
415,TRANSFER,11393.36,C6348246281,7546.05,0.0,C1799887406,182.33,11575.69,0,0
69,PAYMENT,997.26,C7189441939,3.57,0.0,M249499055,237.55,1234.81,0,0
472,PAYMENT,693.66,C5718202942,11227.38,10533.72,M829318332,58.35,752.01,0,0
104,PAYMENT,152.33,C4415247352,3197.79,3045.46,M205992583,48.69,201.02,0,0
161,PAYMENT,144.79,C5071468187,60924.53,60779.74,M345459818,719.3,864.09,0,0
200,PAYMENT,37.87,C3536707582,238.17,200.3,M302929521,122.77,160.64,0,0
216,CASH_OUT,210.02,C8723029002,16159.66,15949.64,M846407267,1806.45,2016.47,0,0
212,TRANSFER,6318.38,C7524368679,2275.91,0.0,C1468023107,11290.12,,0,0
508,PAYMENT,28.9,C8505419389,1529.38,1500.48,M151398603,951.06,979.96,0,0
16,CASH_IN,124.85,C6316300498,323.85,199.0,C2005397882,11944.61,12069.46,0,0
498,PAYMENT,2571.83,C2469205559,865.68,0.0,M470968878,60.85,2632.68,0,0
332,CASH_IN,2557.92,C1654994226,94.8,0.0,C5008182388,399.38,2957.3,0,0
717,CASH_OUT,95.48,C5213709476,405.71,310.23,M541449391,6374.78,6470.26,0,0
551,PAYMENT,4134.99,C4966939759,250.41,0.0,M388292916,236.98,4371.97,0,0
601,PAYMENT,169.12,C5914034189,536.24,367.12,M213825724,822.07,991.19,0,0
256,PAYMENT,40.51,C1101651765,696.22,655.71,M410909136,31.73,72.24,0,0
728,CASH_IN,8075.77,C1053367431,741.26,0.0,C9389067990,26576.88,34652.65,0,0
172,CASH_OUT,484.89,C6060003554,1075.38,590.49,M709471320,60.71,545.6,0,0
649,PAYMENT,288.38,C8380063978,1049.59,761.21,M919066409,649.14,937.52,0,0
498,CASH_OUT,572.3,C9927077716,1436.79,864.49,M289649541,70.7,643.0,0,0
471,CASH_IN,57.98,C5404691334,1017.37,959.39,C1013700770,18.43,76.41,0,0
384,CASH_OUT,131.13,C9469927067,557.7,426.57,M115801122,1155.94,1287.07,0,0
690,PAYMENT,7142.4,C6212672251,3215.2,0.0,M886872715,31114.22,38256.62,0,0
589,CASH_OUT,16618.39,C9720351701,22719.3,6100.91,M666292313,,16676.95,0,0
700,PAYMENT,43.54,C7625115766,473.9,430.36,M289347452,28.87,72.41,0,0
507,CASH_IN,185.17,C4029281706,287.87,102.7,C4600502723,92.54,277.71,0,0
527,CASH_OUT,406.99,C7314935617,2811.3,2404.31,M824832501,163.52,570.51,0,0
325,PAYMENT,602.68,C9020365805,1435.74,833.06,M459208218,1106.58,1709.26,0,0
214,CASH_OUT,60.29,C7789182766,97.8,37.51,M880272923,3.34,63.63,0,0
208,PAYMENT,1481.6,C8672418831,167.65,0.0,M818809479,6727.21,8208.81,0,0
169,PAYMENT,1723.27,C6076333632,248.03,0.0,M322292749,12740.97,14464.24,0,0
330,PAYMENT,2209.73,C4277307769,82.11,0.0,M662385832,1028.57,3238.3,0,0
280,PAYMENT,1816.98,C2969682045,3280.53,1463.55,M235393733,25.62,1842.6,0,0
305,PAYMENT,474.6,C8203474840,7419.41,6944.81,M695256168,6094.01,6568.61,0,0
146,CASH_OUT,2925.18,C5844055298,144.22,0.0,M938275477,122.1,3047.28,0,0
516,PAYMENT,1197.67,C1206803195,36.56,0.0,M443672647,619.41,1817.08,0,0
90,CASH_OUT,20.74,C7608344497,1688.65,1667.91,M909478374,356.46,377.2,0,0
453,CASH_IN,21.04,C5213189801,1184.47,1163.43,C7655203618,19.89,40.93,0,0
60,CASH_IN,747.81,C8157465918,346154.2,345406.39,C8713921377,52344.14,53091.95,0,0
311,CASH_OUT,5279.77,C8665335037,5818.44,538.67,M400425703,14.99,5294.76,0,0
528,CASH_OUT,984.46,C1761742166,65.49,0.0,M379508883,416.39,1400.85,0,0
227,CASH_OUT,1308.49,C5203412702,101.59,0.0,M267108573,583.58,1892.07,0,0
474,TRANSFER,48.51,C3141083957,2412.42,2363.91,C8491921268,465.73,514.24,0,0
541,CASH_IN,461.59,C7983452019,956.21,494.62,C8370999662,743.34,1204.93,0,0
663,PAYMENT,3960.85,C6091216926,832.13,0.0,M404547631,410.99,4371.84,0,0
79,PAYMENT,984.0,C1227536648,1296.21,312.21,M570018292,1074.68,2058.68,0,0
433,CASH_OUT,497.35,C9546333091,7618.85,7121.5,M798391135,33.54,530.89,0,0
153,PAYMENT,1323.79,C8461269171,113004.6,111680.81,M217483893,21.18,1344.97,0,0
401,CASH_IN,634.66,C4997606728,30441.88,29807.22,C5713661807,6534.52,7169.18,0,0
279,PAYMENT,4226.28,C8867895103,86.81,0.0,M313057824,1324.87,5551.15,0,0
57,CASH_IN,633.7,C4378848248,288.16,0.0,C3697374311,271.45,905.15,0,0
186,PAYMENT,379.37,C6404163848,3.05,0.0,M487803121,10814.25,11193.62,0,0
398,CASH_OUT,49.66,C1351042666,1858.18,1808.52,M724667755,1491.61,1541.27,0,0
605,PAYMENT,4576.93,C7627824727,295.09,0.0,M672895866,2504.06,7080.99,0,0
158,PAYMENT,61.51,C6980426153,1044.72,983.21,M870989546,16605.24,16666.75,0,0
693,TRANSFER,648.69,C5673118944,140.16,0.0,C5302854371,565.42,1214.11,0,0
359,PAYMENT,2002.02,C8380281298,136.49,0.0,M577814666,157.88,2159.9,0,0
440,PAYMENT,14453.21,C4105522419,23.31,0.0,M154488671,141.08,14594.29,0,0
589,PAYMENT,634.77,C8753722673,493.73,0.0,M276605948,2.09,636.86,0,0
466,PAYMENT,6519.71,C9605831942,4547.49,0.0,M383526906,29.97,6549.68,0,0
663,PAYMENT,426.14,C9497323162,203.39,0.0,M184420034,2655.82,3081.96,0,0
446,TRANSFER,131.52,C9548249336,5592.01,5460.49,C3459353095,52.08,183.6,0,0
743,CASH_OUT,102011.75,C3178495379,194.75,0.0,M218529184,143.84,102155.59,0,0
488,CASH_OUT,35.3,C7924091577,1098.52,1063.22,M877747686,2432.99,2468.29,0,0
530,CASH_IN,139058.33,C3396956545,32497.24,0.0,C2210109932,565.27,139623.6,0,0
73,CASH_OUT,10474.86,C6765090731,323.88,0.0,M742160251,648.08,11122.94,0,0
701,CASH_OUT,127.79,C6309358578,1925.03,1797.24,M404574354,11818.71,11946.5,0,0
17,PAYMENT,1479.85,C7523612986,2099.14,619.29,M144019051,2599.63,4079.48,0,0
531,CASH_OUT,24.64,C9061685623,2169.1,2144.46,M708743866,2.23,26.87,0,0
731,TRANSFER,1320.89,C7866100638,4127.53,2806.64,C3884944229,22672.63,23993.52,0,0
326,PAYMENT,768.31,C7078638387,2029.86,1261.55,M892334178,183.78,952.09,0,0
632,PAYMENT,2282.32,C7429391900,84.15,0.0,M429412102,1978.54,4260.86,0,0
613,CASH_OUT,179.84,C9498380234,390.07,210.23,M883505347,665.04,844.88,0,0
546,CASH_OUT,554.49,C7967495994,4624.2,4069.71,M143079941,51.93,606.42,0,0
596,PAYMENT,1045.81,C8262956084,6383.91,5338.1,M320430433,1166.41,2212.22,0,0
708,PAYMENT,151.88,C9127729958,171.21,19.33,M485954296,90.0,241.88,0,0
202,CASH_IN,6715.62,C4921396524,12474.69,5759.07,C5274542834,158.59,6874.21,0,0
344,CASH_OUT,523.36,C5122176890,332.6,0.0,M856174863,2469.69,2993.05,0,0
523,PAYMENT,803.32,C6111150437,2518.55,1715.23,M599992265,62.31,865.63,0,0
400,CASH_OUT,76.28,C8954998410,1786.45,1710.17,M455581859,2.94,79.22,0,0
218,PAYMENT,14.84,C3901937651,111.87,97.03,M733520653,47.38,62.22,0,0
445,PAYMENT,27.31,C9031444035,552.43,525.12,M834874744,9502.87,9530.18,0,0
222,CASH_OUT,1329.59,C1671846230,6.62,0.0,M537322118,4406.16,5735.75,0,0
383,PAYMENT,83.05,C8102782716,409.9,326.85,M596783169,1405.65,1488.7,0,0
592,CASH_OUT,1733.25,C9832358255,23957.99,22224.74,M110800668,1034.26,2767.51,0,0
7,PAYMENT,11042.24,C7306653577,9.37,0.0,M631214160,59398.8,70441.04,0,0
272,CASH_IN,1885.51,C9564234466,124.95,0.0,C5723120718,9555.79,11441.3,0,0
739,CASH_OUT,946.36,C2098271450,346.03,0.0,M170189467,59.6,1005.96,0,0
16,TRANSFER,1497.22,C5123215738,5.27,0.0,C8422561797,1274.02,2771.24,0,0
424,PAYMENT,3670.37,C7516805910,7.22,0.0,M523312108,1926.35,5596.72,0,0
524,TRANSFER,752.53,C4431560725,189196.52,188443.99,C8836769562,68.43,820.96,0,0
21,CASH_OUT,1521.41,C2300491069,4756.13,3234.72,M307354977,1115.11,2636.52,0,0
690,TRANSFER,130.21,C7758813117,13345.57,13215.36,C8693239272,56.3,186.51,0,0
228,CASH_OUT,57.26,C3940614035,2632.56,2575.3,M612302096,342.25,399.51,0,0
288,PAYMENT,146.7,C3675242749,4670.05,4523.35,M812640880,251.29,397.99,0,0
134,TRANSFER,210.04,C2684361434,494.76,284.72,C7334766401,9458.1,9668.14,0,0
283,CASH_OUT,193.58,C6335166784,14871.12,14677.54,M688143309,4798.14,4991.72,0,0
404,CASH_OUT,3996.94,C5153292454,39537.52,35540.58,M938548023,40.65,4037.59,0,0
665,CASH_IN,1.77,C6133867303,202.1,200.33,C2954140002,66688.47,66690.24,0,0
66,PAYMENT,263.1,C7261385372,590.16,327.06,M762317299,2089.04,2352.14,0,0
649,PAYMENT,1783.91,C1069343745,257.06,0.0,M859865790,11.46,1795.37,0,0
604,CASH_OUT,1658.26,C9209174787,885.52,0.0,M230391587,37.09,1695.35,0,0
437,PAYMENT,78.42,C9853438422,6989.28,6910.86,M470764456,15.78,94.2,0,0
259,CASH_OUT,13061.65,C2913314100,701.4,0.0,M163086764,121.97,13183.62,0,0
103,TRANSFER,25.34,C6479366375,13.91,0.0,C3242599793,31301.54,31326.88,0,0
567,PAYMENT,200.35,C9281528992,12386.15,12185.8,M894588563,353.97,554.32,0,0
101,CASH_IN,217.1,C6476698059,162.3,0.0,C6923446593,826.84,1043.94,0,0
198,CASH_OUT,212.79,C6898437203,3025.43,2812.64,M154433492,54576.95,54789.74,0,0
226,CASH_IN,6120.51,C4857746951,3861.28,0.0,C7856282080,41.95,6162.46,0,0
463,PAYMENT,416.52,C3838840682,376.47,0.0,M853303081,948.99,1365.51,0,0
237,CASH_IN,764.75,C9869679915,111.19,0.0,C7568323893,6233.19,6997.94,0,0
26,CASH_OUT,2341.71,C6900507363,331.77,0.0,M588513087,44.12,2385.83,0,0
121,CASH_IN,112.26,C5800355808,59365.99,59253.73,C2374137301,3251.26,3363.52,0,0
506,PAYMENT,296.05,C5324053247,102.33,0.0,M103777875,747.47,1043.52,0,0
182,CASH_OUT,11523.41,C9311144480,69.92,0.0,M319925472,13.43,11536.84,0,0
711,PAYMENT,859.62,C7571753049,1766.63,907.01,M971735747,3854.44,4714.06,0,0
634,CASH_OUT,45.15,C8302212176,643.81,598.66,M481250201,932.09,977.24,0,0
543,PAYMENT,72.77,C8604211559,393.56,320.79,M970853647,513.94,586.71,0,0
315,PAYMENT,2401.54,C3627907679,114.8,0.0,M127457491,1006.39,3407.93,0,0
618,PAYMENT,42.14,C7703168323,1040.97,998.83,M558872547,22811.35,22853.49,0,0
736,PAYMENT,156.65,C1755675670,732.47,575.82,M821152146,425.7,582.35,0,0
273,PAYMENT,605.83,C6028918303,31013.81,30407.98,M889013022,54.63,660.46,0,0
232,CASH_OUT,414.57,C6140529604,119.72,0.0,M524934251,15.93,430.5,0,0
420,CASH_IN,7835.62,C8939706226,325.04,0.0,C1285234679,59.16,7894.78,0,0
442,TRANSFER,3.0,C8437484000,27195.57,27192.57,C2183328362,41.67,44.67,0,0
496,CASH_OUT,1057.74,C4476927170,300.75,0.0,M258636662,77.57,1135.31,0,0
24,CASH_OUT,229.25,C7594983044,180.5,0.0,M374565171,257.58,486.83,0,0
109,PAYMENT,5619.6,C8703073495,3350.27,0.0,M375248750,2713.44,8333.04,0,0
703,CASH_IN,251.83,C9406940839,1629.7,1377.87,C3607664287,37.6,289.43,0,0
502,PAYMENT,266.85,C1487418553,506.2,239.35,M883464824,43.87,310.72,0,0
25,PAYMENT,400.15,C9398352714,1324.7,924.55,M877436231,263.33,663.48,0,0
187,CASH_OUT,107.52,C8585949993,3590.71,3483.19,M212443922,392.32,499.84,0,0
288,CASH_IN,123.74,C8284001699,1639.18,1515.44,C5203896788,2890.16,3013.9,0,0
628,PAYMENT,299.49,C3494335765,4639.94,4340.45,M441166195,704.22,1003.71,0,0
338,CASH_OUT,10828.59,C5139404075,685.19,0.0,M322530261,1236.29,12064.88,0,0
37,CASH_OUT,151.0,C6141296374,83.56,0.0,M557196554,589.68,740.68,0,0
137,PAYMENT,102.0,C4446874022,4519.53,4417.53,M202959813,12.42,114.42,0,0
508,PAYMENT,181.22,C1703033275,556.94,375.72,M717682328,7.81,189.03,0,0
227,PAYMENT,406.18,C5063667522,521.96,115.78,M254091103,1.8,407.98,0,0
320,TRANSFER,14543.35,C3393564805,7080.1,0.0,C3013860190,19.21,14562.56,0,0
182,CASH_OUT,87.57,C7404865583,69602.01,69514.44,M301785251,179.0,266.57,0,0
86,TRANSFER,59765.62,C7412491636,16.44,0.0,C3268389036,785.45,60551.07,0,0
467,PAYMENT,996.85,C7702755989,498.14,0.0,M601109657,0.9,997.75,0,0
53,PAYMENT,54.56,C5251961401,905.04,850.48,M552502422,49.36,103.92,0,0
235,CASH_IN,135.03,C5465908220,1441.11,1306.08,C4720015790,100.14,235.17,0,0
433,CASH_IN,8.39,C8660580069,695.48,687.09,C3390534839,101.54,109.93,0,0
496,CASH_OUT,499.38,C2376155362,878.83,0.0,M626818058,103.97,103.97,1,0
100,CASH_IN,3304.6,C5565522134,2744.68,0.0,C4131439969,11.43,3316.03,0,0
599,PAYMENT,429.31,C5198781368,673.57,244.26,M450814337,210.12,639.43,0,0
403,CASH_IN,2009.45,C8711108461,289.54,0.0,C3996063041,38.48,2047.93,0,0
396,CASH_IN,950.49,C4982384105,269.0,0.0,C7170093002,9017.98,9968.47,0,0
527,PAYMENT,4538.12,C9533789205,30348.13,25810.01,M644378425,6310.63,10848.75,0,0
415,PAYMENT,56.86,C2041593072,156103.91,156047.05,M846802491,45.03,101.89,0,0
613,CASH_IN,2358.46,C4003973510,470.83,0.0,C1938275650,61.36,2419.82,0,0
677,PAYMENT,17563.04,C5802500611,496.49,0.0,M709983953,32350.72,49913.76,0,0
463,CASH_OUT,68227.18,C7147787093,2921.5,0.0,M551754503,11.3,68238.48,0,0
541,CASH_IN,6909.5,C4636718679,1531.07,0.0,C6843766169,449.7,7359.2,0,0
626,CASH_OUT,568.47,C5329574933,758.68,190.21,M862212063,15742.89,16311.36,0,0
619,CASH_IN,58.52,C3064593097,48.18,0.0,C9110952064,39.63,98.15,0,0
364,TRANSFER,78.79,C6316853274,142.8,64.01,C1964298624,7.2,85.99,0,0
130,CASH_OUT,285.33,C6039213332,6183.74,5898.41,M161126848,100.04,385.37,0,0
84,CASH_OUT,16644.66,C3794733589,546.04,0.0,M298420050,196.83,196.83,1,0
271,CASH_OUT,139.67,C3754174622,149606.97,149467.3,M175942321,580.72,720.39,0,0
244,PAYMENT,577.78,C4228886528,134396.62,133818.84,M215692868,513.23,1091.01,0,0
388,TRANSFER,2647.91,C1070118477,110.62,0.0,C8947934411,1022.48,3670.39,0,0
214,PAYMENT,1.0,C1886217144,29859.63,29858.63,M319558235,0.55,1.55,0,0
166,CASH_OUT,48.09,C2795161322,785.59,737.5,M911899835,443.87,491.96,0,0
59,PAYMENT,20057.18,C3012194421,1576.02,0.0,M240156836,62.87,20120.05,0,0
602,CASH_IN,3248.03,C3236946074,6355.45,3107.42,C4527368525,10115.61,13363.64,0,0
504,PAYMENT,3292.13,C9221815741,13445.53,10153.4,M499774230,2496.38,5788.51,0,0
706,CASH_IN,61.62,C3234842057,180.76,119.14,C5956360912,4428.16,4489.78,0,0
123,CASH_OUT,7354.03,C9507150941,261317.18,253963.15,M762669133,4650.0,12004.03,0,0
648,CASH_IN,78.74,C6871433308,2205.52,2126.78,C3536051984,557.22,635.96,0,0
413,CASH_OUT,484.49,C7669446651,7.83,0.0,M775426656,120.27,604.76,0,0
139,CASH_OUT,1618.71,C7710513261,569.91,0.0,M165389701,264.65,1883.36,0,0
229,CASH_IN,2134.04,C8354417041,217230.62,215096.58,C2356571822,4034.41,6168.45,0,0
274,PAYMENT,1082.57,C2151828994,250.0,0.0,M302445556,188.77,1271.34,0,0
439,CASH_OUT,269.92,C3928136777,335715.84,335445.92,M419790992,478.73,748.65,0,0
562,TRANSFER,10.02,C4976342916,1494.73,1484.71,C5041845562,306.46,316.48,0,0
118,CASH_IN,475.66,C9342744099,1085.47,609.81,C1521411869,202.55,678.21,0,0
714,CASH_OUT,5.28,C9151936284,79.63,74.35,M862867373,9051.18,,0,0
483,PAYMENT,1255.34,C7331310781,5127.55,3872.21,M181007705,105.84,1361.18,0,0
395,CASH_IN,56.98,C2492285915,483.9,426.92,C1859788756,23.83,80.81,0,0
703,CASH_IN,293.23,C5410927462,1043.78,750.55,C1502327307,2158.66,2451.89,0,0
460,CASH_OUT,145.03,C1637163508,645.95,0.0,M578839942,272.07,272.07,1,0
693,PAYMENT,1251.41,C9746498635,9005.43,7754.02,M839752619,93.24,1344.65,0,0
78,PAYMENT,83.08,C7206305513,657.33,574.25,M617727158,119.12,202.2,0,0
412,CASH_IN,673.46,C6293055606,2.07,0.0,C3921150288,164.59,838.05,0,0
75,CASH_OUT,583.53,C4490508352,131.95,0.0,M472032271,63.2,646.73,0,0
295,CASH_IN,460.14,C4126548897,40.55,0.0,C1734277713,19661.49,20121.63,0,0
21,CASH_OUT,884.79,C2141633380,44625.95,43741.16,M612980099,6145.92,7030.71,0,0
171,CASH_IN,36.42,C8347576817,4885.37,4848.95,C9092983590,15.98,52.4,0,0
15,TRANSFER,39.18,C2723057826,1236.32,1197.14,C6315722879,84.83,124.01,0,0
211,CASH_OUT,7093.62,C2397429001,672.66,0.0,M249714273,161.78,7255.4,0,0
560,CASH_OUT,18.55,C1446539741,31.89,13.34,M979248861,1.17,19.72,0,0
86,PAYMENT,30720.81,C5596405741,623.69,0.0,M556753203,74.37,30795.18,0,0
149,CASH_IN,306.27,C8879443070,11872.07,11565.8,C4816619486,1292.65,1598.92,0,0
700,CASH_OUT,73.63,C9852049866,8489.85,8416.22,M905094977,233.16,306.79,0,0
372,PAYMENT,2258.14,C1809053884,3200.93,942.79,M881658615,9666.59,11924.73,0,0
480,CASH_IN,131.04,C7227207879,33.83,0.0,C1635759725,1094.57,1225.61,0,0
151,CASH_IN,793.45,C8570311198,175.72,0.0,C3783893178,13370.24,14163.69,0,0
141,CASH_IN,4847.23,C9428364554,2780.19,0.0,C7751990021,2103.98,6951.21,0,0
69,PAYMENT,1679.94,C4382577679,62.17,0.0,M500801248,280.83,1960.77,0,0
260,TRANSFER,946.7,C3592519069,6663.84,5717.14,C8917440580,30.76,977.46,0,0
521,CASH_OUT,1494.08,C1768421574,39.3,0.0,M233541543,21.4,1515.48,0,0
633,CASH_OUT,437.09,C7766370254,69.63,0.0,M893544478,870.45,1307.54,0,0
371,PAYMENT,2043.03,C4703719845,39.98,0.0,M392445581,3967.0,6010.03,0,0
419,PAYMENT,47.2,C7192355490,318.72,271.52,M934312288,576.07,623.27,0,0
101,CASH_IN,7466.88,C1769447229,24.47,0.0,C9104148301,1221.26,8688.14,0,0
661,CASH_OUT,295.18,C6738002498,325.2,30.02,M978214434,2220.2,2515.38,0,0
658,CASH_IN,575.0,C9168982206,112.4,0.0,C1349199289,146.47,721.47,0,0
243,CASH_IN,215.49,C7820189022,197.97,0.0,C7669907697,1309.31,1524.8,0,0
512,PAYMENT,1355.9,C4398695541,5841.6,4485.7,M375682494,1543.18,2899.08,0,0
555,CASH_IN,3321.75,C1068936692,1068.01,0.0,C8273828448,25.16,3346.91,0,0
95,CASH_OUT,55.47,C5828980410,5829.29,5773.82,M447913799,608.78,664.25,0,0
226,CASH_OUT,351.23,C5919659192,281809.12,281457.89,M405185975,1139.34,1490.57,0,0
518,CASH_IN,566.63,C1468651341,16.12,0.0,C4241689152,1021.6,1588.23,0,0
214,PAYMENT,965.5,C2040188186,280.77,0.0,M555632956,797.5,1763.0,0,0
718,CASH_OUT,225.18,C4933406226,83.67,0.0,M214584503,2864.48,3089.66,0,0
67,PAYMENT,170.05,C8519374319,192.77,22.72,M205142486,98443.61,98613.66,0,0
396,CASH_IN,2373.7,C8513641456,2811.51,437.81,C5264820020,655.57,3029.27,0,0
612,PAYMENT,1115.74,C8745937374,91565.88,90450.14,M591530283,21046.14,22161.88,0,0
12,CASH_OUT,620.75,C1412169868,5491.8,4871.05,M269041207,5.78,626.53,0,0
237,PAYMENT,4908.93,C5225953192,3688.71,0.0,M258040413,576.29,5485.22,0,0
399,CASH_IN,27.79,C2545025323,14782.35,14754.56,C2762015590,7.84,35.63,0,0
407,CASH_OUT,1992.02,C6713294216,45695.05,43703.03,M787179340,113.84,2105.86,0,0
480,CASH_OUT,851.72,C8811042794,97940.79,97089.07,M787968990,27476.57,28328.29,0,0
647,PAYMENT,21.98,C1875603222,3705.75,3683.77,M462065661,2994.75,3016.73,0,0
222,PAYMENT,4157.44,C1443592000,98.92,0.0,M960786457,529.27,4686.71,0,0
156,CASH_OUT,1312.55,C4456373529,469.36,0.0,M118804592,7023.79,8336.34,0,0
654,CASH_OUT,1714.17,C4731660556,6.52,0.0,M632574935,757.71,2471.88,0,0
428,CASH_OUT,219.79,C3197448079,7448.76,7228.97,M686336344,149.08,368.87,0,0
158,CASH_OUT,1854.14,C8962120321,130.44,0.0,M570247673,5.76,1859.9,0,0
416,CASH_OUT,93.51,C7696295888,182.84,89.33,M933052291,1165.83,1259.34,0,0
326,PAYMENT,27.36,C9669128732,2654.57,2627.21,M450534740,36.17,63.53,0,0
371,PAYMENT,393.03,C3434293960,8.42,0.0,M938160453,391.94,784.97,0,0
344,PAYMENT,1556.23,C2064778081,14467.71,12911.48,M524021317,304.16,1860.39,0,0
262,PAYMENT,3071.28,C3820025933,4396.11,1324.83,M856226470,156.52,3227.8,0,0
283,CASH_OUT,545.32,C5778022850,371.37,0.0,M290600094,899.19,1444.51,0,0
229,PAYMENT,467.34,C8860504036,969.89,502.55,M157361224,36689.29,37156.63,0,0
280,CASH_OUT,3067.57,C9863580934,204.95,0.0,M919547137,612.15,3679.72,0,0
290,CASH_OUT,206.88,C3819334359,737502.74,737295.86,M270554836,324.95,531.83,0,0
680,CASH_OUT,131.07,C6357918716,110.79,0.0,M641622790,229.89,229.89,1,0
47,DEBIT,10264.82,C6247159135,2457.93,0.0,M561399552,425.19,10690.01,0,0
715,CASH_OUT,231.48,C5192769409,568.22,336.74,M593440008,5718.28,5949.76,0,0
214,TRANSFER,2523.06,C8696522172,1254.92,0.0,C1518227503,0.09,2523.15,0,0
24,PAYMENT,6119.65,C5584740426,3950.07,0.0,M344142902,210.53,6330.18,0,0
321,PAYMENT,614.01,C2021231499,4354.03,3740.02,M921236428,1.19,615.2,0,0
274,CASH_IN,683.83,C8256894419,449.27,0.0,C8231001925,122.33,806.16,0,0
556,CASH_OUT,14700.08,C2270333772,60.02,0.0,M200480493,462.82,15162.9,0,0
313,CASH_OUT,29.49,C6985566473,175.87,0.0,M494167885,5050.87,5050.87,1,0
363,TRANSFER,28.51,C5096038880,346.7,318.19,C8261290800,2778.4,2806.91,0,0
668,PAYMENT,2061.27,C5665654206,246.7,0.0,M216363933,11679.87,13741.14,0,0
380,CASH_OUT,178.13,C1216028836,81.09,0.0,M921493269,167.68,345.81,0,0
711,CASH_OUT,2259.71,C6746418891,3361.73,1102.02,M437313011,40.62,2300.33,0,0
674,CASH_IN,360.37,C5110958112,36.99,0.0,C6198617117,92.86,453.23,0,0
470,CASH_IN,2133.55,C8881661589,964.37,0.0,C4362304576,2018.17,4151.72,0,0
675,PAYMENT,69.21,C8241576800,18.54,0.0,M799888587,13220.21,13289.42,0,0
116,CASH_OUT,1375.05,C6039012813,16774.62,15399.57,M764026982,1179.11,2554.16,0,0
605,CASH_IN,148.13,C2052694168,235.81,87.68,C5203437123,118.76,266.89,0,0
42,CASH_OUT,1703.54,C6435855104,177.86,0.0,M884362085,12.87,1716.41,0,0
379,PAYMENT,45669.82,C2005180017,116.86,0.0,M118640875,223.84,45893.66,0,0
722,PAYMENT,80.72,C7728040758,77886.34,77805.62,M687907450,2204.43,2285.15,0,0
206,PAYMENT,198.71,C7716281188,30292.08,30093.37,M761728697,17.21,215.92,0,0
466,PAYMENT,312.47,C2636875568,1256.27,943.8,M496649951,59481.52,59793.99,0,0
732,CASH_IN,769.32,C8513320355,312.65,0.0,C3358010799,243.43,1012.75,0,0
280,CASH_IN,4.13,C5864313472,196628.12,196623.99,C5274681195,4969.65,4973.78,0,0
648,PAYMENT,431.16,C6592025623,3805.52,3374.36,M602945320,27.69,458.85,0,0
618,CASH_OUT,260.61,C4480698396,579.34,318.73,M867026883,127.2,387.81,0,0
118,CASH_OUT,264.31,C3063808063,269.72,5.41,M730524065,11175.67,11439.98,0,0
237,CASH_OUT,727.1,C7489208460,8471.73,7744.63,M760673697,21.05,748.15,0,0
309,PAYMENT,819.05,C9493542322,631.8,0.0,M789851611,1597.7,2416.75,0,0
456,PAYMENT,794.07,C9154600383,38.58,0.0,M853145344,45.94,840.01,0,0
475,CASH_OUT,46.8,C8412543820,1685.36,1638.56,M976886102,41.15,87.95,0,0
100,CASH_OUT,244.5,C8255973136,1991.93,1747.43,M985085925,332.77,577.27,0,0
261,CASH_OUT,224.81,C5920790810,1225.2,1000.39,M535644196,77.24,302.05,0,0
305,PAYMENT,1158.16,C1401908611,3877.53,2719.37,M303907922,867.91,2026.07,0,0
354,PAYMENT,58.43,C1718589866,488.46,430.03,M800222426,223.25,281.68,0,0
286,PAYMENT,593.92,C4971649358,1116.04,522.12,M791388858,64.26,658.18,0,0
328,CASH_IN,10074.03,C1725990384,1069.62,0.0,C4332118894,252.62,10326.65,0,0
103,CASH_IN,1.97,C7256250545,38.58,36.61,C4407563948,18048.55,18050.52,0,0
63,PAYMENT,287.2,C6709957911,6354.7,6067.5,M286986637,39.02,326.22,0,0
687,CASH_OUT,7.62,C3322066080,4339.54,4331.92,M895455399,27.8,35.42,0,0
282,PAYMENT,403.65,C5175539723,13004.64,12600.99,M902209685,33.9,437.55,0,0
441,PAYMENT,2145.07,C4183529941,87.98,0.0,M544401278,36.0,2181.07,0,0
293,CASH_OUT,145.21,C4808422682,381.22,236.01,M353941165,40.76,185.97,0,0
738,TRANSFER,2571.18,C6067888022,17548.82,14977.64,C4723488467,14.51,2585.69,0,0
7,PAYMENT,6134.47,C1652670361,259.72,0.0,M520998903,3645.77,9780.24,0,0
639,PAYMENT,901.04,C2220461214,97845.95,96944.91,M539562489,623.97,1525.01,0,0
92,PAYMENT,144.03,C7895733500,22.23,0.0,M633432366,,500.78,0,0
190,CASH_OUT,1178.51,C9905213894,266.86,0.0,M805467066,163160.42,164338.93,0,0
476,CASH_OUT,11635.1,C3169653861,343.04,0.0,M484719707,1773.12,13408.22,0,0
511,PAYMENT,28.15,C6372199257,7400.78,7372.63,M318887563,2914253.85,2914282.0,0,0
462,CASH_OUT,3700.82,C3749500492,70506.94,66806.12,M771399736,10233.47,13934.29,0,0
53,CASH_OUT,30.64,C5296872638,2344.36,2313.72,M340149967,19.38,50.02,0,0
486,TRANSFER,19.39,C8982833372,1.57,0.0,C3715005841,14.38,33.77,0,0
644,PAYMENT,34.23,C7577352620,895.57,861.34,M772647875,111.26,145.49,0,0
490,CASH_OUT,372.87,C9321307566,1491.94,1119.07,M796006213,166.81,539.68,0,0
364,CASH_OUT,5044.14,C1305733713,2930.08,0.0,M529834809,9823.83,14867.97,0,0
112,PAYMENT,7.23,C8476353492,901.07,893.84,M662086717,144.23,151.46,0,0
409,CASH_OUT,2919.25,C3151697034,28736.89,25817.64,M868888765,305.76,3225.01,0,0
7,CASH_OUT,297.02,C8356256006,119.02,0.0,M644902251,21.78,318.8,0,0
742,PAYMENT,44.44,C9375233955,83.35,38.91,M897379490,2107.08,2151.52,0,0
668,CASH_OUT,1317.05,C1120168183,237.24,0.0,M254870475,6279.04,6279.04,1,0
197,PAYMENT,156.08,C3244627640,732834.63,732678.55,M529120282,2796.84,2952.92,0,0
735,PAYMENT,36967.92,C8890501598,699.5,0.0,M375472055,558.69,37526.61,0,0
367,CASH_OUT,1093.27,C5146195333,19380.37,18287.1,M768202524,5233.57,6326.84,0,0
250,CASH_OUT,451.2,C3861239645,18490.08,18038.88,M899099946,1533.52,1984.72,0,0
595,PAYMENT,1475.04,C7196103490,14.92,0.0,M465982068,2905.22,4380.26,0,0
240,PAYMENT,5925.66,C8354416041,952.09,0.0,M757501200,57.17,5982.83,0,0
380,CASH_OUT,7198.73,C1878617288,18043.6,10844.87,M438958244,194.43,7393.16,0,0
471,CASH_OUT,2581.37,C6413666018,1403235.09,1400653.72,M826821881,1901.53,4482.9,0,0
701,TRANSFER,6333.44,C2668983020,16250.76,9917.32,C9166054243,126.46,6459.9,0,0
455,CASH_OUT,4476.2,C2048969137,465.88,0.0,M409944506,65973.7,70449.9,0,0
366,TRANSFER,2486.38,C8764964485,42217.78,39731.4,C4977895666,1164.11,3650.49,0,0
290,CASH_OUT,183.34,C2309126975,373.17,189.83,M907142342,1699.39,1882.73,0,0
403,CASH_OUT,4986.43,C1286606622,64.8,0.0,M689196842,5624.59,10611.02,0,0
58,PAYMENT,171.18,C8998244324,6308.01,6136.83,M299715449,792.34,963.52,0,0
521,CASH_OUT,683.44,C6595850105,29.07,0.0,M842743423,1310.71,1994.15,0,0
304,CASH_OUT,190.13,C5737729841,247.48,57.35,M125694291,95.37,285.5,0,0
115,CASH_OUT,1553.03,C7060664061,45109.62,43556.59,M608766222,173.7,1726.73,0,0
210,TRANSFER,5214.12,C1381431631,6508.32,1294.2,C9794996745,400.17,5614.29,0,0
41,PAYMENT,178.8,C1577648426,126.48,0.0,M221966403,26.07,204.87,0,0
173,PAYMENT,23.96,C5433197346,1557.58,1533.62,M364400672,22646.59,22670.55,0,0
234,CASH_IN,3044.45,C7226561719,864.6,0.0,C6639695370,23.37,3067.82,0,0
590,CASH_IN,3200.93,C1756548521,10597.2,7396.27,C8804396673,27.51,3228.44,0,0
620,PAYMENT,9218.15,C4122930641,2835.53,0.0,M463830160,413.02,9631.17,0,0
403,CASH_OUT,2410.97,C9658122164,1614.73,0.0,M487998028,1251.82,3662.79,0,0
39,CASH_OUT,2524.86,C4608155383,1000.88,0.0,M780575496,65.44,2590.3,0,0
119,CASH_OUT,96.08,C8934655342,70.14,0.0,M832173775,111.82,207.9,0,0
335,CASH_OUT,1761.74,C4243246810,34557.62,32795.88,M731132163,204.79,1966.53,0,0
336,CASH_OUT,29544.58,C3643880601,3124.67,0.0,M139014132,438.11,29982.69,0,0
539,CASH_OUT,133.49,C8672355934,482.41,348.92,M426332446,2010.45,2143.94,0,0
616,TRANSFER,35.31,C7517495096,578.48,543.17,C8191463768,62.0,97.31,0,0
74,TRANSFER,534.39,C7386731205,849.51,315.12,C9510300873,140.2,674.59,0,0
191,CASH_OUT,2630.37,C7130079379,140.37,0.0,M515107773,1047.5,3677.87,0,0
324,CASH_OUT,622.05,C1925366440,265.21,0.0,M455391972,,8331.85,0,0
147,CASH_OUT,14293.24,C4324023052,12809.5,0.0,M947603467,3955.66,18248.9,0,0
284,CASH_OUT,72.19,C6550572019,21.93,0.0,M874267138,1050.6,1122.79,0,0
213,CASH_OUT,19.47,C9494868583,114246.1,114226.63,M789145780,2.35,21.82,0,0
635,TRANSFER,7030.42,C4985187284,1107.12,0.0,C9743058969,45.32,7075.74,0,0
718,CASH_OUT,24.15,C2113851146,151.61,127.46,M545798864,56.82,80.97,0,0
394,CASH_OUT,760.7,C2944047092,461.82,0.0,M877059027,5092.47,5853.17,0,0
339,CASH_OUT,6658.45,C3863185052,3141.56,0.0,M932041139,28.4,6686.85,0,0
22,TRANSFER,621.78,C2105166191,329.39,0.0,C7959714290,8.67,630.45,0,0
105,TRANSFER,99.9,C4117262919,5702.72,5602.82,C9227573416,1066.79,1166.69,0,0
466,CASH_IN,5138.83,C2345689963,77.04,0.0,C5900847244,1396.21,6535.04,0,0
459,PAYMENT,567.69,C7693418990,149.34,0.0,M566542455,61.1,628.79,0,0
432,CASH_OUT,259.37,C1798148910,2020.12,1760.75,M277567399,133.67,393.04,0,0
716,CASH_OUT,10796.9,C3555442349,232.73,0.0,M658333531,21968.5,32765.4,0,0
619,PAYMENT,190.13,C9122650787,146967.01,146776.88,M728770866,12.93,203.06,0,0
221,CASH_IN,121.67,C3569576558,8720.49,8598.82,C7121926337,30.0,151.67,0,0
379,CASH_OUT,66.32,C2094671891,3945.72,3879.4,M770209930,1861.1,1927.42,0,0
222,CASH_OUT,4592.05,C7705229342,1448.9,0.0,M926843848,538.12,5130.17,0,0
258,PAYMENT,948.89,C1376182193,460.84,0.0,M500083427,341.09,1289.98,0,0
713,CASH_OUT,152.18,C6287086114,578.22,426.04,M141325948,8.42,160.6,0,0
367,PAYMENT,22.69,C5854290549,135.98,113.29,M196083270,36.87,59.56,0,0
349,PAYMENT,6750.99,C1853148944,1863.13,0.0,M614537890,185.17,6936.16,0,0
225,CASH_OUT,156.72,C3232872613,48.68,0.0,M741041360,46375.74,46532.46,0,0
714,PAYMENT,10.61,C5226256246,42018.56,42007.95,M686558169,106.93,117.54,0,0
738,TRANSFER,480.44,C6183285935,1277.36,796.92,C5012920357,9.91,490.35,0,0
236,CASH_OUT,3182.29,C9587251768,33671.55,30489.26,M111270432,132.91,3315.2,0,0
183,CASH_OUT,1703.2,C2678945039,10230.38,8527.18,M481650250,67.21,1770.41,0,0
712,CASH_OUT,474.56,C1962694580,922.18,447.62,M777355745,1705.28,2179.84,0,0
444,PAYMENT,166.74,C1443063290,3343.89,3177.15,M234412677,0.59,167.33,0,0
623,CASH_IN,131.46,C9813162224,377.89,246.43,C5640954526,73.76,205.22,0,0
6,PAYMENT,5176.85,C4318108427,862.09,0.0,M577857614,14310.88,19487.73,0,0
236,CASH_OUT,8.12,C4260046985,157.55,149.43,M325108701,1914.89,1923.01,0,0
127,TRANSFER,60.44,C7078148779,70550.01,70489.57,C3384799443,472.4,532.84,0,0
104,CASH_IN,333.07,C2105004979,1754.95,1421.88,C8170374186,100.16,433.23,0,0
480,PAYMENT,7.47,C6555352014,9096.99,9089.52,M977782529,2178.37,2185.84,0,0
155,CASH_OUT,260.89,C3532778198,366.99,106.1,M945484363,,2248.05,0,0
257,CASH_OUT,34.68,C3317453773,56638.4,56603.72,M203409043,24.34,59.02,0,0
235,CASH_IN,1042.72,C1212787494,179.19,0.0,C1442864377,6284.27,7326.99,0,0
500,PAYMENT,128.2,C8574127422,822.74,694.54,M510282738,107409.15,107537.35,0,0
289,PAYMENT,181.37,C8747812424,337.78,156.41,M773390957,147.93,329.3,0,0
510,CASH_OUT,111.49,C5226607315,2180.48,2068.99,M683419554,32.28,143.77,0,0
552,PAYMENT,1560.01,C9927829152,194.96,0.0,M702350262,3006.46,4566.47,0,0
709,CASH_IN,351.49,C1680474030,4800.54,4449.05,C4051867438,4146.24,4497.73,0,0
569,TRANSFER,2676.08,C8815992962,2117.28,0.0,C3444744058,209.4,2885.48,0,0
298,CASH_OUT,4518.41,C1318442074,736.77,0.0,M432847154,20.04,4538.45,0,0
610,PAYMENT,227.22,C8307435897,76.42,0.0,M154257524,1196.96,1424.18,0,0
137,PAYMENT,100.06,C9322120056,895.97,795.91,M106770552,0.28,100.34,0,0
376,CASH_IN,174.53,C8424781831,842.73,668.2,C5292457411,573.99,748.52,0,0
87,CASH_IN,82755.64,C5472777303,10311.61,0.0,C7752939675,0.14,82755.78,0,0
419,TRANSFER,117.34,C3451250899,531.9,414.56,C6347554336,139.12,256.46,0,0
199,TRANSFER,284.44,C2839631333,94.78,0.0,C8161077374,8235.31,8519.75,0,0
463,CASH_OUT,619.51,C3839166107,13.1,0.0,M565729522,88338.04,88957.55,0,0
437,CASH_IN,1203.68,C2336318684,19396.96,18193.28,C5709804195,5574.23,6777.91,0,0
310,PAYMENT,496.08,C8948512676,701.89,205.81,M790244223,614.34,1110.42,0,0
596,CASH_OUT,14015.0,C7508311129,2495.18,0.0,M299580306,1342.28,15357.28,0,0
281,CASH_OUT,646.74,C7812213943,302.24,0.0,M652835760,717.03,1363.77,0,0
323,CASH_OUT,299.3,C6926714835,245.38,0.0,M971127675,30.7,330.0,0,0
702,CASH_IN,2729.18,C7691299166,863.18,0.0,C1495110390,1161.82,3891.0,0,0
152,CASH_OUT,68.49,C6234625486,135.82,67.33,M742744500,168.29,236.78,0,0
302,CASH_IN,1186.06,C3499809344,437.46,0.0,C8402435929,2945.7,4131.76,0,0
278,PAYMENT,192.16,C7760463086,6543.17,6351.01,M471335680,7031.43,7223.59,0,0
651,PAYMENT,5277.88,C7160962254,6339.55,1061.67,M506809681,132.98,5410.86,0,0
688,CASH_OUT,6156.39,C9970161478,312.07,0.0,M237731067,335.2,6491.59,0,0
8,PAYMENT,284.81,C5856578394,618.16,333.35,M999728618,742.84,1027.65,0,0
235,PAYMENT,70.75,C8852625503,8.91,0.0,M784947200,701.0,771.75,0,0
675,CASH_OUT,9.73,C2994897067,16.85,7.12,M411345690,99098.86,99108.59,0,0
561,CASH_IN,632.97,C1428693813,303.04,0.0,C8066573179,202.02,834.99,0,0
302,PAYMENT,5.67,C9426160867,1223.41,1217.74,M887407155,3.7,9.37,0,0
38,CASH_OUT,340.33,C6196658921,45.74,0.0,M693616078,241.2,581.53,0,0
136,CASH_IN,131.38,C5177006127,6371.42,6240.04,C6452873790,47691.91,47823.29,0,0
421,CASH_OUT,1231.67,C6071866113,9210.26,7978.59,M141771870,1118.43,2350.1,0,0
219,PAYMENT,392.57,C8396963717,133.26,0.0,M175399393,527.34,919.91,0,0
348,PAYMENT,129.97,C7850168793,119.37,0.0,M946042364,19.84,149.81,0,0
546,CASH_OUT,2204.24,C7476347209,3067.64,863.4,M234299888,287.57,2491.81,0,0
79,PAYMENT,45.49,C8751289781,71163.62,71118.13,M529776237,18529.45,18574.94,0,0
273,PAYMENT,1244.08,C1269907955,386.11,0.0,M791434448,6355.23,7599.31,0,0
161,PAYMENT,24943.08,C4493491905,11396.92,0.0,M999135865,15015.84,39958.92,0,0
687,CASH_OUT,2782.61,C6784271090,1026.4,0.0,M983530050,18.09,2800.7,0,0
308,CASH_OUT,179.31,C6281571181,1277.78,1098.47,M191619667,2558.42,2737.73,0,0
374,CASH_OUT,52.63,C1661854942,685.69,633.06,M435228033,2.39,55.02,0,0
733,TRANSFER,2615.78,C5890427972,11394.45,8778.67,C1032041140,321.64,2937.42,0,0
9,CASH_OUT,34.86,C8335248996,155481.64,155446.78,M164515784,882.62,917.48,0,0
444,PAYMENT,408.31,C2454952211,9295.75,8887.44,M312067798,7644.35,8052.66,0,0
113,CASH_IN,1718.17,C1141083413,57.46,0.0,C2807815662,4145.81,5863.98,0,0
205,CASH_IN,53.63,C1187660156,580.82,527.19,C8188401842,9491.89,9545.52,0,0
405,CASH_IN,48.03,C1490487115,8.43,0.0,C9957558305,13452.73,13500.76,0,0
698,TRANSFER,28.91,C8038262607,186883.95,186855.04,C5002172853,334.53,363.44,0,0
197,PAYMENT,9788.68,C3907324936,2644.1,0.0,M304975417,14.46,9803.14,0,0
115,CASH_OUT,12052.36,C5401465494,147.51,0.0,M582279182,1645.29,13697.65,0,0
121,CASH_OUT,11698.74,C2080455146,2113.16,0.0,M106033386,3356.76,15055.5,0,0
653,CASH_OUT,15288.23,C3452587891,122205.89,106917.66,M694090168,103.97,15392.2,0,0
65,PAYMENT,113.74,C8464119277,135.58,21.84,M874832369,486.23,599.97,0,0
276,CASH_OUT,10.75,C8387545720,263.58,252.83,M157221253,2243.56,2254.31,0,0
239,CASH_IN,12167.15,C4939787692,58.34,0.0,C7731842408,18686.91,30854.06,0,0
302,CASH_OUT,2587.26,C4645942421,4527.31,1940.05,M752183578,12.04,2599.3,0,0
392,CASH_OUT,2202.95,C5755716334,773.69,0.0,M843167704,8749.1,,0,0
522,CASH_IN,50.4,C3808341403,4.97,0.0,C1930489928,347.75,398.15,0,0
369,CASH_OUT,489.85,C2097097994,2549.65,2059.8,M492869886,267.27,757.12,0,0
233,CASH_IN,554.76,C8900871843,11776.52,11221.76,C6264450484,9199.69,9754.45,0,0
195,DEBIT,355.57,C9119932104,289.53,0.0,M298654587,104.38,459.95,0,0
12,CASH_IN,73.66,C7638304589,978.95,905.29,C5349183173,1542.42,1616.08,0,0
689,CASH_OUT,9.01,C2039711911,662.03,653.02,M417764956,71.59,80.6,0,0
177,CASH_IN,89.54,C3569431270,6115.74,6026.2,C2329250614,240.19,329.73,0,0
217,CASH_OUT,1.29,C6511728711,17.45,16.16,M180164048,16132.92,16134.21,0,0
11,CASH_IN,176.66,C2374059240,212.32,35.66,C6296986563,1167.37,1344.03,0,0
446,CASH_OUT,117.92,C6865213515,510.16,392.24,M560246769,9939.69,10057.61,0,0
630,CASH_OUT,39.04,C9795889119,7530.58,7491.54,M119681273,2.4,41.44,0,0
164,TRANSFER,899.4,C8159926013,1102.79,203.39,C8303320272,10918.22,11817.62,0,0
551,PAYMENT,203.01,C1708311975,41.56,0.0,M419017569,31.26,234.27,0,0
53,CASH_IN,234.55,C5121019522,259.95,25.4,C9347109104,,318.42,0,0
218,PAYMENT,6515.78,C5959461669,25576.34,19060.56,M403194612,127.81,6643.59,0,0
718,CASH_IN,212.27,C9498903234,40.13,0.0,C8641951202,1035.05,1247.32,0,0
360,TRANSFER,999.77,C6204838636,14313.6,13313.83,C9349426405,1076.56,2076.33,0,0
385,PAYMENT,46.24,C8005879949,11379.22,11332.98,M380868034,1866.74,1912.98,0,0
56,PAYMENT,672.41,C5198372942,23092.17,22419.76,M551916559,1030.89,1703.3,0,0
118,PAYMENT,328.62,C3846542443,17149.6,16820.98,M841162396,,1397.81,0,0
253,TRANSFER,485.46,C7964485949,33072.23,32586.77,C7656855097,188.19,673.65,0,0
180,CASH_OUT,34.82,C3385666874,12.33,0.0,M776956636,711.93,746.75,0,0
415,PAYMENT,42.12,C4812731021,28921.14,28879.02,M268966140,1210.25,1252.37,0,0
235,CASH_OUT,201.88,C9687850937,3780.91,3579.03,M873312222,11.69,213.57,0,0
708,CASH_OUT,5774.91,C3648403979,262.4,0.0,M780882562,1529.97,7304.88,0,0
80,CASH_OUT,22.63,C1081484869,57.32,34.69,M637597798,701.28,723.91,0,0
647,PAYMENT,11626.33,C1940752445,1182.89,0.0,M715429141,5626.13,17252.46,0,0
22,CASH_IN,98.19,C2067191652,422007.65,421909.46,C9878887684,17454.29,17552.48,0,0
477,PAYMENT,476.36,C2947222403,4039.46,3563.1,M196177626,20182.54,20658.9,0,0
440,PAYMENT,2996.51,C1723432135,325.64,0.0,M577768566,0.13,2996.64,0,0
737,PAYMENT,198.08,C9518514565,409138.92,408940.84,M135909413,46.5,244.58,0,0
570,PAYMENT,247.84,C2481037765,5506.45,5258.61,M859798163,31.69,279.53,0,0
93,CASH_IN,7281.12,C1139336140,5966.82,0.0,C1986985450,436.75,7717.87,0,0
192,PAYMENT,3616.46,C7414579889,2264.36,0.0,M859345494,77.6,3694.06,0,0
103,CASH_OUT,1638.05,C9728486683,3968.34,2330.29,M223507068,4628.08,6266.13,0,0
396,CASH_OUT,301.29,C1186017899,2.3,0.0,M232236863,75.2,376.49,0,0
7,CASH_IN,346.26,C5504332191,1608.54,1262.28,C9950482876,673.54,1019.8,0,0
640,TRANSFER,47.25,C5574381551,8021.73,7974.48,C5671267602,56.88,104.13,0,0
567,CASH_OUT,228.54,C3092249069,57009.81,56781.27,M887282553,563.65,792.19,0,0
231,CASH_OUT,461.63,C7037167139,339744.33,339282.7,M812145913,0.62,462.25,0,0
574,PAYMENT,377.22,C4981774497,17353.8,16976.58,M959050862,77.12,454.34,0,0
240,CASH_IN,729.38,C2208831898,1865.17,1135.79,C9871892796,5.01,734.39,0,0
90,PAYMENT,3725.47,C2167300998,1307.71,0.0,M483128731,6467.13,10192.6,0,0
232,TRANSFER,19.63,C2901926892,191.47,171.84,C7694949599,536.26,555.89,0,0
457,CASH_IN,113.69,C4449593320,4296.18,4182.49,C2184838977,299.03,412.72,0,0
233,CASH_IN,3979.41,C5000505359,154898.53,150919.12,C7377786523,150.22,4129.63,0,0
354,PAYMENT,55961.1,C3602312604,435.73,0.0,M741792603,255.09,56216.19,0,0
333,CASH_OUT,47.11,C9917095663,1745.04,1697.93,M579509715,5701.32,5748.43,0,0
439,CASH_IN,115.5,C1416324863,186.72,71.22,C2331035594,405.12,520.62,0,0
375,PAYMENT,29.45,C7001122577,14699.67,14670.22,M856137132,151.45,180.9,0,0
292,CASH_OUT,6.87,C1649050307,24836.17,24829.3,M668222228,5.14,12.01,0,0
345,CASH_OUT,698.52,C9249273540,194.11,0.0,M636224977,102.1,800.62,0,0
664,PAYMENT,1324.1,C8355170953,4725.73,3401.63,M372199863,299.93,1624.03,0,0
428,PAYMENT,221.57,C9195245872,1.52,0.0,M564941499,1023.56,1245.13,0,0
657,PAYMENT,225.63,C9594749514,555.82,330.19,M740096094,1517.36,1742.99,0,0
130,CASH_OUT,323.04,C9737818261,27235.0,26911.96,M331492008,2388.4,2711.44,0,0
141,PAYMENT,129.38,C8648132098,340.07,210.69,M279561449,285.33,414.71,0,0
415,CASH_OUT,369.75,C1866113588,42.48,0.0,M449981940,42.06,411.81,0,0
93,PAYMENT,6462.59,C8992903985,6160.39,0.0,M120414994,255.77,6718.36,0,0
626,PAYMENT,77.11,C6276539914,833.71,756.6,M356127023,38.12,115.23,0,0
284,CASH_IN,229.04,C7452837525,1792.71,1563.67,C1530542524,4.39,233.43,0,0
655,CASH_IN,312.53,C2458018878,2553.64,2241.11,C7675520189,1137.45,1449.98,0,0
223,CASH_IN,129.67,C2949563460,10660.93,10531.26,C3421450940,3.19,132.86,0,0
463,CASH_IN,462.13,C4121288206,16392.61,15930.48,C2771734971,26.11,488.24,0,0
545,PAYMENT,2.72,C6167497625,2887.23,2884.51,M505094708,351.59,354.31,0,0
276,CASH_OUT,1268.8,C1869686194,20842.48,19573.68,M199614218,24948.73,26217.53,0,0
682,PAYMENT,57.72,C7685122457,1045.85,988.13,M643954511,72.39,130.11,0,0
140,PAYMENT,75.09,C7582502747,2439.42,2364.33,M397182316,2.25,77.34,0,0
357,PAYMENT,288.59,C4732836505,1191.37,902.78,M370356528,271.75,560.34,0,0
713,PAYMENT,25.04,C2825544813,58.42,33.38,M117837609,315.12,340.16,0,0
23,TRANSFER,5781.47,C7562328116,45425.03,39643.56,C4988461677,36.42,5817.89,0,0
736,CASH_OUT,77.66,C1288204484,1274.43,1196.77,M504967229,215.89,293.55,0,0
270,CASH_OUT,78071.7,C1635023450,59773.6,0.0,M941114817,57.42,78129.12,0,0
665,TRANSFER,1422.83,C3559934113,3507.19,2084.36,C1053650803,950.85,2373.68,0,0
333,CASH_IN,129.47,C7136915118,3187.24,3057.77,C4028946091,62.31,191.78,0,0
85,CASH_OUT,218.59,C6060211482,11805.05,11586.46,M505093647,63.84,282.43,0,0
621,CASH_IN,543.04,C8458867208,2313.34,1770.3,C7120231294,2861.97,3405.01,0,0
31,CASH_OUT,12057.49,C1902516938,236.46,0.0,M702135956,235.6,12293.09,0,0
741,CASH_IN,2698.83,C5568190728,784.66,0.0,C3844401233,90.43,2789.26,0,0
240,PAYMENT,2322.75,C5134872496,20743.99,18421.24,M174029193,17580.29,19903.04,0,0
363,PAYMENT,218.95,C5964418925,6689.02,6470.07,M221325037,946.41,1165.36,0,0
389,CASH_IN,129.82,C5712867318,131.78,1.96,C5666044944,5.71,135.53,0,0
653,CASH_OUT,1443.48,C5128543622,2365.37,921.89,M141700619,18.47,1461.95,0,0
668,CASH_OUT,5808.87,C2941632802,95.86,0.0,M477424169,307.97,6116.84,0,0
299,PAYMENT,306.11,C3298999646,1406.39,1100.28,M277177147,3609.29,3915.4,0,0
371,CASH_OUT,102.58,C8575876329,14045.32,13942.74,M577252000,1.82,104.4,0,0
99,TRANSFER,51.08,C2068514292,245.58,194.5,C1402300482,17.01,68.09,0,0
47,PAYMENT,14.2,C2713095237,864.94,850.74,M743947325,12150.26,12164.46,0,0
422,CASH_OUT,165.07,C3639775049,106.38,0.0,M773515693,52.54,217.61,0,0
480,PAYMENT,242.55,C4658628196,5050.65,4808.1,M975158792,53.32,295.87,0,0
579,CASH_OUT,387.56,C7598578770,1582.1,1194.54,M436078418,10.56,398.12,0,0
62,CASH_OUT,1191.87,C8584077243,221.42,0.0,M469062421,1570.03,2761.9,0,0
109,PAYMENT,157.98,C1019494968,3140.91,2982.93,M355259725,6.01,163.99,0,0
679,TRANSFER,14626.19,C6131821502,1033.78,0.0,C7748076382,307.48,14933.67,0,0
549,PAYMENT,41.37,C3725747666,3848.4,3807.03,M596170095,1261.2,1302.57,0,0
119,CASH_OUT,1580.57,C4547930188,108.93,0.0,M117739135,482.17,2062.74,0,0
598,PAYMENT,35.19,C2713538740,487.7,452.51,M174792673,687.28,722.47,0,0
382,CASH_OUT,73.63,C8938950663,1544.63,1471.0,M308929787,87.22,160.85,0,0
392,CASH_OUT,707.69,C9054564424,6139.08,5431.39,M762975540,6060.7,6768.39,0,0
52,CASH_IN,3253.05,C2584974032,95.64,0.0,C1393890518,1100.04,4353.09,0,0
603,TRANSFER,230.65,C7834572362,1460.62,1229.97,C3510335733,,241.69,0,0
289,CASH_OUT,477.82,C3266768194,13101.07,12623.25,M195350440,108.99,586.81,0,0
337,PAYMENT,5041.53,C9204989359,1279.83,0.0,M916794459,47280.17,52321.7,0,0
204,TRANSFER,35.01,C2150850575,496.15,461.14,C1248235545,1003.54,1038.55,0,0
238,CASH_OUT,1881.39,C7158784435,285.67,0.0,M883855935,2334.89,4216.28,0,0
382,CASH_OUT,101.68,C6202099057,297.85,196.17,M279981846,20.31,121.99,0,0
667,TRANSFER,656.02,C6364339484,1921.94,1265.92,C2662543591,5011.15,5667.17,0,0
136,CASH_IN,1187.34,C8334141316,7.66,0.0,C6504822054,2.12,1189.46,0,0
407,CASH_OUT,38.42,C6483539011,279.17,240.75,M451119598,875.55,913.97,0,0
508,PAYMENT,90.64,C2220740619,3116.26,3025.62,M943868533,183.49,274.13,0,0
362,CASH_OUT,1528.0,C7690127168,7071.19,5543.19,M912077162,199.01,1727.01,0,0
381,PAYMENT,239.79,C3174120776,105.68,0.0,M713798477,5235.99,5475.78,0,0
576,CASH_IN,96.8,C8706112627,228.16,131.36,C6477110821,24.31,121.11,0,0
635,PAYMENT,595.54,C9221283930,1320.76,725.22,M929906752,729.0,1324.54,0,0
254,PAYMENT,46.58,C1070086260,5182.03,5135.45,M773860933,774.87,821.45,0,0
477,CASH_OUT,37.89,C2217256386,434.75,396.86,M395958161,758.47,796.36,0,0
114,CASH_OUT,3.4,C5479422135,800.09,796.69,M969277493,13863.9,13867.3,0,0
20,CASH_OUT,828.47,C6357322716,2558.4,1729.93,M787529877,365.61,1194.08,0,0
528,CASH_IN,430.09,C7203402888,61.3,0.0,C7725114478,1236.04,1666.13,0,0
145,PAYMENT,1189.37,C1058007139,63736.04,62546.67,M251871349,5378.0,6567.37,0,0
208,CASH_OUT,4645.8,C5305184444,1348.49,0.0,M323319195,61.31,4707.11,0,0
531,PAYMENT,248.98,C5397683937,456.85,207.87,M752229161,272.5,521.48,0,0
376,CASH_IN,351.04,C2974859670,18986.01,18634.97,C2982163647,16.76,367.8,0,0
504,PAYMENT,801.45,C9313151605,1507.53,706.08,M443326462,1638.23,2439.68,0,0
166,CASH_OUT,129.0,C2078308866,709.37,580.37,M211860415,528.44,657.44,0,0
550,CASH_OUT,21.86,C3009979073,2779.13,2757.27,M824490936,2537.86,2559.72,0,0
181,CASH_OUT,40.32,C1835480539,1217.01,1176.69,M643123318,330.88,371.2,0,0
617,CASH_IN,372.55,C9108918080,235.36,0.0,C5570967643,102.94,475.49,0,0
612,PAYMENT,2979.71,C4878692716,15805.13,12825.42,M359062370,1001.14,3980.85,0,0
602,CASH_IN,9271.01,C3374616994,25.94,0.0,C2197144598,14789.82,24060.83,0,0
444,CASH_IN,228.28,C5949064695,398.39,170.11,C7246403068,,1956.63,0,0
332,TRANSFER,564.36,C8126087884,113081.33,112516.97,C8127501313,11.33,575.69,0,0
503,CASH_OUT,17010.97,C5012955625,1427.9,0.0,M345760939,646.67,17657.64,0,0
79,CASH_OUT,1134.15,C3642581468,20.83,0.0,M169724769,82084.57,83218.72,0,0
585,PAYMENT,530.83,C7453407201,18462.69,17931.86,M230269529,77.44,608.27,0,0
688,CASH_OUT,614.2,C4081492874,538.98,0.0,M764239642,119.65,733.85,0,0
396,CASH_IN,1291.97,C1085253871,77.54,0.0,C3583707594,3.02,1294.99,0,0
608,CASH_IN,35.14,C5570331486,15273.08,15237.94,C2830685980,323.39,358.53,0,0
103,PAYMENT,1846.57,C6219152687,17036.91,15190.34,M407314892,129.78,1976.35,0,0
402,CASH_OUT,970.91,C7750360677,38865.48,37894.57,M530239879,1323.31,2294.22,0,0
224,CASH_OUT,3556.29,C2588334385,97.3,0.0,M623655036,414.72,3971.01,0,0
518,PAYMENT,1083.82,C8368969773,772.93,0.0,M242405463,642.61,1726.43,0,0
634,CASH_IN,3110.37,C1937920229,527.4,0.0,C3870081984,1610.24,4720.61,0,0
236,CASH_OUT,63.7,C5939995929,106.48,42.78,M980889676,4.29,67.99,0,0
427,CASH_OUT,122.38,C7274677110,4583.53,4461.15,M578165685,7062.02,7184.4,0,0
116,CASH_OUT,547.53,C6667626208,16868.83,16321.3,M780971800,1138.14,1685.67,0,0
163,TRANSFER,89.8,C8682806460,350.71,260.91,C3601444998,4593.19,4682.99,0,0
226,PAYMENT,2232.71,C9166898938,1617.22,0.0,M948777568,1145.26,3377.97,0,0
230,CASH_IN,23.78,C4891586630,1572.76,1548.98,C5202044551,1068.03,1091.81,0,0
182,CASH_IN,293.19,C8330997795,16478.4,16185.21,C9886639334,256.01,549.2,0,0
249,PAYMENT,129.93,C5630385118,1117.89,987.96,M308236992,118.8,,0,0
318,CASH_OUT,91.39,C6862811312,1190.24,1098.85,M491297483,3562.75,3654.14,0,0
210,CASH_OUT,26.0,C6016938066,10815.34,10789.34,M526754654,1194.77,1220.77,0,0
656,PAYMENT,438.61,C6907394553,1493.46,1054.85,M103998299,170.61,609.22,0,0
392,CASH_IN,341.65,C1369431030,264.42,0.0,C9986705745,11296.01,11637.66,0,0
96,CASH_OUT,18192.6,C8202161852,71.22,0.0,M391501747,253.16,18445.76,0,0
86,CASH_OUT,58444.96,C6422244062,233.45,0.0,M261641932,1108.07,59553.03,0,0
415,PAYMENT,47.66,C2465467589,2011.22,1963.56,M199031010,22.84,70.5,0,0
394,CASH_OUT,8.97,C6734556301,42.55,33.58,M563555576,131.67,140.64,0,0
696,PAYMENT,36.55,C5194684704,2171.52,2134.97,M867105397,25.26,61.81,0,0
633,CASH_OUT,356.48,C3742282534,25.03,0.0,M593293349,25.97,382.45,0,0
501,CASH_OUT,3828.93,C3229407235,90.83,0.0,M557830805,246.76,4075.69,0,0
604,PAYMENT,154.02,C8035027225,5599.32,5445.3,M900248248,106.33,260.35,0,0
582,PAYMENT,1282.49,C1945965282,360.52,0.0,M769795966,4435.07,5717.56,0,0
133,PAYMENT,81.61,C6610901862,1949.64,1868.03,M660660712,82.09,163.7,0,0
649,CASH_OUT,152.29,C8355972000,955.18,802.89,M978359144,1357.62,1509.91,0,0
314,CASH_IN,563.18,C5654536567,53867.68,53304.5,C2549803171,63.23,626.41,0,0
699,CASH_OUT,394.54,C2299612392,1540.47,1145.93,M327794229,392.32,786.86,0,0
221,CASH_OUT,375.36,C9571450819,85.02,0.0,M908278958,25.97,401.33,0,0
438,PAYMENT,46.36,C8869333806,5017.48,4971.12,M252015150,2130.18,2176.54,0,0
46,CASH_OUT,4683.44,C3151009446,78.82,0.0,M290018885,16233.26,20916.7,0,0
192,PAYMENT,4613.13,C6254993898,13097.74,8484.61,M286993991,22.0,4635.13,0,0
520,TRANSFER,4770.32,C2850491053,7971.74,3201.42,C2231262061,1711.52,6481.84,0,0
379,CASH_IN,104.12,C5143195216,2299.91,2195.79,C5919688163,21769.33,21873.45,0,0
691,PAYMENT,512.23,C8549133231,7241.0,6728.77,M363706517,51.83,564.06,0,0
334,PAYMENT,141.21,C2509591210,20609.47,20468.26,M378771645,15513.08,15654.29,0,0
39,CASH_OUT,57.43,C3262183698,1024.37,966.94,M903356758,438.61,496.04,0,0
293,PAYMENT,713.32,C1825196811,1680.32,967.0,M963902720,303.31,1016.63,0,0
690,CASH_OUT,5.79,C6418536350,2009.42,2003.63,M550733269,193.32,199.11,0,0
162,TRANSFER,2194.44,C3152377962,175.55,0.0,C5944127170,201.03,2395.47,0,0
331,CASH_OUT,39.43,C4853011466,259.71,220.28,M614577025,19.19,58.62,0,0
104,PAYMENT,215.72,C7977701493,1266.98,1051.26,M805707196,94.21,309.93,0,0
161,TRANSFER,4.31,C7959268831,1080.37,1076.06,C1993174153,84456.55,84460.86,0,0
635,CASH_IN,14995.65,C9637893850,2070.6,0.0,C3776514023,11.39,15007.04,0,0
54,TRANSFER,1504.85,C2360932661,319.31,0.0,C6133137641,626.66,2131.51,0,0
34,PAYMENT,479.02,C6667914510,27.64,0.0,M137729557,326.9,805.92,0,0
242,CASH_OUT,101.87,C7226162442,43256.39,43154.52,M634641042,277.17,379.04,0,0
113,CASH_IN,47.87,C8761433625,33.66,0.0,C6160378879,54.89,102.76,0,0
318,CASH_OUT,270.26,C3593964967,8383.7,8113.44,M823194927,5.3,275.56,0,0
23,CASH_OUT,738.35,C6200540852,512.69,0.0,M437481353,810.51,1548.86,0,0
558,CASH_IN,254.76,C6779472781,1807.13,1552.37,C4884980214,79.27,334.03,0,0
647,PAYMENT,1166.59,C1169130834,5745.41,4578.82,M976688269,499.89,1666.48,0,0
118,CASH_IN,16505.67,C4746382341,350.41,0.0,C3594689698,62.34,16568.01,0,0
701,TRANSFER,47.17,C5498471497,35.9,0.0,C3221601549,1446.89,1494.06,0,0
643,CASH_IN,647.41,C8937845320,13359.94,12712.53,C9600415075,344.75,992.16,0,0
212,CASH_OUT,13127.07,C8061629055,5835.11,0.0,M455123801,640.17,13767.24,0,0
418,PAYMENT,216.7,C3173037893,1313.29,1096.59,M457492205,1420.73,1637.43,0,0
113,CASH_IN,305.49,C6397834241,8623.91,8318.42,C6735232793,409.39,714.88,0,0
44,TRANSFER,1014.87,C8259079740,2490.9,0.0,C4215864196,56.3,56.3,1,0
128,PAYMENT,1559.62,C3199669025,956.14,0.0,M350570269,3432.67,4992.29,0,0
158,CASH_OUT,3292.95,C1525302075,664.2,0.0,M707531787,41580.85,44873.8,0,0
394,CASH_IN,501.98,C4565038400,5.08,0.0,C3314651196,,1521.64,0,0
512,CASH_OUT,82.29,C3419728445,2140.85,2058.56,M932489456,0.41,82.7,0,0
45,PAYMENT,1238.34,C3400736582,86.51,0.0,M633570334,48.11,1286.45,0,0
108,PAYMENT,58.33,C5752948102,3292.23,3233.9,M233166506,237.57,295.9,0,0
219,PAYMENT,783.61,C7176952720,529.47,0.0,M385458671,153.07,936.68,0,0
443,CASH_IN,470.83,C1892332439,14.59,0.0,C5460078259,8.08,478.91,0,0
315,PAYMENT,448.31,C1287350571,936.76,488.45,M144434298,60.21,508.52,0,0
177,CASH_IN,342.2,C3887442019,356.5,14.3,C4817244694,369.12,711.32,0,0
228,CASH_OUT,2992.34,C5289125999,34396.84,31404.5,M790000004,676.33,3668.67,0,0
703,CASH_OUT,1388.64,C6015216924,7.34,0.0,M547915065,383.43,1772.07,0,0
672,CASH_OUT,1618.31,C8835131783,137.73,0.0,M188196704,44.05,1662.36,0,0
267,CASH_IN,159.61,C4625218165,57.68,0.0,C2422589277,18.26,177.87,0,0
379,CASH_OUT,15.12,C4038806721,7899.16,7884.04,M876763664,113.33,128.45,0,0
489,PAYMENT,182.32,C5432790741,1865.39,1683.07,M458560014,115.34,297.66,0,0
702,PAYMENT,964.4,C1275601515,7097.94,6133.54,M174777770,1185.39,2149.79,0,0
687,PAYMENT,430.43,C1186030247,67.58,0.0,M215088450,19.5,449.93,0,0
290,PAYMENT,169.77,C1515172126,98.63,0.0,M163588074,593.1,762.87,0,0
357,PAYMENT,628.2,C4508776326,1268.38,640.18,M586457855,338.45,966.65,0,0
657,PAYMENT,236.42,C4850255313,83888.38,83651.96,M597187455,148.19,384.61,0,0
204,PAYMENT,444.79,C9406042172,4269.04,3824.25,M915147466,1028.94,1473.73,0,0
213,CASH_OUT,7.56,C6033614703,122.32,114.76,M112672141,126.26,133.82,0,0
552,CASH_IN,1871.11,C8221136502,1890.85,19.74,C7090251076,4982.95,6854.06,0,0
323,CASH_IN,1374.23,C5378436259,4864.23,3490.0,C4245578209,2379.49,3753.72,0,0
594,CASH_OUT,27570.41,C3634241151,36.65,0.0,M570150420,72.77,27643.18,0,0
181,PAYMENT,97.14,C4579875040,579.57,482.43,M756819417,19600.43,19697.57,0,0
499,TRANSFER,147.47,C5474614804,698.13,550.66,C8949661556,2.75,150.22,0,0
320,CASH_OUT,571.65,C9419224496,97654.46,97082.81,M830698295,18798.38,19370.03,0,0
83,CASH_IN,376.83,C4816808107,1394.8,1017.97,C6932818755,12795.87,13172.7,0,0
303,CASH_OUT,9506.52,C5387430236,70215.38,60708.86,M736916177,25.92,9532.44,0,0
262,PAYMENT,178.28,C4330197964,168.95,0.0,M640367454,186.31,364.59,0,0
200,CASH_IN,296.65,C6241222530,4313.56,4016.91,C8577793868,24.57,321.22,0,0
240,PAYMENT,131.05,C8316957593,34.22,0.0,M703608376,125.27,256.32,0,0
692,PAYMENT,8495.11,C4750603758,5110.34,0.0,M771408108,12365.31,20860.42,0,0
683,CASH_IN,1068.91,C5038105799,416.84,0.0,C2189885828,268.41,1337.32,0,0
295,CASH_IN,9337.29,C5821380134,486.88,0.0,C8603960492,2.44,9339.73,0,0
512,CASH_IN,137327.91,C8381185311,6515.93,0.0,C1475620831,2508.99,139836.9,0,0
689,PAYMENT,87.74,C6758543815,8380.38,8292.64,M772124302,690.55,778.29,0,0
396,PAYMENT,3485.57,C4519986426,2350.62,0.0,M153951673,20.65,3506.22,0,0
138,CASH_IN,241.42,C2767259064,100635.58,100394.16,C8457942618,19809.76,20051.18,0,0
129,TRANSFER,101.97,C5248253019,1301.72,1199.75,C7172534861,2288.21,2390.18,0,0
49,CASH_IN,21.49,C1869669198,2484.47,2462.98,C2822344651,179.96,201.45,0,0
676,CASH_IN,28473.61,C7443793830,2125.14,0.0,C5010492373,745.57,29219.18,0,0
293,CASH_OUT,2993.11,C9922445473,6331.35,3338.24,M421173643,9470.47,12463.58,0,0
628,CASH_IN,257.02,C8446741762,1164.85,907.83,C4107100192,1693.92,1950.94,0,0
536,CASH_IN,1399.5,C6708256860,85.03,0.0,C7432574831,9.71,1409.21,0,0
311,CASH_IN,10.83,C3335944651,2826.42,2815.59,C9259889643,63.86,74.69,0,0
537,CASH_OUT,334.03,C8081297043,23.59,0.0,M467239555,3.07,337.1,0,0
639,CASH_IN,87.9,C3706210598,9342.58,9254.68,C1773377039,239.26,327.16,0,0
234,CASH_OUT,7267.31,C8727271292,20557.84,13290.53,M858667188,3.04,7270.35,0,0
209,CASH_OUT,8313.01,C9529738834,325.75,0.0,M452058605,518.82,8831.83,0,0
605,PAYMENT,2394.44,C4277483971,299.35,0.0,M146529836,3042.64,5437.08,0,0
94,PAYMENT,2683.09,C1917118428,8.33,0.0,M425985091,276.94,2960.03,0,0
327,CASH_OUT,109.98,C2278241284,958.45,848.47,M974477074,16.55,126.53,0,0
225,CASH_IN,1692.41,C7431291709,2857.16,1164.75,C3037571539,353.01,2045.42,0,0
11,PAYMENT,25.57,C7866932498,2517.88,2492.31,M574383870,711.71,737.28,0,0
329,CASH_OUT,19.52,C9291303485,2149.46,2129.94,M648967208,3945.74,3965.26,0,0
12,CASH_OUT,326.7,C7512988631,566.4,239.7,M833558561,73.76,400.46,0,0
35,CASH_IN,1164.9,C9428305123,10692.4,9527.5,C2454433064,1404.63,2569.53,0,0
447,CASH_OUT,1334.44,C8495204898,97.95,0.0,M477955641,22.3,1356.74,0,0
452,CASH_OUT,32.65,C4718390870,104.32,71.67,M322485766,39.55,72.2,0,0
740,PAYMENT,18.12,C6029895112,37.58,19.46,M718666027,9161.73,9179.85,0,0
220,PAYMENT,163.52,C4544513513,212.38,48.86,M187385636,49763.39,49926.91,0,0
441,CASH_IN,69.91,C9316266513,62.7,0.0,C5420762683,60.2,130.11,0,0
653,CASH_IN,1372.01,C6579497084,3.59,0.0,C6549793168,7180.55,8552.56,0,0
535,CASH_IN,53.21,C9973908077,180.39,127.18,C2002637513,2214.47,2267.68,0,0
595,CASH_OUT,19704.54,C3325445972,8342.8,0.0,M444714710,116.37,19820.91,0,0
229,PAYMENT,832.74,C2614683908,2262.66,1429.92,M914524445,324.07,1156.81,0,0
344,PAYMENT,300.71,C8545631441,5283.75,4983.04,M523043876,1456.31,1757.02,0,0
80,CASH_OUT,40.66,C4333485214,4105.15,4064.49,M996411307,1878.72,1919.38,0,0
353,CASH_OUT,28.72,C1271794658,488.91,460.19,M382632829,11669.71,11698.43,0,0
396,PAYMENT,212.34,C1025740347,619.37,407.03,M986088513,39.03,251.37,0,0
290,CASH_OUT,126.76,C9263214635,182.24,55.48,M941115560,3553.03,3679.79,0,0
455,TRANSFER,12.63,C5986843324,2037.25,2024.62,C7048675942,2603.55,2616.18,0,0
671,CASH_IN,6268.33,C1069686769,1392465.37,1386197.04,C4669746408,16273.29,22541.62,0,0
128,CASH_OUT,44.24,C1644856301,42.13,0.0,M444066327,175.88,220.12,0,0
702,CASH_OUT,816.66,C6950641367,13285.84,12469.18,M545036802,6669.41,7486.07,0,0
543,TRANSFER,976.93,C1327526231,289.3,0.0,C8483457776,15276.35,16253.28,0,0
359,PAYMENT,15.84,C7808109762,41510.52,41494.68,M654202771,822.27,838.11,0,0
527,CASH_IN,186.9,C6227714201,2751.76,2564.86,C4353781862,719.18,906.08,0,0
313,PAYMENT,24.06,C4177329344,261.4,237.34,M345818082,401.85,425.91,0,0
75,CASH_IN,911.6,C1311820811,608.11,0.0,C3920566605,3369.52,4281.12,0,0
546,CASH_IN,457.16,C3366506299,6578.86,6121.7,C4563724510,6717.09,7174.25,0,0
196,CASH_OUT,345.65,C2872919606,74939.68,74594.03,M752985676,1828.6,2174.25,0,0
29,CASH_OUT,78.23,C1639428703,8237.22,8158.99,M172251005,,2166.36,0,0
706,PAYMENT,4281.56,C6760773176,361.19,0.0,M967852609,76.09,4357.65,0,0
16,TRANSFER,189.49,C7449049824,3711.33,3521.84,C1395572652,80.28,269.77,0,0
423,CASH_OUT,21.02,C1881730978,59449.3,59428.28,M661652920,19.11,40.13,0,0
589,PAYMENT,61.03,C9221580945,3506.84,3445.81,M457469762,63466.39,63527.42,0,0
593,CASH_OUT,7.28,C6986422880,793.75,786.47,M956029043,151.61,158.89,0,0
405,CASH_IN,109.0,C4447490563,32.01,0.0,C5022304781,2281.39,2390.39,0,0
636,CASH_IN,65.49,C5092397595,23714.23,23648.74,C8999828822,36.53,102.02,0,0
531,PAYMENT,1618.34,C6171844339,794.08,0.0,M940155050,119.4,1737.74,0,0
614,CASH_OUT,1267.06,C5461759761,186.7,0.0,M373610375,21.35,1288.41,0,0
77,CASH_OUT,617.28,C8174230111,6846.32,6229.04,M352148780,48.33,665.61,0,0
229,PAYMENT,2681.8,C8918397124,7555.59,4873.79,M537173595,489.12,3170.92,0,0
297,PAYMENT,38.21,C3142332802,109.11,70.9,M723840202,901.44,939.65,0,0
510,CASH_OUT,762.53,C8599204334,166.32,0.0,M766526536,454.37,1216.9,0,0
715,TRANSFER,22.74,C2587500011,4480.21,4457.47,C1763467328,55.03,77.77,0,0
573,PAYMENT,155.45,C3204295824,22525.87,22370.42,M624273063,251.77,407.22,0,0
538,CASH_IN,798.21,C7745626383,481.04,0.0,C3841530596,3767.01,4565.22,0,0
583,CASH_OUT,139.28,C4392012151,653.52,514.24,M896900861,7020.36,7159.64,0,0
615,CASH_OUT,10577.75,C8837346623,195.12,0.0,M771471557,2291.82,12869.57,0,0
326,PAYMENT,201.13,C1136232565,23840.82,23639.69,M670778831,942.25,1143.38,0,0
363,PAYMENT,2001.35,C9389658438,5663.39,3662.04,M297116460,190.27,2191.62,0,0
669,PAYMENT,237.68,C4744661655,67.53,0.0,M752396114,75.57,313.25,0,0
359,CASH_IN,524.97,C7429393662,69716.58,69191.61,C7554112915,332.5,857.47,0,0
706,PAYMENT,194.4,C1723716467,6115805.04,6115610.64,M208348566,619.83,814.23,0,0
324,CASH_OUT,574.95,C2704382229,12.19,0.0,M646638204,5056.82,5631.77,0,0
698,TRANSFER,12750.12,C1541793589,2623.47,0.0,C5122316526,87.38,12837.5,0,0
326,PAYMENT,8833.58,C9002751793,22.96,0.0,M755264511,32.2,8865.78,0,0
625,CASH_OUT,152.27,C3495933402,522.51,370.24,M326655429,3.04,155.31,0,0
165,CASH_OUT,255.19,C9070525190,28.01,0.0,M589096418,5977.77,6232.96,0,0
573,CASH_IN,446.61,C5640146978,43292.45,42845.84,C9832118396,297.07,743.68,0,0
604,CASH_IN,1457.06,C9276175690,436.99,0.0,C9017550352,7.82,1464.88,0,0
455,CASH_OUT,16464.65,C8378651577,13727.15,0.0,M510586688,95.3,16559.95,0,0
153,PAYMENT,5281.08,C8066539412,1686.9,0.0,M625652955,67.7,5348.78,0,0
737,CASH_IN,236.63,C4361677165,77682.85,77446.22,C9954756742,111.04,347.67,0,0
127,TRANSFER,903.26,C2178542879,53.22,0.0,C6231751801,1906.03,2809.29,0,0
193,PAYMENT,633.62,C4617193739,4.56,0.0,M108713283,28.26,661.88,0,0
627,CASH_IN,120.12,C4105501145,258.14,138.02,C8464505378,3233.76,3353.88,0,0
530,PAYMENT,3062.81,C9463702481,430.81,0.0,M410937140,72.87,3135.68,0,0
10,CASH_OUT,2.64,C3428587517,20.45,17.81,M729002643,55.82,58.46,0,0
92,CASH_OUT,3017.73,C6420997480,3207.22,189.49,M831207945,21.92,3039.65,0,0
139,CASH_OUT,919.41,C4017286605,2848.26,1928.85,M498016581,310.74,1230.15,0,0
481,PAYMENT,10.88,C8572615048,30738.88,30728.0,M514306781,798.41,809.29,0,0
449,TRANSFER,50.22,C2778885309,14574.94,14524.72,C8154225959,141.75,191.97,0,0
333,CASH_OUT,6.48,C7884608052,314.92,308.44,M168292240,342.47,348.95,0,0
340,PAYMENT,12010.69,C5679528763,60.76,0.0,M344858991,204.0,12214.69,0,0
52,CASH_OUT,55.52,C2793512030,15.09,0.0,M456350492,3635.79,3691.31,0,0
707,CASH_IN,2490.89,C2541028484,669.5,0.0,C5986510015,225.53,2716.42,0,0
466,TRANSFER,2675.17,C1430276237,640.98,0.0,C9466427718,468.9,3144.07,0,0
718,CASH_OUT,316.92,C7860849320,2872.69,2555.77,M195745177,,19592.91,0,0
475,PAYMENT,106.79,C8747327590,18.59,0.0,M591877143,339165.67,339272.46,0,0
401,CASH_OUT,1124.99,C8586855433,1557.7,432.71,M239604256,50.79,1175.78,0,0
439,PAYMENT,620.7,C7033812999,4101.03,3480.33,M891693913,12536.7,13157.4,0,0
605,CASH_OUT,2624.05,C2673029683,216.9,0.0,M864972375,35.4,2659.45,0,0
657,PAYMENT,38.61,C5455908531,4489.48,4450.87,M557952429,2391.82,2430.43,0,0
598,CASH_IN,3117.74,C9944890572,600.96,0.0,C6444241320,34065.69,37183.43,0,0
509,PAYMENT,5975.13,C4746957091,21215.02,15239.89,M730882840,1852.16,7827.29,0,0
153,CASH_OUT,241.4,C4461206955,39517.43,39276.03,M280679054,374.26,615.66,0,0
514,PAYMENT,59.62,C9680503361,1174.62,1115.0,M347395306,3.79,63.41,0,0
503,PAYMENT,153.46,C9086042862,9405.3,9251.84,M845308894,94.84,248.3,0,0
676,PAYMENT,112.14,C1646935383,37.37,0.0,M266155698,84.44,196.58,0,0
6,CASH_OUT,280.99,C4184516077,334.49,0.0,M236027240,70.23,70.23,1,0
500,CASH_IN,92.18,C2269226335,2744.99,2652.81,C1690037054,420.32,512.5,0,0
661,PAYMENT,1005.27,C9537543352,358.58,0.0,M698860176,782.76,1788.03,0,0
717,CASH_OUT,1441.42,C1722438143,547.97,0.0,M176824556,1.4,1442.82,0,0
118,CASH_OUT,196.76,C4107849358,96.0,0.0,M317288926,6.47,203.23,0,0
485,TRANSFER,8.09,C2206310909,83356.47,83348.38,C9918669727,8214.29,8222.38,0,0
601,CASH_OUT,978.53,C8511149637,100.47,0.0,M952141167,167.42,1145.95,0,0
666,CASH_IN,21.11,C8426495440,7540.72,7519.61,C8778310081,84.88,105.99,0,0
679,PAYMENT,664.59,C6170449355,310.26,0.0,M690294875,903.84,1568.43,0,0
468,PAYMENT,465.79,C9473805495,5183.65,4717.86,M643889748,8155.97,8621.76,0,0
161,CASH_IN,208.94,C1014944025,227.84,18.9,C9321451404,5.64,214.58,0,0
270,CASH_OUT,1465.08,C1895305472,452.69,0.0,M819568282,17.15,1482.23,0,0
56,CASH_OUT,834.75,C6039392358,3006.73,2171.98,M266741401,113.04,947.79,0,0
228,CASH_OUT,876.0,C3864324208,4997.65,4121.65,M698110516,10885.72,11761.72,0,0
149,CASH_IN,2084.0,C3442576526,9854.15,7770.15,C6018142417,,27088.01,0,0
46,PAYMENT,176.68,C2714988788,1177.96,1001.28,M153297136,461.14,637.82,0,0
144,PAYMENT,171.82,C5544397802,16105.69,15933.87,M305895753,1140.37,1312.19,0,0
632,CASH_OUT,3478.81,C8775391339,1960.82,0.0,M702331986,83.55,3562.36,0,0
340,PAYMENT,1456.5,C3034939361,753.44,0.0,M186298614,320.64,1777.14,0,0
413,CASH_OUT,157.69,C4603587358,9075.32,8917.63,M556849527,416.71,574.4,0,0
732,CASH_OUT,7.33,C4140012364,1434.24,1426.91,M621786424,22.03,29.36,0,0
520,CASH_OUT,883.67,C6035144328,1988.2,1104.53,M520201483,855.21,1738.88,0,0
344,PAYMENT,1066.16,C3857205506,92.87,0.0,M847414135,2739.55,3805.71,0,0
387,PAYMENT,35.7,C1932398673,220.05,184.35,M704387701,2001.12,2036.82,0,0
473,PAYMENT,73.92,C8318097561,3038.2,2964.28,M432341079,37.42,111.34,0,0
275,PAYMENT,178.46,C8197473240,120.68,0.0,M891904704,86.64,265.1,0,0
353,TRANSFER,996.9,C4818274781,1177.61,180.71,C5091892188,128.93,1125.83,0,0
66,CASH_IN,57939.37,C7891471246,9.55,0.0,C3125905527,842.71,58782.08,0,0
79,PAYMENT,3772.24,C1274900799,128435.51,124663.27,M996219874,688.55,4460.79,0,0
598,CASH_IN,19.75,C5674146473,5918.19,5898.44,C6356974056,7488.54,7508.29,0,0
636,TRANSFER,168.61,C5193186868,356.58,187.97,C9209345745,637.59,806.2,0,0
202,PAYMENT,333.93,C8336297405,47533.79,47199.86,M743666788,9753.15,10087.08,0,0
662,PAYMENT,1102.03,C6793426792,117.94,0.0,M592212405,9800.38,10902.41,0,0
558,CASH_OUT,79.44,C1181827758,269.68,190.24,M810867531,92.15,171.59,0,0
113,CASH_IN,1298.62,C2147507731,3900.29,2601.67,C2595473315,524.04,1822.66,0,0
91,CASH_OUT,144.59,C5750184720,11253.16,11108.57,M451098233,256.84,401.43,0,0
141,CASH_OUT,1294.49,C3129983512,262.15,0.0,M558428936,1584.61,2879.1,0,0
289,PAYMENT,469.46,C5194463868,3452.54,2983.08,M825577590,1564.32,2033.78,0,0
730,CASH_IN,24121.68,C5962611733,2543.68,0.0,C4291504685,1514.48,25636.16,0,0
589,PAYMENT,2857.33,C5483648270,1029.99,0.0,M957663730,352.05,3209.38,0,0
411,CASH_IN,5584.64,C1594204046,282.43,0.0,C8009390189,581.8,6166.44,0,0
377,CASH_IN,48.65,C6442464348,9008.37,8959.72,C8559502577,36645.18,36693.83,0,0
384,PAYMENT,139.19,C8452057103,7.12,0.0,M203861799,139.33,278.52,0,0
152,PAYMENT,776.15,C5916928469,1552.77,776.62,M404798345,121.87,898.02,0,0
627,PAYMENT,34.23,C9479641863,198.58,164.35,M611246592,68.87,103.1,0,0
319,TRANSFER,3264.19,C6519559936,808.85,0.0,C4616916543,2049.75,5313.94,0,0
369,CASH_IN,523.72,C3724739195,193.45,0.0,C8700826417,1146.49,1670.21,0,0
606,TRANSFER,3640.43,C1071366535,53.68,0.0,C7747093349,496.81,4137.24,0,0
560,CASH_OUT,1058.54,C9478970362,218.42,0.0,M630379199,115.56,1174.1,0,0
703,CASH_OUT,441.3,C4977403194,274.02,0.0,M557517111,762.73,1204.03,0,0
462,CASH_OUT,315.65,C6732683871,614.84,299.19,M857724200,1712.93,2028.58,0,0
12,PAYMENT,86.69,C7139770321,1064.59,977.9,M894961594,29.55,116.24,0,0
156,CASH_IN,76.96,C9046157681,5257.37,5180.41,C4809056458,1906.97,1983.93,0,0
684,CASH_OUT,2385.9,C4996467625,44568.93,42183.03,M944158859,18.33,2404.23,0,0
477,CASH_OUT,1534.62,C4405079383,1299.04,0.0,M316958204,49166.62,50701.24,0,0
401,CASH_OUT,4760.66,C2110288984,80.66,0.0,M559074665,284.08,5044.74,0,0
177,PAYMENT,135.46,C8678147437,7625.42,7489.96,M706957291,10396.86,10532.32,0,0
341,CASH_OUT,3809.21,C5884564687,2127.14,0.0,M242334848,345.72,4154.93,0,0
57,CASH_OUT,283.4,C9897604634,90.58,0.0,M655930750,10958.93,11242.33,0,0
448,CASH_IN,1286.74,C7921342380,1324.48,37.74,C6382832416,18823.56,20110.3,0,0
203,PAYMENT,5340.46,C6037763991,5943.19,602.73,M664927271,1388.99,6729.45,0,0
697,PAYMENT,25389.15,C8848180262,132.51,0.0,M776795988,43.44,25432.59,0,0
633,PAYMENT,3445.56,C2992455392,267.51,0.0,M289859060,50.97,3496.53,0,0
738,CASH_IN,605.24,C5138367761,1325.29,720.05,C6197988504,941.12,1546.36,0,0
202,CASH_OUT,1238.82,C6337377717,530.11,0.0,M246195041,551.82,1790.64,0,0
330,TRANSFER,4905.02,C4980229614,22.9,0.0,C9912123877,4089.92,8994.94,0,0
363,PAYMENT,1668.7,C3989612672,385577.03,383908.33,M631325933,294.74,1963.44,0,0
454,CASH_OUT,181.54,C4830189658,243.18,61.64,M473697504,1271.79,1453.33,0,0
356,CASH_OUT,1379.64,C1857006797,190.32,0.0,M162724456,421.6,1801.24,0,0
216,CASH_OUT,5471.37,C5205687358,426.63,0.0,M974116726,1179.42,6650.79,0,0
555,CASH_IN,15136.43,C2334067472,829.18,0.0,C9341509893,964.25,16100.68,0,0
23,PAYMENT,456.81,C6940896880,2383.88,1927.07,M984611462,2990.1,3446.91,0,0
155,PAYMENT,43.23,C7433825133,73.71,30.48,M100699796,1070.94,1114.17,0,0
186,CASH_OUT,11.48,C8517802957,24737.73,24726.25,M766040718,14236.4,14247.88,0,0
249,CASH_IN,1980.84,C8804465519,30.43,0.0,C7628929622,54776.49,56757.33,0,0
134,CASH_IN,18.79,C5256466504,350.06,331.27,C2803635437,6190.46,6209.25,0,0
321,PAYMENT,765.16,C8749103332,7214.13,6448.97,M932706108,344.95,1110.11,0,0
390,PAYMENT,3481.97,C2287551377,6181.95,2699.98,M354323468,3455.44,6937.41,0,0
434,CASH_IN,291.09,C3654538120,1.01,0.0,C3006409402,2890.32,3181.41,0,0
22,CASH_IN,20.25,C9976318180,916.12,895.87,C7397141219,85.13,105.38,0,0
600,PAYMENT,32.46,C2476086822,1222.18,1189.72,M406911491,54253.77,54286.23,0,0
665,CASH_OUT,64.1,C7476164324,1920.94,1856.84,M876299532,8680.53,8744.63,0,0
125,CASH_IN,314.78,C7301990493,236.26,0.0,C1709454800,283.35,598.13,0,0
79,CASH_OUT,4484.11,C2734839506,567.56,0.0,M442327831,480.0,4964.11,0,0
51,CASH_OUT,413.03,C7083055204,3899.75,3486.72,M264986401,23.53,436.56,0,0
728,CASH_IN,29929.37,C1246042719,6926.78,0.0,C3597738997,453.57,30382.94,0,0
176,PAYMENT,3234.92,C9755604115,29.6,0.0,M520062250,1408.52,4643.44,0,0
253,CASH_IN,728.48,C9738895735,3434.14,2705.66,C1585431195,271.94,1000.42,0,0
246,PAYMENT,349.63,C6014892620,2578.04,2228.41,M161640513,25.13,374.76,0,0
739,TRANSFER,149.11,C7158730317,8894.59,8745.48,C6370131768,1852.41,2001.52,0,0
106,PAYMENT,543.8,C4418361393,123.82,0.0,M838908117,209.06,752.86,0,0
193,CASH_IN,1193.58,C9746127908,3260.89,2067.31,C6036153531,58.42,1252.0,0,0
316,CASH_OUT,766.95,C6574436441,10.09,0.0,M961762776,1076.0,1842.95,0,0
302,CASH_OUT,148.83,C2161850878,429.65,280.82,M189179293,25.47,174.3,0,0
548,PAYMENT,51.22,C5784479710,483.81,432.59,M126225327,531.35,582.57,0,0
716,CASH_IN,16732.89,C1096755661,1334.56,0.0,C8852766078,8692.73,25425.62,0,0
268,CASH_OUT,1434.39,C1151719662,6707.13,5272.74,M775161672,3761.44,5195.83,0,0
170,PAYMENT,821.4,C9032698534,70.94,0.0,M714200297,1381.66,2203.06,0,0
551,CASH_OUT,1110.73,C7787281847,22060.99,20950.26,M771938973,475.43,1586.16,0,0
455,CASH_OUT,3650.88,C1699710912,3.09,0.0,M664662824,2.27,3653.15,0,0
651,PAYMENT,158.26,C4484613065,16.09,0.0,M864182687,188.13,346.39,0,0
292,TRANSFER,311.28,C6555424669,11517.47,11206.19,C4607724079,403.78,715.06,0,0
564,CASH_OUT,89.57,C5053137093,1421.93,1332.36,M716857422,2788.17,2877.74,0,0
141,PAYMENT,397.67,C1417916913,78174.49,77776.82,M163307747,46.55,444.22,0,0
146,TRANSFER,104.39,C4000052442,7442.2,7337.81,C2378279843,1536.19,1640.58,0,0
425,PAYMENT,53.91,C8180574648,1131.06,1077.15,M782759951,1980.03,2033.94,0,0
314,PAYMENT,15.81,C3472058631,320.43,304.62,M780931199,482.36,498.17,0,0
184,CASH_OUT,11115.25,C5970648711,228.49,0.0,M989410233,3756.48,14871.73,0,0
664,PAYMENT,206.63,C6056506260,2745.91,2539.28,M912305103,18.77,225.4,0,0
713,PAYMENT,1067.97,C3490658664,256.2,0.0,M869547775,42.2,1110.17,0,0
128,PAYMENT,489.17,C1935105278,2046.13,1556.96,M814565297,527.07,1016.24,0,0
287,CASH_IN,1090.57,C2997310277,202.46,0.0,C8367537991,65.34,1155.91,0,0
253,PAYMENT,7.34,C8445487835,1819.42,1812.08,M925405322,316.54,323.88,0,0
700,CASH_OUT,157.63,C4676959359,51471.31,51313.68,M812487099,7067.31,7224.94,0,0
386,CASH_IN,4101.4,C6728011471,4386.31,284.91,C7043713123,0.16,4101.56,0,0
230,PAYMENT,19655.96,C8519417281,339.88,0.0,M796234723,143443.85,163099.81,0,0
271,TRANSFER,194.6,C2991381870,2635.66,2441.06,C9939762102,2040.84,2235.44,0,0
415,PAYMENT,245.06,C6776306602,2189.21,1944.15,M894404598,502.93,747.99,0,0
198,CASH_OUT,3404.42,C4031428040,1838.65,0.0,M152094371,159.65,3564.07,0,0
323,PAYMENT,974.04,C7615309228,2863.96,1889.92,M974508080,1151.96,2126.0,0,0
56,PAYMENT,428.07,C1169066843,10597.85,10169.78,M188062045,147.67,575.74,0,0
203,CASH_OUT,354.57,C5801768320,16105.56,15750.99,M451068869,585.63,940.2,0,0
621,PAYMENT,128.9,C6056964256,1102.67,973.77,M955706101,445.38,574.28,0,0
628,PAYMENT,120.19,C7218853959,34.99,0.0,M473690658,132.41,252.6,0,0
604,PAYMENT,525.36,C8087977276,1355.61,830.25,M178330973,750.41,1275.77,0,0
138,CASH_OUT,760.0,C9463856972,739.49,0.0,M743251725,95.32,855.32,0,0
422,PAYMENT,843.37,C8131764252,4346.46,3503.09,M405672612,1025.01,1868.38,0,0
57,CASH_OUT,102.42,C3609274331,53.14,0.0,M132207067,2102.92,2205.34,0,0
562,PAYMENT,5797.57,C7721818068,3831.93,0.0,M471080743,53154.12,58951.69,0,0
71,CASH_OUT,15.76,C5573203418,1508.94,1493.18,M526902963,585.72,601.48,0,0
594,CASH_OUT,1163.55,C6923845809,96.02,0.0,M709596456,,125688.43,0,0
372,CASH_OUT,137.02,C5620500956,6.14,0.0,M396694649,1657.05,1794.07,0,0
617,CASH_OUT,71.39,C3338082585,9634.33,9562.94,M670371348,713.47,784.86,0,0
600,PAYMENT,210.68,C8585313621,92.5,0.0,M316795900,46.65,257.33,0,0
514,TRANSFER,16.72,C5006170705,27.12,10.4,C2814171781,236.18,252.9,0,0
84,PAYMENT,819.38,C4894232094,267.34,0.0,M209478769,5924.28,6743.66,0,0
43,PAYMENT,10188.03,C4404841358,20501.88,10313.85,M320867762,24.58,10212.61,0,0
666,TRANSFER,111.21,C6739048469,1786.94,1675.73,C3884361277,63.29,174.5,0,0
606,TRANSFER,44432.63,C1460621815,3333.27,0.0,C9414157017,381.66,44814.29,0,0
133,CASH_IN,72.12,C4229653288,972.93,900.81,C3052805551,336.09,408.21,0,0
395,CASH_OUT,173.04,C5975491496,2330.57,2157.53,M810564923,6677.88,6850.92,0,0
65,PAYMENT,6121.87,C6880617027,658.24,0.0,M751483345,8502.16,14624.03,0,0
290,CASH_IN,36.81,C5750387258,337.96,301.15,C3937309332,21.61,58.42,0,0
376,CASH_IN,256.41,C6773970696,221.15,0.0,C7439261647,3077.24,3333.65,0,0
467,PAYMENT,12557.88,C8189054220,509.71,0.0,M911766040,118.17,12676.05,0,0
213,CASH_OUT,38.17,C5192442990,457512.69,457474.52,M169407659,863.38,901.55,0,0
148,TRANSFER,1314.36,C2066326139,4564.21,3249.85,C6447236427,321.77,1636.13,0,0
573,PAYMENT,1120.1,C1283609476,128.46,0.0,M301847553,2977.25,4097.35,0,0
471,PAYMENT,8.62,C7039799168,39.4,30.78,M857693472,2.54,11.16,0,0
149,PAYMENT,117.79,C2509601246,875.2,757.41,M260420861,170.75,288.54,0,0
88,PAYMENT,47239.34,C1538623631,15.28,0.0,M898477307,17232.95,64472.29,0,0
324,CASH_OUT,631.18,C9693487324,10565.33,9934.15,M595067517,329.54,960.72,0,0
396,CASH_OUT,869.28,C9630645955,1.85,0.0,M960400268,1.17,870.45,0,0
404,TRANSFER,649.29,C3587352906,502.65,0.0,C3621675313,69.88,719.17,0,0
82,PAYMENT,23995.03,C5652587516,12.18,0.0,M274636218,5480.32,29475.35,0,0
641,PAYMENT,57.54,C6903341087,3360.17,3302.63,M886075839,25.84,83.38,0,0
286,CASH_IN,103.86,C1359189603,164.85,60.99,C9828022411,107.9,211.76,0,0
382,PAYMENT,323.27,C7270296908,6384.0,6060.73,M857580138,1785.49,2108.76,0,0
270,CASH_OUT,1225.95,C8153001854,4.91,0.0,M240896874,,2080.67,0,0
292,PAYMENT,548.63,C4879971323,18471.92,17923.29,M766920048,14.57,563.2,0,0
453,CASH_OUT,580.55,C4280509246,2638.0,2057.45,M910763897,5.01,585.56,0,0
715,CASH_OUT,133.7,C1340541026,1005.35,871.65,M386029682,73.97,207.67,0,0
24,CASH_IN,1358.62,C9782461807,133.5,0.0,C2350895605,732.94,2091.56,0,0
311,TRANSFER,9.17,C1512774304,505.56,496.39,C2501813777,831.38,840.55,0,0
461,CASH_IN,134.95,C3782865677,6586.79,6451.84,C4789589079,9339.88,9474.83,0,0
208,CASH_OUT,78.07,C9728946924,135.8,57.73,M136289408,3.39,,0,0
717,PAYMENT,44.59,C4681845052,829.42,784.83,M748032627,1334.93,1379.52,0,0
664,CASH_OUT,11.46,C5162157596,517.17,505.71,M342193218,110.19,121.65,0,0
438,PAYMENT,642.29,C5092374917,1726.81,1084.52,M575915109,272.24,914.53,0,0
538,CASH_OUT,952.59,C2192205557,33.61,0.0,M936097065,1767.17,2719.76,0,0
706,CASH_IN,966.28,C7127518741,41356.07,40389.79,C2007799360,14454.8,15421.08,0,0
336,CASH_OUT,2650.76,C8226711963,11400.33,8749.57,M843126765,371.48,3022.24,0,0
422,CASH_OUT,3755.45,C1324859465,13.04,0.0,M559631053,527.62,4283.07,0,0
321,PAYMENT,6.83,C3622284644,8.08,1.25,M384185073,1787.05,,0,0
497,CASH_OUT,1424.91,C5549172721,36852.38,35427.47,M698383478,727.59,2152.5,0,0
587,CASH_IN,581.14,C8847018016,1294.67,713.53,C8835845900,2521.19,3102.33,0,0
163,TRANSFER,568.34,C1173623990,12.13,0.0,C6133441028,83997.57,84565.91,0,0
541,CASH_OUT,314.91,C2675241489,318.58,3.67,M576441064,720982.25,721297.16,0,0
165,PAYMENT,134.18,C7744755977,531.38,397.2,M718918775,366.16,500.34,0,0
698,DEBIT,1159.52,C5704911179,5418.97,4259.45,M286430713,46237.54,47397.06,0,0
566,CASH_IN,56.78,C2645858979,11642.71,11585.93,C7760781574,152.22,209.0,0,0
295,TRANSFER,3661.8,C5751110450,1500.47,0.0,C6136585952,62.98,3724.78,0,0
42,CASH_OUT,149.11,C5447815465,712.5,563.39,M506641331,2.05,151.16,0,0
285,CASH_OUT,6.8,C1266252907,334.88,328.08,M566569399,658.74,665.54,0,0
387,CASH_OUT,505.33,C8365407726,37037.7,36532.37,M189463104,229.08,734.41,0,0
138,CASH_OUT,38.29,C4158714863,381.54,343.25,M458371155,482.74,521.03,0,0
187,CASH_IN,36.73,C9147281284,3992.56,3955.83,C6613684202,548.28,585.01,0,0
716,CASH_OUT,1583.82,C2937349716,74.9,0.0,M121862102,540.81,2124.63,0,0
431,PAYMENT,2615.99,C6538900446,46.2,0.0,M958153996,676.34,3292.33,0,0
554,CASH_OUT,324.39,C6629645739,1767.03,1442.64,M651364154,2.23,326.62,0,0
416,CASH_IN,7.2,C5333899468,424.65,417.45,C1685833041,22.93,30.13,0,0
426,CASH_OUT,1167.75,C8014187609,35.26,0.0,M362601566,620.53,1788.28,0,0
416,CASH_OUT,212.92,C4110717264,490.41,277.49,M505769517,9.42,222.34,0,0
26,PAYMENT,6352.0,C4748610225,550930.65,544578.65,M447957361,1649.3,8001.3,0,0
371,CASH_OUT,20625.11,C7875682477,998.71,0.0,M561759796,122.97,20748.08,0,0
385,PAYMENT,19.91,C5834904068,518.18,498.27,M822851524,189.51,209.42,0,0
56,PAYMENT,56679.5,C7034191525,520.36,0.0,M665428390,789.48,57468.98,0,0
253,CASH_IN,17.88,C5960236083,21953.72,21935.84,C7744056497,3380.93,3398.81,0,0
634,PAYMENT,137.45,C8546080528,762.83,625.38,M315136397,1607.27,1744.72,0,0
106,PAYMENT,3141.91,C2033814695,2040.2,0.0,M160455182,244.14,3386.05,0,0
130,TRANSFER,95.27,C7849646938,6580.55,6485.28,C8920961249,1266.25,,0,0
670,TRANSFER,79.31,C2858788787,28578.47,28499.16,C7278182499,76.65,155.96,0,0
376,PAYMENT,13.29,C2489603792,177.9,164.61,M266049774,9.34,22.63,0,0
743,PAYMENT,27.9,C8363711446,98.9,71.0,M405903231,8.08,35.98,0,0
308,PAYMENT,79.15,C1729301947,184.03,104.88,M337300331,241.25,320.4,0,0
91,PAYMENT,1898.47,C3932748153,5611.92,3713.45,M546840146,748.52,2646.99,0,0
393,TRANSFER,11579.94,C9548970781,7474.09,0.0,C5825029827,78.74,11658.68,0,0
534,CASH_IN,88.48,C6538514682,1789.98,1701.5,C7543672794,42.47,130.95,0,0
110,CASH_OUT,180.99,C3211839198,12680.12,12499.13,M667215670,83.02,264.01,0,0
561,CASH_OUT,55.27,C5632637110,7492.64,7437.37,M302699586,85.92,141.19,0,0
641,CASH_OUT,18.98,C6000550858,231.71,212.73,M676900464,42.66,61.64,0,0
585,CASH_OUT,19.09,C4263553605,25.82,6.73,M137638842,769.1,788.19,0,0
340,CASH_OUT,31.47,C8260874222,365.7,334.23,M138587531,469.33,500.8,0,0
565,PAYMENT,364.97,C7378490957,4202.28,3837.31,M884362147,213580.94,213945.91,0,0
356,CASH_OUT,114.79,C5511270080,3768.63,3653.84,M127779686,170.04,284.83,0,0
168,PAYMENT,189.71,C7325119356,12.09,0.0,M351724161,129.26,318.97,0,0
557,CASH_OUT,892.13,C4585662139,3.0,0.0,M823179774,4228.53,5120.66,0,0
452,CASH_OUT,335.28,C5340586317,6162.89,5827.61,M814467451,208.17,543.45,0,0
105,PAYMENT,39.29,C8771039461,6551.26,6511.97,M667216169,16.59,55.88,0,0
150,CASH_IN,2736.83,C3255510340,2693.7,0.0,C6378982049,3021.91,5758.74,0,0
146,PAYMENT,7.08,C6574332337,10546.5,10539.42,M965292062,148.84,,0,0
716,PAYMENT,85.81,C2133681253,1855.24,1769.43,M619785796,10395.64,10481.45,0,0
299,PAYMENT,12636.49,C6013320904,39.56,0.0,M432607891,4155.24,16791.73,0,0
167,CASH_OUT,797.12,C9387342413,504.59,0.0,M999814693,107360.92,108158.04,0,0
713,PAYMENT,11.06,C1369265288,904.12,893.06,M159078143,99.3,110.36,0,0
646,CASH_OUT,17.0,C2033524280,263.66,246.66,M616547146,391.53,408.53,0,0
723,PAYMENT,204.41,C2365874430,252.33,47.92,M458441566,56.85,261.26,0,0
48,CASH_IN,152.44,C5627404538,870.02,717.58,C6635753320,146.84,299.28,0,0
638,PAYMENT,1665.94,C7561846964,138.22,0.0,M234442624,276.12,1942.06,0,0
239,CASH_OUT,3871.89,C3563032432,5.32,0.0,M474039465,2.07,3873.96,0,0
7,CASH_IN,143.85,C6219483251,1433.07,1289.22,C1699038122,2184.77,2328.62,0,0
464,CASH_OUT,326.79,C7458788171,24657.31,24330.52,M368604148,1030.38,1357.17,0,0
453,CASH_OUT,51.16,C1026755903,4.43,0.0,M796079805,254392.32,254443.48,0,0
371,CASH_OUT,294.22,C7880617498,1660.36,1366.14,M577761076,880.76,1174.98,0,0
549,PAYMENT,51.93,C1005603572,87.57,35.64,M242453248,5.1,57.03,0,0
487,CASH_OUT,423.59,C3760704688,6002.66,5579.07,M907679887,2309.97,2733.56,0,0
211,PAYMENT,115.24,C5674662401,2841.94,2726.7,M414805505,244.12,359.36,0,0
165,CASH_IN,1409.9,C9619527096,15240.4,13830.5,C7289543658,139.49,1549.39,0,0
125,CASH_OUT,3290.57,C4678827384,132.86,0.0,M588967737,302.71,3593.28,0,0
337,PAYMENT,5366.22,C3444855598,1292.48,0.0,M515342608,5647.69,11013.91,0,0
192,CASH_OUT,433.62,C8293810640,553509.4,553075.78,M352448981,982.69,1416.31,0,0
730,PAYMENT,1358.67,C8847731176,1821.21,462.54,M574036431,125499.85,126858.52,0,0
214,CASH_OUT,148.53,C7026974909,6460.19,6311.66,M874640134,113.31,261.84,0,0
574,TRANSFER,75.06,C9280347694,36605.45,36530.39,C8069462845,1110.92,1185.98,0,0
328,PAYMENT,26.18,C3147568579,120.73,94.55,M698006672,589.44,615.62,0,0
381,CASH_IN,826.47,C2298104303,7.05,0.0,C3985567710,25.18,851.65,0,0
673,CASH_OUT,6.68,C1916567357,15.79,9.11,M707654862,56.82,63.5,0,0
578,CASH_IN,2312.09,C7895204427,60.37,0.0,C2618328744,3417.78,5729.87,0,0
239,CASH_IN,196.84,C8190205525,384.58,187.74,C9560963353,191.08,387.92,0,0
532,CASH_IN,224.67,C5255653052,3795.38,3570.71,C6119538122,1919.59,2144.26,0,0
700,CASH_IN,1553.07,C1064904993,11884.02,10330.95,C5802291993,350.91,1903.98,0,0
82,CASH_OUT,10.3,C9263538068,74.55,64.25,M179496773,58.87,69.17,0,0
363,PAYMENT,258.78,C4246459116,233710.91,233452.13,M490002157,68.4,327.18,0,0
505,PAYMENT,9479.27,C6667256792,28283.52,18804.25,M880847682,21.27,9500.54,0,0
202,PAYMENT,228.66,C4115235055,309.59,80.93,M148427634,5014.3,5242.96,0,0
504,CASH_IN,28.61,C2363074556,422059.96,422031.35,C1397602536,183.75,212.36,0,0
644,CASH_OUT,201.72,C5459029423,4836.36,4634.64,M597975502,38.45,240.17,0,0
37,CASH_OUT,5529.32,C5521221823,927.97,0.0,M387755002,94.26,5623.58,0,0
644,CASH_OUT,87.34,C2813879364,105.37,18.03,M285038650,8.11,95.45,0,0
589,CASH_IN,18.54,C3371306947,67.53,48.99,C4961550889,1270.65,1289.19,0,0
601,TRANSFER,158.57,C6239018666,11420.72,11262.15,C7348097046,1113.41,1271.98,0,0
402,PAYMENT,24.3,C8881486617,1395.12,1370.82,M417654456,2798.47,2822.77,0,0
706,PAYMENT,4.43,C9420611286,3169.11,3164.68,M992022646,134.59,139.02,0,0
176,PAYMENT,1821.37,C8472062961,63.96,0.0,M991900212,85.79,1907.16,0,0
545,PAYMENT,3281.63,C1088288572,4275.51,993.88,M433325053,553.94,3835.57,0,0
570,CASH_OUT,932.64,C7177937909,1320.46,387.82,M129693821,255.16,1187.8,0,0
467,PAYMENT,2409.0,C2806902923,72.76,0.0,M941120203,21.34,2430.34,0,0
201,PAYMENT,178.98,C5016654695,31.31,0.0,M396739482,,10187.8,0,0
540,PAYMENT,6024.01,C3425694875,1207.67,0.0,M418791886,127.09,6151.1,0,0
547,CASH_OUT,114.81,C8923477788,6073.95,5959.14,M691556807,15965.8,16080.61,0,0
637,CASH_IN,403.85,C9748395860,15566.75,15162.9,C4006877354,13.76,417.61,0,0
394,CASH_IN,74.64,C9338168463,1963.06,1888.42,C4514347025,4944.17,5018.81,0,0
42,PAYMENT,24.43,C2801267419,146.07,121.64,M245040860,395.94,420.37,0,0
597,CASH_IN,113.1,C8901950333,1154.8,1041.7,C5764552372,563.29,676.39,0,0
393,PAYMENT,34836.95,C3015205964,2665.52,0.0,M675700228,419542.16,454379.11,0,0
700,PAYMENT,8662.11,C4842290470,162.26,0.0,M289182357,74.04,8736.15,0,0
623,PAYMENT,1901.2,C3939404610,337.47,0.0,M208478647,1820.7,3721.9,0,0
441,CASH_IN,171.21,C7631956725,1178.83,1007.62,C6930428071,5964.01,6135.22,0,0
617,PAYMENT,163.61,C2494828655,1909.46,1745.85,M187895296,3645.32,3808.93,0,0
506,PAYMENT,12414.22,C6820985005,47.23,0.0,M763918028,346.66,12760.88,0,0
320,PAYMENT,421.84,C3457809542,276.06,0.0,M205557424,141.99,563.83,0,0
553,CASH_IN,1961.18,C4608556614,1556.89,0.0,C4739113927,690.4,2651.58,0,0
215,CASH_IN,133.29,C8444613323,3797.15,3663.86,C8585647345,4348.92,4482.21,0,0
71,PAYMENT,222.6,C3287388802,1554.63,1332.03,M500092824,3298.16,3520.76,0,0
568,CASH_IN,1922.42,C2401964578,2275.48,353.06,C4029663493,113.03,2035.45,0,0
236,PAYMENT,92.68,C6730051328,2082.17,1989.49,M753049560,232.98,325.66,0,0
281,TRANSFER,809.6,C2437529375,140.54,0.0,C2872466045,399.66,1209.26,0,0
617,CASH_IN,99.42,C8787106321,34374.35,34274.93,C5415696004,1357.87,1457.29,0,0
162,CASH_OUT,1119.19,C7449277804,419.3,0.0,M300436296,1373.61,1373.61,1,0
191,CASH_IN,93.63,C6308650285,166.11,72.48,C2368657270,222.01,315.64,0,0
9,PAYMENT,13428.44,C1073500289,28.63,0.0,M417594792,8414.6,21843.04,0,0
60,TRANSFER,354.79,C6842906672,301.31,0.0,C2807584914,101.44,456.23,0,0
225,CASH_IN,1898.81,C6320986967,193.25,0.0,C8493953733,8374.68,10273.49,0,0
700,CASH_OUT,387.1,C7243566177,427.78,40.68,M977231428,980.98,1368.08,0,0
582,PAYMENT,148.01,C4256140486,2430.96,2282.95,M660187668,5564.33,5712.34,0,0
287,PAYMENT,1272.33,C5314852779,21461.08,20188.75,M895915612,10540.42,,0,0
169,CASH_IN,4054.58,C4140265956,8372.39,4317.81,C7085602206,61.38,4115.96,0,0
62,CASH_IN,22.27,C1312338950,7.14,0.0,C2280802641,32.62,54.89,0,0
349,PAYMENT,524.3,C3353647999,13637.32,13113.02,M286478727,26740.69,27264.99,0,0
442,PAYMENT,325.0,C4350273746,4035.74,3710.74,M807205957,25705.53,26030.53,0,0
14,PAYMENT,613.72,C2946872327,99055.85,98442.13,M711990450,979.56,1593.28,0,0
164,CASH_OUT,6049.29,C9032998817,222.65,0.0,M658044049,426.7,6475.99,0,0
420,CASH_OUT,2064.32,C4806361099,88.31,0.0,M507677149,10.2,2074.52,0,0
520,CASH_OUT,4077.74,C2600872730,9530.76,5453.02,M678238035,196.4,4274.14,0,0
666,CASH_OUT,682.8,C3320128376,7218.21,6535.41,M406417873,123.43,806.23,0,0
548,CASH_OUT,169.48,C1706075224,201.93,32.45,M286832612,2819.15,2988.63,0,0
560,CASH_OUT,3.16,C9092918569,581.07,577.91,M272869073,,1164.09,0,0
597,CASH_IN,6840.7,C3422740527,3629.55,0.0,C4822577922,31380.22,38220.92,0,0
28,CASH_OUT,2.72,C1507063956,2622.37,2619.65,M171632243,2.59,5.31,0,0
708,CASH_OUT,9654.11,C3988546146,1001.66,0.0,M509226628,1871.62,11525.73,0,0
446,CASH_OUT,1775.53,C6560771723,1381.44,0.0,M333746383,85.8,1861.33,0,0
208,PAYMENT,20683.81,C6170731976,141.77,0.0,M662865722,367.59,21051.4,0,0
470,PAYMENT,686.37,C4020840288,662.16,0.0,M830847491,4955.59,5641.96,0,0
716,CASH_OUT,1097.29,C8863444396,34.36,0.0,M842702737,238.85,1336.14,0,0
104,PAYMENT,278.52,C6719064526,1081.78,803.26,M898308506,1293091.29,1293369.81,0,0
742,CASH_IN,469.46,C2280604092,35.71,0.0,C5413926081,163.84,633.3,0,0
426,PAYMENT,94.68,C5560640881,69.5,0.0,M721764741,141.69,236.37,0,0
101,PAYMENT,318.99,C2060886109,3164367.16,3164048.17,M876834287,4.85,323.84,0,0
541,PAYMENT,74.22,C4406858123,9.5,0.0,M996471801,1061.95,1136.17,0,0
639,CASH_OUT,442.5,C2408418888,12547.77,12105.27,M207451234,481.96,924.46,0,0
522,CASH_IN,383.26,C6420112604,2165.91,1782.65,C1630813882,10.68,393.94,0,0
106,CASH_IN,387.47,C3603495866,2323.21,1935.74,C5829018644,139.67,527.14,0,0
679,PAYMENT,336.77,C2211367819,76.14,0.0,M297453026,2163.06,2499.83,0,0
277,CASH_OUT,117.2,C1519155295,6799.84,6682.64,M211002232,20.48,137.68,0,0
65,TRANSFER,1235.33,C2076104102,11.66,0.0,C9595724404,59.05,1294.38,0,0
188,PAYMENT,757.35,C5184769847,319.17,0.0,M226461520,676.7,1434.05,0,0
317,CASH_OUT,701.03,C6450869742,1148.9,447.87,M554956788,1713.66,2414.69,0,0
138,PAYMENT,61.34,C8234999769,70129.85,70068.51,M257886333,10983.23,11044.57,0,0
343,CASH_IN,1551.02,C9019891251,5647.54,4096.52,C3649648099,1379561.21,1381112.23,0,0
105,CASH_IN,87.57,C2721537152,372.7,285.13,C8254046575,240.71,328.28,0,0
546,PAYMENT,141.81,C8994701146,546.05,404.24,M312408308,3.96,145.77,0,0
380,CASH_OUT,484.68,C6279098569,4598.23,4113.55,M478870519,5.78,490.46,0,0
110,PAYMENT,4025.12,C4835278694,52.98,0.0,M392688016,967557.83,971582.95,0,0
545,TRANSFER,36.03,C1294661835,17585.94,17549.91,C7194964902,263.5,299.53,0,0
354,CASH_OUT,55.85,C4767778883,865.19,809.34,M368119571,26033.83,26089.68,0,0
743,CASH_IN,7.96,C9824646108,122.98,115.02,C8168360524,2911.18,2919.14,0,0
317,PAYMENT,1110.34,C9833772302,33.54,0.0,M747777954,13.39,1123.73,0,0
266,CASH_IN,205.5,C1273189935,2.13,0.0,C9617716511,62.9,268.4,0,0
694,PAYMENT,942.77,C9006006967,87511.07,86568.3,M618869601,121730.4,122673.17,0,0
65,PAYMENT,793.52,C1222451208,9.81,0.0,M683195394,77.38,870.9,0,0
333,CASH_IN,1950.94,C5280401138,3636.62,1685.68,C5354853524,1066.4,3017.34,0,0
513,CASH_IN,404.59,C9677932644,3243.76,2839.17,C1438443267,421.25,825.84,0,0
133,CASH_OUT,97.65,C5642637545,333.02,235.37,M235718339,1.35,99.0,0,0
592,PAYMENT,641.64,C5668751896,826.01,184.37,M877115494,86804.34,87445.98,0,0
540,CASH_OUT,924.37,C2257075149,402.6,0.0,M853873536,13.08,937.45,0,0
735,CASH_OUT,201.0,C8035484871,1914.43,1713.43,M828277420,412.53,613.53,0,0
535,CASH_IN,483.8,C7433933060,414.57,0.0,C4190188358,37.16,520.96,0,0
496,CASH_OUT,27.38,C1585084080,532.17,504.79,M465336499,5069.35,5096.73,0,0
621,CASH_IN,31.66,C3516589779,891.66,860.0,C2084908543,580.44,612.1,0,0
619,PAYMENT,14.57,C9544868243,5231.75,5217.18,M954852139,16035.98,16050.55,0,0
657,DEBIT,718.46,C9605685855,4906.95,4188.49,M708759729,102153.71,102872.17,0,0
369,CASH_OUT,1772.12,C4921895911,802.68,0.0,M413001492,6312.29,8084.41,0,0
651,CASH_OUT,23.31,C5865225051,582.62,559.31,M949381654,1487.86,1511.17,0,0
99,CASH_OUT,556.81,C4734933493,4482.57,3925.76,M758885324,85.32,642.13,0,0
317,CASH_IN,986.66,C6435921257,127.82,0.0,C6022525473,130.21,1116.87,0,0
123,PAYMENT,181.52,C6877086589,59.5,0.0,M125574755,3530.38,3711.9,0,0
320,CASH_OUT,9927.84,C7831496818,38.32,0.0,M537228228,428.12,10355.96,0,0
593,CASH_IN,21.88,C9193914847,1994.09,1972.21,C9491527067,20342.25,20364.13,0,0
495,CASH_IN,189.59,C7590307903,16911.07,16721.48,C9922209953,21062.44,21252.03,0,0
457,CASH_IN,1.19,C4749122428,1309.19,1308.0,C7894042745,979.16,980.35,0,0
522,CASH_OUT,805.33,C6288381364,2122.49,1317.16,M369824818,54.06,859.39,0,0
520,PAYMENT,93.33,C4544268694,299.28,205.95,M774021975,261.06,354.39,0,0
717,CASH_IN,7.76,C5696161725,2102.28,2094.52,C8683257935,4412.76,4420.52,0,0
315,PAYMENT,1323.48,C3512423852,1544.18,220.7,M931859210,22.16,1345.64,0,0
709,CASH_OUT,294.79,C9895525208,3667.22,3372.43,M953931485,5281.28,5576.07,0,0
710,CASH_OUT,218.34,C6417168557,2.78,0.0,M247613989,54.44,272.78,0,0
542,TRANSFER,3846.34,C5811603122,3201.26,0.0,C7367216774,92.77,3939.11,0,0
479,CASH_OUT,84.57,C4611556458,5306.24,5221.67,M592708653,63.97,148.54,0,0
20,CASH_IN,1462.5,C2087146113,5001.4,3538.9,C2341787266,19.54,1482.04,0,0
560,PAYMENT,1955.89,C5510929500,809.9,0.0,M620714574,14875.9,16831.79,0,0
130,CASH_IN,130.97,C5340084845,88231.15,88100.18,C2539443056,951.19,1082.16,0,0
293,PAYMENT,410.32,C9271154871,11425.5,11015.18,M786267549,50.79,461.11,0,0
132,PAYMENT,11585.23,C5915643790,41318.02,29732.79,M392273914,108.42,11693.65,0,0
356,PAYMENT,53.54,C7438992410,3406.73,3353.19,M132080126,14643.72,14697.26,0,0
54,CASH_IN,1223.98,C4988448670,1099.84,0.0,C3178778340,216.32,1440.3,0,0
387,CASH_OUT,456.79,C1866276479,4813.1,4356.31,M594917604,2715.77,3172.56,0,0
265,CASH_IN,5122.35,C6291109829,229.27,0.0,C1566639413,242.11,5364.46,0,0
215,PAYMENT,377.11,C1772018599,8696.57,8319.46,M657003567,3111.55,3488.66,0,0
460,PAYMENT,1590.03,C8328334486,352.48,0.0,M638957651,54.95,1644.98,0,0
458,PAYMENT,16.43,C4815104155,251.39,234.96,M846317472,35.52,51.95,0,0
43,CASH_OUT,5.54,C6340234910,40.83,35.29,M935005018,330.49,336.03,0,0
586,CASH_IN,49.48,C5175685410,13561.94,13512.46,C4032093843,2400.81,2450.29,0,0
278,CASH_OUT,166.82,C9662751637,168633.48,168466.66,M963077985,135.64,302.46,0,0
130,TRANSFER,198.67,C5733389960,33529.57,33330.9,C6658081680,242.56,441.23,0,0
350,TRANSFER,3585.16,C9595553983,10431.49,6846.33,C6651869670,612.01,4197.17,0,0
706,CASH_OUT,183.83,C3953703293,11195.12,11011.29,M615388263,102.1,285.93,0,0
544,CASH_OUT,423.12,C2084567116,10273.2,9850.08,M712197964,73.08,496.2,0,0
106,PAYMENT,533.32,C2309289379,799.37,266.05,M896388939,650.84,1184.16,0,0
716,TRANSFER,114.09,C5496975587,422.61,308.52,C5158483778,10768.12,10882.21,0,0
1,PAYMENT,388.93,C5329088734,96.15,0.0,M139353127,68.25,457.18,0,0
584,PAYMENT,3302.13,C4404718567,115250.94,111948.81,M860919203,202.31,3504.44,0,0
432,CASH_IN,733.91,C3840732574,664.28,0.0,C1415990476,1248.92,1982.83,0,0
306,CASH_OUT,1321.36,C6937012687,1565.81,244.45,M453386809,694.74,2016.1,0,0
527,PAYMENT,785.59,C5595178166,66.15,0.0,M796499238,13466.14,14251.73,0,0
53,CASH_OUT,10875.29,C1307164201,158.38,0.0,M371130333,383.99,11259.28,0,0
520,PAYMENT,49.17,C6005905339,93.57,44.4,M132161899,13.44,62.61,0,0
330,CASH_OUT,59948.12,C9290206754,446.69,0.0,M331271907,21.21,59969.33,0,0
558,PAYMENT,2959.23,C2188704642,5400.26,2441.03,M465450660,9877.56,12836.79,0,0
325,CASH_IN,4256.82,C5139464635,3518.48,0.0,C6224058175,19.34,4276.16,0,0
114,PAYMENT,5540.88,C7717384011,4937.3,0.0,M837525273,278.72,5819.6,0,0
147,PAYMENT,3205.7,C6341344061,1053.94,0.0,M364410990,26.96,3232.66,0,0
166,CASH_OUT,30.56,C4960180345,7129.49,7098.93,M239706279,435.49,466.05,0,0
379,PAYMENT,41.85,C2141074961,758.56,716.71,M409437190,802.78,,0,0
139,CASH_OUT,1633.4,C8150437039,3429.7,1796.3,M627284827,908.61,2542.01,0,0
629,PAYMENT,1280.7,C9081030106,410.87,0.0,M892753543,307.15,1587.85,0,0
299,CASH_OUT,2372.27,C8351629395,17337.68,14965.41,M118333134,13.21,2385.48,0,0
276,CASH_OUT,442.88,C4341569541,117.04,0.0,M232825604,99.4,542.28,0,0
178,CASH_OUT,28.95,C2763533888,18331.44,18302.49,M714453472,87.97,116.92,0,0
354,CASH_OUT,323.68,C6927913512,2710.31,2386.63,M697765867,4840.02,5163.7,0,0
154,PAYMENT,1777.08,C5683947037,48673.22,46896.14,M306556408,93.07,1870.15,0,0
201,PAYMENT,243.14,C9216410842,210.26,0.0,M701819171,3.5,246.64,0,0
115,CASH_OUT,399.61,C8154239613,615.93,216.32,M405942527,3437.45,3837.06,0,0
671,PAYMENT,428.42,C3493317109,574.87,146.45,M721167728,1352.41,1780.83,0,0
554,PAYMENT,142.02,C5255041807,126.7,0.0,M904595130,83.92,225.94,0,0
68,PAYMENT,79.22,C3239514524,152019.91,151940.69,M553233272,17.7,96.92,0,0
445,CASH_IN,27357.64,C4856687760,184.76,0.0,C6500807061,128.24,27485.88,0,0
445,CASH_OUT,9110.66,C5066653985,108.74,0.0,M744822437,399.71,9510.37,0,0
326,CASH_OUT,3429.89,C5299356661,41381.82,37951.93,M690999089,1784.26,5214.15,0,0
708,PAYMENT,925.25,C6730393441,7448.09,6522.84,M976289494,34279.76,35205.01,0,0
602,TRANSFER,54.09,C7988858968,681.23,627.14,C3271092855,881.02,935.11,0,0
623,PAYMENT,2379.4,C8114371707,10.68,0.0,M442075348,2172.99,4552.39,0,0
359,CASH_IN,3754.16,C8365661231,79623.25,75869.09,C3081532948,7.61,3761.77,0,0
145,CASH_IN,202.56,C3676983886,142190.26,141987.7,C3327141748,25.91,228.47,0,0
275,PAYMENT,47.68,C7263183190,5044.12,4996.44,M243870965,6412.3,6459.98,0,0
509,PAYMENT,947.51,C3992530245,4031.5,3083.99,M100603564,15.25,962.76,0,0
179,PAYMENT,3414.65,C8284645796,1828.21,0.0,M801226303,60.22,3474.87,0,0
477,PAYMENT,112.16,C9363383230,374.6,262.44,M210006588,1047.48,1159.64,0,0
414,PAYMENT,1161.44,C9188009253,22592.86,21431.42,M498784820,1031.87,2193.31,0,0
153,CASH_IN,65.7,C2174754283,420.49,354.79,C9862625987,40.76,106.46,0,0
104,PAYMENT,41.54,C1361509459,4423.65,4382.11,M884613559,19641.12,19682.66,0,0
75,CASH_OUT,607.73,C2769932473,1891.97,1284.24,M842578268,23.62,631.35,0,0
128,CASH_IN,79.14,C4410990555,1064.77,985.63,C9412409800,853.27,932.41,0,0
711,PAYMENT,953.53,C9188063604,130.21,0.0,M245306916,32714.92,33668.45,0,0
666,TRANSFER,15.94,C3294665134,55.29,0.0,C3015638392,952.58,952.58,1,0
568,PAYMENT,72.67,C1082132188,3775.14,3702.47,M411735057,6.76,79.43,0,0
345,CASH_OUT,3159.63,C5183453849,372.67,0.0,M791749408,4191.4,7351.03,0,0
531,CASH_OUT,1611.68,C3590424846,1573.82,0.0,M977758220,252.51,1864.19,0,0
159,CASH_IN,932.7,C6039390960,1810.03,877.33,C1975940336,2326.8,3259.5,0,0
538,CASH_OUT,165.51,C3183208383,2377.89,2212.38,M390682663,13870.64,14036.15,0,0
426,CASH_IN,414.64,C3488743914,812.56,397.92,C4190362561,7.28,421.92,0,0
681,CASH_OUT,257.36,C9187407876,5546.46,5289.1,M715384171,1216.51,1473.87,0,0
23,CASH_IN,42939.58,C7200906156,893.96,0.0,C7598356747,8849.09,51788.67,0,0
47,CASH_IN,759.66,C9799353669,601.45,0.0,C5005759580,981.51,1741.17,0,0
525,CASH_IN,87.08,C7345575813,6952.21,6865.13,C3886970787,17606.26,17693.34,0,0
729,CASH_OUT,343.15,C6224058962,1172.32,829.17,M319580431,682.53,1025.68,0,0
706,PAYMENT,14.0,C6165877183,1959.93,1945.93,M521574727,27757.51,27771.51,0,0
144,CASH_OUT,8.96,C6080182810,11666.71,0.0,M824264456,6.75,6.75,1,0
585,CASH_OUT,7520.8,C7525559820,3150.69,0.0,M761402805,3861.79,11382.59,0,0
668,CASH_OUT,697.41,C5406740320,11268.07,10570.66,M240910481,0.73,698.14,0,0
589,CASH_IN,163.5,C2138482172,21.06,0.0,C1892698151,953.5,1117.0,0,0
419,CASH_OUT,382.59,C8165616333,812454.98,812072.39,M396153296,22.21,404.8,0,0
681,CASH_IN,327.56,C1852578841,6643.25,6315.69,C1753901383,3121.81,3449.37,0,0
85,CASH_OUT,461.82,C9261670531,4900.24,4438.42,M874314441,146.65,608.47,0,0
416,PAYMENT,4005.79,C3394081976,776.69,0.0,M110690690,519.22,4525.01,0,0
694,CASH_OUT,1177.18,C2676150811,25.79,0.0,M620075458,85.13,1262.31,0,0
482,CASH_IN,177.83,C8244655895,6612.33,6434.5,C9845321050,38240.68,38418.51,0,0
456,CASH_OUT,12.21,C6664395592,17547.44,17535.23,M705163227,241.94,254.15,0,0
297,CASH_IN,54.35,C7655318929,15.44,0.0,C9169939555,46.93,101.28,0,0
112,PAYMENT,1838.88,C3564782294,10043.43,8204.55,M950568188,9.81,1848.69,0,0
230,TRANSFER,9174.61,C2971557496,52053.27,42878.66,C8808253883,42.58,9217.19,0,0
96,CASH_OUT,69.69,C3852466015,47066.52,46996.83,M583382454,,101.04,0,0
680,PAYMENT,51.51,C8783738475,4138.43,4086.92,M691369860,409.49,461.0,0,0
378,CASH_IN,169.9,C8676577450,902.4,732.5,C4296878119,204.37,374.27,0,0
156,CASH_IN,14311.41,C5018625698,11727.66,0.0,C7603187263,1.74,14313.15,0,0
421,PAYMENT,542.07,C9657617492,3086.09,2544.02,M120446684,146.33,688.4,0,0
105,CASH_IN,87.84,C4023621223,2728.59,2640.75,C4985736818,1.38,89.22,0,0
705,CASH_OUT,195.93,C3499910020,293.78,97.85,M504178871,3317.83,3513.76,0,0
330,CASH_IN,140.28,C9447981514,19.44,0.0,C1903618106,244.59,384.87,0,0
439,CASH_OUT,1649.56,C2545706350,9346.97,7697.41,M170113790,14.77,1664.33,0,0
132,CASH_OUT,20069.64,C7466887301,487.36,0.0,M940263422,217.72,20287.36,0,0
382,PAYMENT,524.09,C4179848542,94.6,0.0,M691004967,4726.3,5250.39,0,0
138,CASH_IN,3595.76,C4583203319,68.0,0.0,C1336292334,210.11,3805.87,0,0
270,TRANSFER,27.33,C9401645552,696.63,669.3,C6908282441,480.57,507.9,0,0
550,PAYMENT,43565.08,C5029560926,51.55,0.0,M382582473,3399.79,46964.87,0,0
396,CASH_IN,27.71,C5370168419,16261.97,16234.26,C3571700883,94.48,122.19,0,0
557,PAYMENT,4553.69,C7996207338,4246.72,0.0,M723648811,42.56,4596.25,0,0
464,CASH_IN,794.13,C2149873033,17909.11,17114.98,C2824968616,45.37,839.5,0,0
675,CASH_OUT,32.58,C8812708671,83.34,50.76,M580583372,3213.34,3245.92,0,0
450,PAYMENT,2140.73,C9795099549,33.49,0.0,M586918022,685.37,2826.1,0,0
331,CASH_OUT,380.63,C8949478158,88657.11,88276.48,M191370261,1541.12,1921.75,0,0
253,CASH_OUT,65.14,C3522921258,148.23,83.09,M719088138,16.83,81.97,0,0
681,PAYMENT,412.18,C2827680658,1392.27,980.09,M841983756,26461.1,26873.28,0,0
285,CASH_IN,14.88,C1329767207,162.56,147.68,C9256371376,5582.52,5597.4,0,0
274,PAYMENT,153.74,C9910516587,140.47,0.0,M509999271,28.45,182.19,0,0
20,TRANSFER,58.62,C7862990029,4852.29,4793.67,C7826571486,1463.77,1522.39,0,0
239,CASH_IN,280.12,C9236144861,794.86,514.74,C8398098606,39.01,319.13,0,0
270,CASH_OUT,12.66,C9634348951,29265.51,29252.85,M352063553,7.83,20.49,0,0
418,PAYMENT,11.22,C4929637191,12.69,1.47,M880769452,1099.12,1110.34,0,0
310,PAYMENT,73.83,C6105771045,1048.98,975.15,M112529310,711.65,785.48,0,0
31,TRANSFER,373.67,C6509147789,305.5,0.0,C8032047884,1699.05,2072.72,0,0
104,TRANSFER,57.6,C8243854086,593.33,535.73,C5752702690,4127.85,4185.45,0,0
682,CASH_IN,1015.46,C9967374616,706.14,0.0,C1666808575,3038.53,4053.99,0,0
186,PAYMENT,1642.83,C2658856850,5474.9,3832.07,M333346850,512.96,2155.79,0,0
128,CASH_IN,74.57,C9445332650,689.81,615.24,C3804261458,336.65,411.22,0,0
210,CASH_OUT,6508.99,C5744289806,707.81,0.0,M540634951,10943.29,17452.28,0,0
414,CASH_OUT,220.13,C9823121599,85376.32,85156.19,M899005965,170.98,391.11,0,0
281,PAYMENT,15725.93,C1639171190,51.94,0.0,M327446114,6058.17,21784.1,0,0
253,CASH_IN,240.03,C7725269299,72.63,0.0,C3049035747,2.92,242.95,0,0
19,TRANSFER,42.81,C9370281295,113911.73,113868.92,C8013033663,98.2,141.01,0,0
712,CASH_OUT,4704.07,C8552673038,78615.14,73911.07,M138782428,356.73,5060.8,0,0
732,CASH_IN,50.26,C2897209299,12.39,0.0,C9259979530,1962.44,2012.7,0,0
136,CASH_IN,3926.13,C8437102384,232719.97,228793.84,C4599737748,3049.64,6975.77,0,0
223,PAYMENT,513.5,C4157981684,4662.69,4149.19,M307548767,5618.97,6132.47,0,0
3,CASH_OUT,132.72,C9480493209,186.54,53.82,M408040229,700.55,833.27,0,0
236,PAYMENT,86.76,C2046521711,1111.76,1025.0,M559123590,283.4,370.16,0,0
465,PAYMENT,339.51,C5235756972,374.77,35.26,M315596793,7046.15,7385.66,0,0
228,PAYMENT,1571.36,C4488022965,1098.43,0.0,M480957529,577.78,2149.14,0,0
654,PAYMENT,372.34,C3646117370,388.59,16.25,M134456410,9539.19,9911.53,0,0
499,CASH_IN,7777.71,C1324641777,57.77,0.0,C1222870452,1496.69,9274.4,0,0
521,CASH_OUT,38.42,C8996481954,40.26,1.84,M778946218,417.89,456.31,0,0
702,PAYMENT,332.54,C3124000154,1877.97,1545.43,M748003122,3920.94,4253.48,0,0
677,PAYMENT,3645.76,C5642702430,148.21,0.0,M792683395,801.7,4447.46,0,0
139,CASH_OUT,36.31,C8440267812,31.21,0.0,M887979649,761.45,797.76,0,0
276,TRANSFER,3230.94,C2022252377,4141.33,910.39,C6857661344,51.73,3282.67,0,0
291,CASH_OUT,419.72,C6023618282,4032.64,3612.92,M398831168,253.06,672.78,0,0
53,PAYMENT,502.82,C3746763360,4038.29,3535.47,M942176093,118.31,621.13,0,0
687,CASH_IN,204.57,C6983438142,1332.2,1127.63,C4085883225,769.87,974.44,0,0
110,CASH_OUT,35.95,C7127046998,122.55,86.6,M571262915,650.06,686.01,0,0
715,CASH_IN,344.6,C1839777681,22221.44,21876.84,C1082690202,262.49,607.09,0,0
648,PAYMENT,132.75,C9886703712,9932.79,9800.04,M996815416,289.21,421.96,0,0
4,CASH_OUT,8506.72,C4055991254,288762.91,280256.19,M115402125,,9740.06,0,0
667,CASH_IN,1119.73,C4141487120,25612.3,24492.57,C7282436223,4.99,1124.72,0,0
684,CASH_OUT,432.25,C6438806563,2431.36,1999.11,M266880648,10.54,442.79,0,0
47,PAYMENT,5627.82,C9821831616,90807.76,85179.94,M967244198,,5890.0,0,0
94,CASH_OUT,360.6,C7094069565,1319.09,958.49,M298284634,8882.02,9242.62,0,0
560,CASH_OUT,1645.44,C7481298883,1346.45,0.0,M646067974,14559.52,16204.96,0,0
213,CASH_IN,4139.89,C9600500010,974.12,0.0,C2239610858,10.27,4150.16,0,0
436,CASH_IN,234.03,C7038128001,311.03,77.0,C9352729790,1041379.49,1041613.52,0,0
508,CASH_OUT,962.84,C7095768664,285989.0,285026.16,M608365532,43.59,1006.43,0,0
651,PAYMENT,168.45,C9102687418,137.34,0.0,M451128678,34.08,202.53,0,0
205,CASH_IN,3993.27,C1284272811,17.39,0.0,C2014006932,1.2,3994.47,0,0
381,CASH_IN,382.04,C8980669608,341.78,0.0,C9284959881,79.31,461.35,0,0
73,PAYMENT,6255.65,C7616902934,2733.03,0.0,M457586702,173.07,6428.72,0,0
516,CASH_IN,600.47,C6464157027,283.63,0.0,C3127039092,18902.98,19503.45,0,0
76,PAYMENT,65625.84,C3376000894,450.86,0.0,M303597113,3099.92,68725.76,0,0
77,PAYMENT,98.07,C8407991272,9.0,0.0,M231992149,6385.9,6483.97,0,0
410,TRANSFER,2251.62,C8541202727,48.26,0.0,C4097400097,45539.4,47791.02,0,0
614,CASH_OUT,370.07,C1681523418,40.63,0.0,M400920261,106848.85,107218.92,0,0
106,CASH_OUT,257.18,C9446896666,8895.58,8638.4,M824016684,55112.17,55369.35,0,0
551,CASH_OUT,9.06,C7086881323,33.04,23.98,M122662559,1015.78,1024.84,0,0
476,CASH_OUT,466.64,C8723912388,216.02,0.0,M132110260,146.65,613.29,0,0
275,CASH_OUT,57.48,C2461978773,683.54,626.06,M911503461,5202.67,5260.15,0,0
88,CASH_IN,217.16,C7146243567,73.95,0.0,C2472216299,63.15,280.31,0,0
723,PAYMENT,62.18,C2426673586,2186.24,2124.06,M502515352,1864.09,1926.27,0,0
77,PAYMENT,81.26,C4203553205,3377.21,3295.95,M387312649,237.47,318.73,0,0
351,PAYMENT,940.9,C8182936226,654.33,0.0,M712413674,4465.37,5406.27,0,0
678,CASH_OUT,3445.3,C1991136848,67.2,0.0,M202268712,52.56,3497.86,0,0
128,CASH_IN,24.73,C8103755781,15943.11,15918.38,C1569812712,197.92,222.65,0,0
508,PAYMENT,1525.37,C9070037780,651.5,0.0,M443722471,189.12,1714.49,0,0
203,PAYMENT,5340.46,C6037763991,5943.19,602.73,M664927271,1388.99,6729.45,0,0
